left_score,right_score,left_rank,right_rank,in_left_top5pct,in_right_top5pct
99.60343876242105,92.9529036837771,1.0,6.0,True,False
99.12028564176914,91.82581909212331,2.0,7.0,True,False
97.05183682520047,91.41054463023617,4.0,8.0,True,False
97.69788585505435,90.10985863378895,3.0,9.0,True,False
96.31914737046411,89.4609487546923,5.0,11.0,True,False
94.85397625739031,100.62482485507634,6.0,2.0,False,True
93.84402533590492,101.106113517907,7.0,1.0,False,True
93.15191768388941,99.5254451666118,8.0,3.0,False,True
91.86616984889783,99.51952869483979,9.0,4.0,False,True
90.88704556941839,99.01737391378722,10.0,5.0,False,True
90.36003391000456,89.95905677778453,11.0,10.0,False,False
89.25735260288688,88.11332802346838,12.0,12.0,False,False
87.9679360321829,88.02530938152378,13.0,13.0,False,False
86.95726171840707,86.65142414074603,14.0,14.0,False,False
86.08045816133283,86.06686955765007,15.0,15.0,False,False
84.69299080274055,85.52514081376009,16.0,16.0,False,False
83.79812486767186,83.24670396512568,17.0,18.0,False,False
83.27413009010321,83.6565287584306,18.0,17.0,False,False
81.93475860342957,82.40769237563383,19.0,19.0,False,False
80.31278691216164,80.54315503161742,20.0,20.0,False,False
79.7613606401834,80.32061471976888,21.0,21.0,False,False
79.32831080264677,79.09912966336506,22.0,22.0,False,False
77.88385861395837,77.54310376158995,23.0,23.0,False,False
76.92563359488184,77.44512499416243,24.0,24.0,False,False
76.32091831408562,76.68106832501455,25.0,25.0,False,False
75.91230515245772,76.60749422353402,26.0,26.0,False,False
73.64340566406585,73.7495504529716,28.0,28.0,False,False
73.67410340671705,74.48588496650237,27.0,27.0,False,False
71.38499361233006,71.24395348218779,29.0,29.0,False,False
71.08748881137019,70.55732423328736,30.0,30.0,False,False
69.4152352402438,68.39669064148559,32.0,33.0,False,False
69.6757290922521,69.12502844721003,31.0,31.0,False,False
68.41696149835913,68.82621325140286,33.0,32.0,False,False
67.56885839232753,66.83639404831159,34.0,34.0,False,False
65.55723342272225,65.33105129662503,35.0,36.0,False,False
65.34227751274237,66.39556949166325,36.0,35.0,False,False
63.740493335085255,64.16389130632629,37.0,37.0,False,False
62.77130734442403,63.666799622998134,38.0,38.0,False,False
62.25326853969936,61.75748744596796,39.0,39.0,False,False
61.43835908623436,60.20837160037619,40.0,41.0,False,False
60.10221010770269,60.86040057625347,41.0,40.0,False,False
58.6860064494947,57.97753518077461,42.0,42.0,False,False
57.587091739558495,57.632553509199695,44.0,44.0,False,False
57.722158512912614,57.8307051287391,43.0,43.0,False,False
56.296972955356146,55.82252474917399,45.0,47.0,False,False
55.3598639682142,56.136180500840105,46.0,45.0,False,False
55.091744071356416,55.86641283599301,47.0,46.0,False,False
52.59206852568217,52.867790612792255,49.0,49.0,False,False
53.27972889920292,53.26498356928536,48.0,48.0,False,False
52.57545406676992,52.67117248323762,50.0,50.0,False,False
50.809206560130065,50.261252554093666,51.0,51.0,False,False
49.41355326577762,49.29402138694616,52.0,52.0,False,False
47.66808902255484,47.615622449284665,53.0,53.0,False,False
47.49724281391011,47.07112638835605,54.0,54.0,False,False
45.778653925448246,46.2032613593165,55.0,55.0,False,False
44.989174605105056,44.27593390779524,56.0,56.0,False,False
43.85478341130513,43.628073923153615,57.0,57.0,False,False
43.14191497824552,42.015476070966685,58.0,59.0,False,False
42.644038857721696,42.892448109847564,59.0,58.0,False,False
40.72220797106675,41.09351070813981,60.0,60.0,False,False
39.50729808318486,39.81794426477882,61.0,62.0,False,False
38.49852172412526,39.95756502800202,62.0,61.0,False,False
37.51586133639106,37.98575686327185,63.0,63.0,False,False
36.284448508101825,35.81345316363173,64.0,65.0,False,False
35.54353296253034,36.87530306602744,66.0,64.0,False,False
35.64663280825723,35.186473821570836,65.0,66.0,False,False
33.7033440158805,34.09771330040506,67.0,67.0,False,False
33.12855382894319,33.50011764133395,68.0,68.0,False,False
31.39155301695544,30.95169150757305,69.0,70.0,False,False
31.08482528995022,31.78249960444251,70.0,69.0,False,False
29.129609275735223,29.30690613510864,71.0,71.0,False,False
28.65062205126016,28.936099346586598,73.0,72.0,False,False
29.12726946356413,28.789402965434018,72.0,73.0,False,False
26.708515154511606,27.35983184071863,74.0,74.0,False,False
26.55998819269569,26.12951921135503,75.0,75.0,False,False
25.2275270625606,24.337947395694645,76.0,77.0,False,False
23.923507111387632,24.6360706012987,77.0,76.0,False,False
22.673946589347526,22.460582195877716,78.0,79.0,False,False
22.643454699206725,22.665139742749258,79.0,78.0,False,False
20.91130827029856,21.872686747129922,80.0,80.0,False,False
20.763712239135874,21.331957913225903,81.0,81.0,False,False
18.640460485002816,18.956815042968362,82.0,82.0,False,False
18.028669493695602,18.56362640815325,83.0,83.0,False,False
17.23274956339523,16.868995218152282,84.0,84.0,False,False
16.18658008651409,16.56312438113467,85.0,85.0,False,False
14.383099244075568,14.938067801428993,86.0,86.0,False,False
13.66796863377851,14.045679761617839,87.0,87.0,False,False
12.902009893316931,12.799942578874465,88.0,88.0,False,False
11.573150345337877,9.69944341627243,89.0,91.0,False,False
11.33866255444002,11.617313810054705,90.0,89.0,False,False
10.2940095906794,10.351447812834968,91.0,90.0,False,False
8.021457772910871,7.836680967344926,92.0,92.0,False,False
7.097372964363331,7.486422277180077,93.0,93.0,False,False
6.359218361590102,6.492069851562704,94.0,94.0,False,False
6.058629765073201,6.160607635821925,95.0,95.0,False,False
6.016586265019402,5.27479077754157,96.0,96.0,False,False
3.808821774766042,3.0791604978594656,97.0,98.0,False,False
3.125325274941487,3.3105932885977976,98.0,97.0,False,False
1.468444147540189,1.5064727039238974,99.0,99.0,False,False
0.47658189203816115,0.5459523383807547,100.0,100.0,False,False
