panel,metric,fraction,method,n_selected,kendall_tau,kendall_tau_ci95_low,kendall_tau_ci95_high,nAUCC,nAUCC_ci95_low,nAUCC_ci95_high,permuted_mean_naucc,permutation_pvalue,note
P0,F1_Frobenius,0.1,dual_high,58,0.035119602738988814,-0.19289176728391083,0.23934316482435627,-0.04579650965603431,-0.11799824532493625,0.04366761404497252,,,both sources exceed min-quantile threshold
P0,F1_Frobenius,0.1,jarvis_anchor,57,0.2092731829573935,-0.061845286280429075,0.37381773657631157,0.05325702431286598,-0.06075469390159039,0.1907027555479821,,,"top fraction by JARVIS, evaluated on MP"
P0,F1_Frobenius,0.1,mp_anchor,57,-0.053274838090777654,-0.234746375988784,0.137224198949289,-0.018153086550734897,-0.10402133589674552,0.08973601684743417,,,"top fraction by MP, evaluated on JARVIS"
P0,F1_Frobenius,0.1,pooled_exploratory,58,,,,-0.15465988347349968,,,-0.18814693689746925,0.005,legacy pooled selection; exploratory only
P0,F1_Frobenius,0.25,dual_high,143,0.06955322608867702,-0.04632252589186558,0.18130687379177537,0.03101514181404255,-0.033531720993610396,0.10230980477745272,,,both sources exceed min-quantile threshold
P0,F1_Frobenius,0.25,jarvis_anchor,143,-0.019406955356482507,-0.14088872246799175,0.10515814389620524,-0.005916748938789369,-0.07004142408368996,0.07019201199495244,,,"top fraction by JARVIS, evaluated on MP"
P0,F1_Frobenius,0.25,mp_anchor,143,0.03861498305427609,-0.08250861038173894,0.15432057699258014,0.006713243437521823,-0.052226087432960984,0.07785368174410068,,,"top fraction by MP, evaluated on JARVIS"
P0,F1_Frobenius,0.25,pooled_exploratory,144,,,,-0.1003515613989583,,,-0.14258024019502946,0.005,legacy pooled selection; exploratory only
P0,F3_Longitudinal,0.1,dual_high,58,0.042360062453398364,-0.13757993136046173,0.21420482543515904,-0.039437908865108784,-0.107255769475364,0.07175763115384085,,,both sources exceed min-quantile threshold
P0,F3_Longitudinal,0.1,jarvis_anchor,57,0.2380952380952381,-0.009267764084306572,0.4189173000825576,0.03457610439332823,-0.06541295807940486,0.21497321385175708,,,"top fraction by JARVIS, evaluated on MP"
P0,F3_Longitudinal,0.1,mp_anchor,57,-0.16483861668087674,-0.33801523222938484,0.009873857314917833,-0.05726565940125891,-0.12989405631945333,0.041057155948216295,,,"top fraction by MP, evaluated on JARVIS"
P0,F3_Longitudinal,0.1,pooled_exploratory,58,,,,-0.13899913093576616,,,-0.18576884370682853,0.005,legacy pooled selection; exploratory only
P0,F3_Longitudinal,0.25,dual_high,143,0.07014432999311336,-0.05950011121572023,0.19746415079592897,0.02288269989045955,-0.03853343675042444,0.0906071502031933,,,both sources exceed min-quantile threshold
P0,F3_Longitudinal,0.25,jarvis_anchor,143,-0.031622500860055254,-0.1664398028963529,0.10472340908264373,-0.02288102990651696,-0.09019884824667991,0.05939915039761611,,,"top fraction by JARVIS, evaluated on MP"
P0,F3_Longitudinal,0.25,mp_anchor,143,-0.015564202353509238,-0.13441876581712794,0.09624837441580968,-0.01628898263494574,-0.07862871620248132,0.04823535390256873,,,"top fraction by MP, evaluated on JARVIS"
P0,F3_Longitudinal,0.25,pooled_exploratory,144,,,,-0.10959763838705221,,,-0.1575969495294352,0.005,legacy pooled selection; exploratory only
P0,F4_KelvinOp,0.1,dual_high,58,0.06715063520871142,-0.10612564878892736,0.24406854078264964,-0.0518523084167368,-0.12362241025803412,0.05023203151130072,,,both sources exceed min-quantile threshold
P0,F4_KelvinOp,0.1,jarvis_anchor,57,0.1779448621553885,-0.12478602804935557,0.37604923435518456,0.04445443780792309,-0.0539189919425291,0.17062512653738524,,,"top fraction by JARVIS, evaluated on MP"
P0,F4_KelvinOp,0.1,mp_anchor,57,-0.09088060615485599,-0.2656220516549537,0.10021789848413404,-0.03577839539151682,-0.1149191501135414,0.08209948688166877,,,"top fraction by MP, evaluated on JARVIS"
P0,F4_KelvinOp,0.1,pooled_exploratory,58,,,,-0.14271467405041796,,,-0.18603621196679163,0.005,legacy pooled selection; exploratory only
P0,F4_KelvinOp,0.25,dual_high,143,0.09181813982244615,-0.018897594776970686,0.2027748631653944,0.02462907362628544,-0.03855992641865699,0.10062871195290658,,,both sources exceed min-quantile threshold
P0,F4_KelvinOp,0.25,jarvis_anchor,143,-0.038815823057986885,-0.16451302655950584,0.09486957389620428,-0.02023748877992009,-0.09219097201367817,0.05897609770393684,,,"top fraction by JARVIS, evaluated on MP"
P0,F4_KelvinOp,0.25,mp_anchor,143,0.045904546181869024,-0.08097728894765988,0.17213004341158633,0.017256216706273402,-0.0497523872733686,0.08952109535506847,,,"top fraction by MP, evaluated on JARVIS"
P0,F4_KelvinOp,0.25,pooled_exploratory,144,,,,-0.09416348718123424,,,-0.15774976083498307,0.005,legacy pooled selection; exploratory only
P2,F1_Frobenius,0.1,dual_high,21,-0.1142857142857143,-0.3832135154565061,0.22633938970416956,-0.0915219739078528,-0.17216043625709282,0.08141477555839918,,,both sources exceed min-quantile threshold
P2,F1_Frobenius,0.1,jarvis_anchor,20,0.4105263157894737,-0.07421337266470009,0.6426193973960131,0.10979435331716479,-0.07094465747769646,0.45998080363419724,,,"top fraction by JARVIS, evaluated on MP"
P2,F1_Frobenius,0.1,mp_anchor,20,-0.08971007480535134,-0.5125080128205127,0.3166967523189386,0.07736596954444556,-0.14328081608318033,0.2946047740540591,,,"top fraction by MP, evaluated on JARVIS"
P2,F1_Frobenius,0.1,pooled_exploratory,21,,,,-0.12122328553903595,,,-0.18707608226953057,0.01,legacy pooled selection; exploratory only
P2,F1_Frobenius,0.25,dual_high,52,0.08374199011483059,-0.11002083348250305,0.29150258504058735,-0.011178357289754835,-0.0926326563881461,0.13270754392079065,,,both sources exceed min-quantile threshold
P2,F1_Frobenius,0.25,jarvis_anchor,51,0.014901960784313727,-0.18183929074021957,0.1970863950394258,0.0005626585502892647,-0.09719469936998902,0.15001741793993573,,,"top fraction by JARVIS, evaluated on MP"
P2,F1_Frobenius,0.25,mp_anchor,51,0.16790899683650456,-0.015135628182544695,0.35179426497796973,0.053100541309403525,-0.06507739732565863,0.20769176550005258,,,"top fraction by MP, evaluated on JARVIS"
P2,F1_Frobenius,0.25,pooled_exploratory,52,,,,-0.12199987915299894,,,-0.1388156911212271,0.035,legacy pooled selection; exploratory only
P2,F3_Longitudinal,0.1,dual_high,21,-0.1523809523809524,-0.5026008819156028,0.19004797979797955,-0.1205969717072096,-0.17706719409502003,0.02753255381335567,,,both sources exceed min-quantile threshold
P2,F3_Longitudinal,0.1,jarvis_anchor,20,0.15789473684210525,-0.2500584112149533,0.5135135135135136,0.10809210453005948,-0.09767279689033177,0.4481920078727208,,,"top fraction by JARVIS, evaluated on MP"
P2,F3_Longitudinal,0.1,mp_anchor,20,-0.01583118967153259,-0.3540470948973976,0.30869162232916136,-0.014034958097014107,-0.16641682490426854,0.2945722568917744,,,"top fraction by MP, evaluated on JARVIS"
P2,F3_Longitudinal,0.1,pooled_exploratory,21,,,,-0.13115827461483423,,,-0.19133118652495973,0.005,legacy pooled selection; exploratory only
P2,F3_Longitudinal,0.25,dual_high,52,-0.0693815987933635,-0.26402951575710987,0.1449114767633876,-0.08275483137163236,-0.14009427609583358,0.01709767096679745,,,both sources exceed min-quantile threshold
P2,F3_Longitudinal,0.25,jarvis_anchor,51,-0.08078431372549022,-0.30617023664464826,0.127742671710211,-0.04165667903083872,-0.13375745537614755,0.11550606102495292,,,"top fraction by JARVIS, evaluated on MP"
P2,F3_Longitudinal,0.25,mp_anchor,51,-0.009415457766532966,-0.17991528852722716,0.1737623955776354,-0.02016716262308247,-0.10925206636676774,0.10996996156812654,,,"top fraction by MP, evaluated on JARVIS"
P2,F3_Longitudinal,0.25,pooled_exploratory,52,,,,-0.135727540831975,,,-0.1733412831733372,0.01,legacy pooled selection; exploratory only
P2,F4_KelvinOp,0.1,dual_high,21,-0.1142857142857143,-0.43600000000000005,0.2438090161437708,-0.13435026767718183,-0.18980946004343158,0.010671882976741643,,,both sources exceed min-quantile threshold
P2,F4_KelvinOp,0.1,jarvis_anchor,20,0.2736842105263158,-0.15794736842105264,0.580168174367069,0.09039928792961399,-0.07097417484871328,0.390484397417695,,,"top fraction by JARVIS, evaluated on MP"
P2,F4_KelvinOp,0.1,mp_anchor,20,0.1319265805961049,-0.20411815697805888,0.47695973568201044,0.010250814127461275,-0.13263472400483414,0.4595894292685563,,,"top fraction by MP, evaluated on JARVIS"
P2,F4_KelvinOp,0.1,pooled_exploratory,21,,,,-0.07290436890991976,,,-0.1901173225742892,0.005,legacy pooled selection; exploratory only
P2,F4_KelvinOp,0.25,dual_high,52,0.06563561387378614,-0.11856472351649279,0.2594448725525496,-0.03553881336057932,-0.11703620680129229,0.0857114272636186,,,both sources exceed min-quantile threshold
P2,F4_KelvinOp,0.25,jarvis_anchor,51,-0.014901960784313727,-0.20671638740864462,0.17065705635352849,-0.02161658536243058,-0.12295244540461453,0.13335905612622473,,,"top fraction by JARVIS, evaluated on MP"
P2,F4_KelvinOp,0.25,mp_anchor,51,0.10670852135404028,-0.09853701371426211,0.2957163569267527,0.020899459120979028,-0.08675345420473186,0.1605326923570772,,,"top fraction by MP, evaluated on JARVIS"
P2,F4_KelvinOp,0.25,pooled_exploratory,52,,,,-0.11478574977973503,,,-0.17461517588115671,0.01,legacy pooled selection; exploratory only
