strategy,delta_type,point,ci95_low,ci95_high,n_boot,seed,panel,metric,budget_factor
jarvis_only,delta_j,0.0,0.0,0.0,2000,2051,P0,F1_Frobenius,1.0
jarvis_only,delta_m,0.0,0.0,0.0,2000,2051,P0,F1_Frobenius,1.0
jarvis_only,delta_best,0.0,0.0,0.0,2000,2051,P0,F1_Frobenius,1.0
mp_only,delta_j,0.0,0.0,0.0,2000,2051,P0,F1_Frobenius,1.0
mp_only,delta_m,0.0,0.0,0.0,2000,2051,P0,F1_Frobenius,1.0
mp_only,delta_best,0.0,0.0,0.0,2000,2051,P0,F1_Frobenius,1.0
average_percentile,delta_j,0.3157894736842105,0.1724137931034483,0.36206896551724144,2000,2051,P0,F1_Frobenius,1.0
average_percentile,delta_m,0.3157894736842105,0.1724137931034483,0.36206896551724144,2000,2051,P0,F1_Frobenius,1.0
average_percentile,delta_best,0.3157894736842105,0.1724137931034483,0.36206896551724144,2000,2051,P0,F1_Frobenius,1.0
borda_count,delta_j,0.3157894736842105,0.1724137931034483,0.36206896551724144,2000,2051,P0,F1_Frobenius,1.0
borda_count,delta_m,0.3157894736842105,0.1724137931034483,0.36206896551724144,2000,2051,P0,F1_Frobenius,1.0
borda_count,delta_best,0.3157894736842105,0.1724137931034483,0.36206896551724144,2000,2051,P0,F1_Frobenius,1.0
maximin_percentile,delta_j,0.24561403508771928,0.10714285714285715,0.2857142857142857,2000,2051,P0,F1_Frobenius,1.0
maximin_percentile,delta_m,0.24561403508771928,0.10714285714285715,0.2857142857142857,2000,2051,P0,F1_Frobenius,1.0
maximin_percentile,delta_best,0.24561403508771928,0.10714285714285715,0.2857142857142857,2000,2051,P0,F1_Frobenius,1.0
intersection_first,delta_j,0.3157894736842105,0.1724137931034483,0.36206896551724144,2000,2051,P0,F1_Frobenius,1.0
intersection_first,delta_m,0.3157894736842105,0.1724137931034483,0.36206896551724144,2000,2051,P0,F1_Frobenius,1.0
intersection_first,delta_best,0.3157894736842105,0.1724137931034483,0.36206896551724144,2000,2051,P0,F1_Frobenius,1.0
balanced_union,delta_j,0.38596491228070173,0.2727272727272727,0.44067796610169485,2000,2051,P0,F1_Frobenius,1.0
balanced_union,delta_m,0.38596491228070173,0.2727272727272727,0.44067796610169485,2000,2051,P0,F1_Frobenius,1.0
balanced_union,delta_best,0.38596491228070173,0.2727272727272727,0.44067796610169485,2000,2051,P0,F1_Frobenius,1.0
disagreement_abstention,delta_j,0.3157894736842105,0.1724137931034483,0.36206896551724144,2000,2051,P0,F1_Frobenius,1.0
disagreement_abstention,delta_m,0.3157894736842105,0.1724137931034483,0.36206896551724144,2000,2051,P0,F1_Frobenius,1.0
disagreement_abstention,delta_best,0.3157894736842105,0.1724137931034483,0.36206896551724144,2000,2051,P0,F1_Frobenius,1.0
minimax_oracle,delta_j,0.3333333333333333,0.25,0.41379310344827586,2000,2051,P0,F1_Frobenius,1.0
minimax_oracle,delta_m,0.3333333333333333,0.25,0.41379310344827586,2000,2051,P0,F1_Frobenius,1.0
minimax_oracle,delta_best,0.3333333333333333,0.25,0.41379310344827586,2000,2051,P0,F1_Frobenius,1.0
jarvis_only,delta_j,0.0,0.0,0.0,2000,2051,P0,F1_Frobenius,1.5
jarvis_only,delta_m,0.05263157894736842,-0.10344827586206895,0.1272727272727273,2000,2051,P0,F1_Frobenius,1.5
jarvis_only,delta_best,0.0,-0.10344827586206895,0.0,2000,2051,P0,F1_Frobenius,1.5
mp_only,delta_j,-0.05263157894736842,-0.1272727272727273,0.10344827586206895,2000,2051,P0,F1_Frobenius,1.5
mp_only,delta_m,0.0,0.0,0.0,2000,2051,P0,F1_Frobenius,1.5
mp_only,delta_best,-0.05263157894736842,-0.1272727272727273,0.0,2000,2051,P0,F1_Frobenius,1.5
average_percentile,delta_j,0.24561403508771928,0.10526315789473684,0.3966379310344823,2000,2051,P0,F1_Frobenius,1.5
average_percentile,delta_m,0.2982456140350877,0.16666666666666669,0.38464912280701735,2000,2051,P0,F1_Frobenius,1.5
average_percentile,delta_best,0.24561403508771928,0.10526315789473684,0.35714285714285715,2000,2051,P0,F1_Frobenius,1.5
borda_count,delta_j,0.24561403508771928,0.10526315789473684,0.39655172413793105,2000,2051,P0,F1_Frobenius,1.5
borda_count,delta_m,0.2982456140350877,0.16666666666666669,0.38464912280701735,2000,2051,P0,F1_Frobenius,1.5
borda_count,delta_best,0.24561403508771928,0.10526315789473684,0.35714285714285715,2000,2051,P0,F1_Frobenius,1.5
maximin_percentile,delta_j,0.17543859649122806,0.03508771929824561,0.3035714285714286,2000,2051,P0,F1_Frobenius,1.5
maximin_percentile,delta_m,0.22807017543859648,0.08771929824561403,0.2857142857142857,2000,2051,P0,F1_Frobenius,1.5
maximin_percentile,delta_best,0.17543859649122806,0.03448275862068961,0.2592592592592593,2000,2051,P0,F1_Frobenius,1.5
intersection_first,delta_j,0.24561403508771928,0.10526315789473684,0.3966379310344823,2000,2051,P0,F1_Frobenius,1.5
intersection_first,delta_m,0.2982456140350877,0.16666666666666669,0.38464912280701735,2000,2051,P0,F1_Frobenius,1.5
intersection_first,delta_best,0.24561403508771928,0.10526315789473684,0.35714285714285715,2000,2051,P0,F1_Frobenius,1.5
balanced_union,delta_j,0.5087719298245614,0.4166666666666667,0.625,2000,2051,P0,F1_Frobenius,1.5
balanced_union,delta_m,0.5614035087719298,0.44642857142857145,0.6296296296296297,2000,2051,P0,F1_Frobenius,1.5
balanced_union,delta_best,0.5087719298245614,0.41071428571428575,0.6000000000000001,2000,2051,P0,F1_Frobenius,1.5
disagreement_abstention,delta_j,0.24561403508771928,0.10526315789473684,0.3966379310344823,2000,2051,P0,F1_Frobenius,1.5
disagreement_abstention,delta_m,0.2982456140350877,0.16666666666666669,0.38464912280701735,2000,2051,P0,F1_Frobenius,1.5
disagreement_abstention,delta_best,0.24561403508771928,0.10526315789473684,0.35714285714285715,2000,2051,P0,F1_Frobenius,1.5
minimax_oracle,delta_j,0.3157894736842105,0.22947224618924358,0.456140350877193,2000,2051,P0,F1_Frobenius,1.5
minimax_oracle,delta_m,0.3684210526315789,0.25000000000000006,0.4577605147520394,2000,2051,P0,F1_Frobenius,1.5
minimax_oracle,delta_best,0.3157894736842105,0.22413793103448276,0.4262880562060887,2000,2051,P0,F1_Frobenius,1.5
jarvis_only,delta_j,0.0,0.0,0.0,2000,2051,P0,F1_Frobenius,2.0
jarvis_only,delta_m,0.017543859649122806,-0.12068965517241381,0.16987638256343493,2000,2051,P0,F1_Frobenius,2.0
jarvis_only,delta_best,0.0,-0.12068965517241381,0.0,2000,2051,P0,F1_Frobenius,2.0
mp_only,delta_j,-0.017543859649122806,-0.16987638256343526,0.12068965517241381,2000,2051,P0,F1_Frobenius,2.0
mp_only,delta_m,0.0,0.0,0.0,2000,2051,P0,F1_Frobenius,2.0
mp_only,delta_best,-0.017543859649122806,-0.16987638256343526,0.0,2000,2051,P0,F1_Frobenius,2.0
average_percentile,delta_j,0.24561403508771934,0.07017543859649122,0.3928571428571429,2000,2051,P0,F1_Frobenius,2.0
average_percentile,delta_m,0.26315789473684215,0.15789473684210525,0.39285714285714285,2000,2051,P0,F1_Frobenius,2.0
average_percentile,delta_best,0.24561403508771934,0.07017543859649122,0.3508771929824561,2000,2051,P0,F1_Frobenius,2.0
borda_count,delta_j,0.24561403508771934,0.07017543859649122,0.3928571428571429,2000,2051,P0,F1_Frobenius,2.0
borda_count,delta_m,0.26315789473684215,0.15789473684210525,0.39285714285714285,2000,2051,P0,F1_Frobenius,2.0
borda_count,delta_best,0.24561403508771934,0.07017543859649122,0.3508771929824561,2000,2051,P0,F1_Frobenius,2.0
maximin_percentile,delta_j,0.15789473684210525,0.0,0.26666666666666666,2000,2051,P0,F1_Frobenius,2.0
maximin_percentile,delta_m,0.17543859649122806,0.06896551724137928,0.2727272727272727,2000,2051,P0,F1_Frobenius,2.0
maximin_percentile,delta_best,0.15789473684210525,0.0,0.22807017543859653,2000,2051,P0,F1_Frobenius,2.0
intersection_first,delta_j,0.24561403508771934,0.07017543859649122,0.3928571428571429,2000,2051,P0,F1_Frobenius,2.0
intersection_first,delta_m,0.26315789473684215,0.15789473684210525,0.39285714285714285,2000,2051,P0,F1_Frobenius,2.0
intersection_first,delta_best,0.24561403508771934,0.07017543859649122,0.3508771929824561,2000,2051,P0,F1_Frobenius,2.0
balanced_union,delta_j,0.6666666666666667,0.5254028896915809,0.7777777777777778,2000,2051,P0,F1_Frobenius,2.0
balanced_union,delta_m,0.6842105263157895,0.5454545454545454,0.8135907093534211,2000,2051,P0,F1_Frobenius,2.0
balanced_union,delta_best,0.6666666666666667,0.509090909090909,0.7586206896551724,2000,2051,P0,F1_Frobenius,2.0
disagreement_abstention,delta_j,0.24561403508771934,0.07017543859649122,0.3928571428571429,2000,2051,P0,F1_Frobenius,2.0
disagreement_abstention,delta_m,0.26315789473684215,0.15789473684210525,0.39285714285714285,2000,2051,P0,F1_Frobenius,2.0
disagreement_abstention,delta_best,0.24561403508771934,0.07017543859649122,0.3508771929824561,2000,2051,P0,F1_Frobenius,2.0
minimax_oracle,delta_j,0.3333333333333333,0.23636363636363633,0.46551724137931033,2000,2051,P0,F1_Frobenius,2.0
minimax_oracle,delta_m,0.3508771929824561,0.23728813559322037,0.5172567733990148,2000,2051,P0,F1_Frobenius,2.0
minimax_oracle,delta_best,0.3333333333333333,0.21808441558441555,0.44067796610169485,2000,2051,P0,F1_Frobenius,2.0
jarvis_only,delta_j,0.0,0.0,0.0,2000,2051,P0,F3_Longitudinal,1.0
jarvis_only,delta_m,0.0,0.0,0.0,2000,2051,P0,F3_Longitudinal,1.0
jarvis_only,delta_best,0.0,0.0,0.0,2000,2051,P0,F3_Longitudinal,1.0
mp_only,delta_j,0.0,0.0,0.0,2000,2051,P0,F3_Longitudinal,1.0
mp_only,delta_m,0.0,0.0,0.0,2000,2051,P0,F3_Longitudinal,1.0
mp_only,delta_best,0.0,0.0,0.0,2000,2051,P0,F3_Longitudinal,1.0
average_percentile,delta_j,0.3157894736842105,0.17857142857142858,0.3684210526315789,2000,2051,P0,F3_Longitudinal,1.0
average_percentile,delta_m,0.3157894736842105,0.17857142857142858,0.3684210526315789,2000,2051,P0,F3_Longitudinal,1.0
average_percentile,delta_best,0.3157894736842105,0.17857142857142858,0.3684210526315789,2000,2051,P0,F3_Longitudinal,1.0
borda_count,delta_j,0.3157894736842105,0.17857142857142858,0.3684210526315789,2000,2051,P0,F3_Longitudinal,1.0
borda_count,delta_m,0.3157894736842105,0.17857142857142858,0.3684210526315789,2000,2051,P0,F3_Longitudinal,1.0
borda_count,delta_best,0.3157894736842105,0.17857142857142858,0.3684210526315789,2000,2051,P0,F3_Longitudinal,1.0
maximin_percentile,delta_j,0.21052631578947367,0.1111111111111111,0.2857142857142857,2000,2051,P0,F3_Longitudinal,1.0
maximin_percentile,delta_m,0.21052631578947367,0.1111111111111111,0.2857142857142857,2000,2051,P0,F3_Longitudinal,1.0
maximin_percentile,delta_best,0.21052631578947367,0.1111111111111111,0.2857142857142857,2000,2051,P0,F3_Longitudinal,1.0
intersection_first,delta_j,0.3157894736842105,0.17857142857142858,0.3684210526315789,2000,2051,P0,F3_Longitudinal,1.0
intersection_first,delta_m,0.3157894736842105,0.17857142857142858,0.3684210526315789,2000,2051,P0,F3_Longitudinal,1.0
intersection_first,delta_best,0.3157894736842105,0.17857142857142858,0.3684210526315789,2000,2051,P0,F3_Longitudinal,1.0
balanced_union,delta_j,0.3859649122807018,0.2981968810916179,0.4528730703259003,2000,2051,P0,F3_Longitudinal,1.0
balanced_union,delta_m,0.3859649122807018,0.2981968810916179,0.4528730703259003,2000,2051,P0,F3_Longitudinal,1.0
balanced_union,delta_best,0.3859649122807018,0.2981968810916179,0.4528730703259003,2000,2051,P0,F3_Longitudinal,1.0
disagreement_abstention,delta_j,0.3157894736842105,0.17857142857142858,0.3684210526315789,2000,2051,P0,F3_Longitudinal,1.0
disagreement_abstention,delta_m,0.3157894736842105,0.17857142857142858,0.3684210526315789,2000,2051,P0,F3_Longitudinal,1.0
disagreement_abstention,delta_best,0.3157894736842105,0.17857142857142858,0.3684210526315789,2000,2051,P0,F3_Longitudinal,1.0
minimax_oracle,delta_j,0.3157894736842105,0.25851880877742944,0.4067796610169491,2000,2051,P0,F3_Longitudinal,1.0
minimax_oracle,delta_m,0.3157894736842105,0.25851880877742944,0.4067796610169491,2000,2051,P0,F3_Longitudinal,1.0
minimax_oracle,delta_best,0.3157894736842105,0.25851880877742944,0.4067796610169491,2000,2051,P0,F3_Longitudinal,1.0
jarvis_only,delta_j,0.0,0.0,0.0,2000,2051,P0,F3_Longitudinal,1.5
jarvis_only,delta_m,0.05263157894736842,-0.0892857142857143,0.13565166569257714,2000,2051,P0,F3_Longitudinal,1.5
jarvis_only,delta_best,0.0,-0.0892857142857143,0.0,2000,2051,P0,F3_Longitudinal,1.5
mp_only,delta_j,-0.05263157894736842,-0.13565166569257747,0.0892857142857143,2000,2051,P0,F3_Longitudinal,1.5
mp_only,delta_m,0.0,0.0,0.0,2000,2051,P0,F3_Longitudinal,1.5
mp_only,delta_best,-0.05263157894736842,-0.13565166569257747,0.0,2000,2051,P0,F3_Longitudinal,1.5
average_percentile,delta_j,0.26315789473684215,0.13553672316384177,0.4035087719298246,2000,2051,P0,F3_Longitudinal,1.5
average_percentile,delta_m,0.31578947368421056,0.1817809239940387,0.41379310344827586,2000,2051,P0,F3_Longitudinal,1.5
average_percentile,delta_best,0.26315789473684215,0.1295707070707071,0.3793103448275862,2000,2051,P0,F3_Longitudinal,1.5
borda_count,delta_j,0.26315789473684215,0.13553672316384177,0.4035087719298246,2000,2051,P0,F3_Longitudinal,1.5
borda_count,delta_m,0.31578947368421056,0.1817809239940387,0.41379310344827586,2000,2051,P0,F3_Longitudinal,1.5
borda_count,delta_best,0.26315789473684215,0.1295707070707071,0.3793103448275862,2000,2051,P0,F3_Longitudinal,1.5
maximin_percentile,delta_j,0.17543859649122806,0.05357142857142855,0.29828947368421027,2000,2051,P0,F3_Longitudinal,1.5
maximin_percentile,delta_m,0.22807017543859648,0.08768148820326678,0.3090909090909091,2000,2051,P0,F3_Longitudinal,1.5
maximin_percentile,delta_best,0.17543859649122806,0.05260889292196007,0.2679067460317458,2000,2051,P0,F3_Longitudinal,1.5
intersection_first,delta_j,0.26315789473684215,0.13553672316384177,0.4035087719298246,2000,2051,P0,F3_Longitudinal,1.5
intersection_first,delta_m,0.31578947368421056,0.1817809239940387,0.41379310344827586,2000,2051,P0,F3_Longitudinal,1.5
intersection_first,delta_best,0.26315789473684215,0.1295707070707071,0.3793103448275862,2000,2051,P0,F3_Longitudinal,1.5
balanced_union,delta_j,0.5087719298245614,0.42366190900981265,0.6379310344827587,2000,2051,P0,F3_Longitudinal,1.5
balanced_union,delta_m,0.5614035087719298,0.4482758620689655,0.6545454545454545,2000,2051,P0,F3_Longitudinal,1.5
balanced_union,delta_best,0.5087719298245614,0.4181818181818182,0.6166666666666667,2000,2051,P0,F3_Longitudinal,1.5
disagreement_abstention,delta_j,0.26315789473684215,0.13553672316384177,0.4035087719298246,2000,2051,P0,F3_Longitudinal,1.5
disagreement_abstention,delta_m,0.31578947368421056,0.1817809239940387,0.41379310344827586,2000,2051,P0,F3_Longitudinal,1.5
disagreement_abstention,delta_best,0.26315789473684215,0.1295707070707071,0.3793103448275862,2000,2051,P0,F3_Longitudinal,1.5
minimax_oracle,delta_j,0.33333333333333337,0.24561403508771934,0.4642857142857143,2000,2051,P0,F3_Longitudinal,1.5
minimax_oracle,delta_m,0.3859649122807018,0.2768965517241379,0.47556162720097067,2000,2051,P0,F3_Longitudinal,1.5
minimax_oracle,delta_best,0.33333333333333337,0.24074074074074076,0.4385964912280702,2000,2051,P0,F3_Longitudinal,1.5
jarvis_only,delta_j,0.0,0.0,0.0,2000,2051,P0,F3_Longitudinal,2.0
jarvis_only,delta_m,0.017543859649122806,-0.15796522556390977,0.14035087719298245,2000,2051,P0,F3_Longitudinal,2.0
jarvis_only,delta_best,0.0,-0.15796522556390977,0.0,2000,2051,P0,F3_Longitudinal,2.0
mp_only,delta_j,-0.017543859649122806,-0.14035087719298245,0.15796522556390938,2000,2051,P0,F3_Longitudinal,2.0
mp_only,delta_m,0.0,0.0,0.0,2000,2051,P0,F3_Longitudinal,2.0
mp_only,delta_best,-0.017543859649122806,-0.14035087719298245,0.0,2000,2051,P0,F3_Longitudinal,2.0
average_percentile,delta_j,0.2631578947368421,0.12280701754385964,0.4151715265866205,2000,2051,P0,F3_Longitudinal,2.0
average_percentile,delta_m,0.2807017543859649,0.1607142857142857,0.3833991228070172,2000,2051,P0,F3_Longitudinal,2.0
average_percentile,delta_best,0.2631578947368421,0.11864406779661019,0.35714285714285715,2000,2051,P0,F3_Longitudinal,2.0
borda_count,delta_j,0.2631578947368421,0.12280701754385964,0.4151715265866205,2000,2051,P0,F3_Longitudinal,2.0
borda_count,delta_m,0.2807017543859649,0.1607142857142857,0.3833991228070172,2000,2051,P0,F3_Longitudinal,2.0
borda_count,delta_best,0.2631578947368421,0.11864406779661019,0.3571428571428571,2000,2051,P0,F3_Longitudinal,2.0
maximin_percentile,delta_j,0.15789473684210525,0.018181818181818188,0.2857142857142857,2000,2051,P0,F3_Longitudinal,2.0
maximin_percentile,delta_m,0.17543859649122806,0.0357142857142857,0.26785714285714285,2000,2051,P0,F3_Longitudinal,2.0
maximin_percentile,delta_best,0.15789473684210525,0.0,0.23636363636363633,2000,2051,P0,F3_Longitudinal,2.0
intersection_first,delta_j,0.2631578947368421,0.12280701754385964,0.4151715265866205,2000,2051,P0,F3_Longitudinal,2.0
intersection_first,delta_m,0.2807017543859649,0.1607142857142857,0.3833991228070172,2000,2051,P0,F3_Longitudinal,2.0
intersection_first,delta_best,0.2631578947368421,0.11864406779661019,0.35714285714285715,2000,2051,P0,F3_Longitudinal,2.0
balanced_union,delta_j,0.6666666666666667,0.5555555555555556,0.8035714285714286,2000,2051,P0,F3_Longitudinal,2.0
balanced_union,delta_m,0.6842105263157895,0.537037037037037,0.8135593220338984,2000,2051,P0,F3_Longitudinal,2.0
balanced_union,delta_best,0.6666666666666667,0.5263157894736843,0.7637121212121208,2000,2051,P0,F3_Longitudinal,2.0
disagreement_abstention,delta_j,0.2631578947368421,0.12280701754385964,0.4151715265866205,2000,2051,P0,F3_Longitudinal,2.0
disagreement_abstention,delta_m,0.2807017543859649,0.1607142857142857,0.3833991228070172,2000,2051,P0,F3_Longitudinal,2.0
disagreement_abstention,delta_best,0.2631578947368421,0.11864406779661019,0.35714285714285715,2000,2051,P0,F3_Longitudinal,2.0
minimax_oracle,delta_j,0.3508771929824562,0.2586206896551725,0.4833333333333333,2000,2051,P0,F3_Longitudinal,2.0
minimax_oracle,delta_m,0.368421052631579,0.24063131313131314,0.49200819672131035,2000,2051,P0,F3_Longitudinal,2.0
minimax_oracle,delta_best,0.3508771929824562,0.23207699063231846,0.44642857142857145,2000,2051,P0,F3_Longitudinal,2.0
jarvis_only,delta_j,0.0,0.0,0.0,2000,2051,P0,F4_KelvinOp,1.0
jarvis_only,delta_m,0.0,0.0,0.0,2000,2051,P0,F4_KelvinOp,1.0
jarvis_only,delta_best,0.0,0.0,0.0,2000,2051,P0,F4_KelvinOp,1.0
mp_only,delta_j,0.0,0.0,0.0,2000,2051,P0,F4_KelvinOp,1.0
mp_only,delta_m,0.0,0.0,0.0,2000,2051,P0,F4_KelvinOp,1.0
mp_only,delta_best,0.0,0.0,0.0,2000,2051,P0,F4_KelvinOp,1.0
average_percentile,delta_j,0.2982456140350877,0.15094339622641512,0.3684210526315789,2000,2051,P0,F4_KelvinOp,1.0
average_percentile,delta_m,0.2982456140350877,0.15094339622641512,0.3684210526315789,2000,2051,P0,F4_KelvinOp,1.0
average_percentile,delta_best,0.2982456140350877,0.15094339622641512,0.3684210526315789,2000,2051,P0,F4_KelvinOp,1.0
borda_count,delta_j,0.2982456140350877,0.15094339622641512,0.3684210526315789,2000,2051,P0,F4_KelvinOp,1.0
borda_count,delta_m,0.2982456140350877,0.15094339622641512,0.3684210526315789,2000,2051,P0,F4_KelvinOp,1.0
borda_count,delta_best,0.2982456140350877,0.15094339622641512,0.3684210526315789,2000,2051,P0,F4_KelvinOp,1.0
maximin_percentile,delta_j,0.19298245614035087,0.1016949152542373,0.28577481840193675,2000,2051,P0,F4_KelvinOp,1.0
maximin_percentile,delta_m,0.19298245614035087,0.1016949152542373,0.28577481840193675,2000,2051,P0,F4_KelvinOp,1.0
maximin_percentile,delta_best,0.19298245614035087,0.1016949152542373,0.28577481840193675,2000,2051,P0,F4_KelvinOp,1.0
intersection_first,delta_j,0.2982456140350877,0.15094339622641512,0.3684210526315789,2000,2051,P0,F4_KelvinOp,1.0
intersection_first,delta_m,0.2982456140350877,0.15094339622641512,0.3684210526315789,2000,2051,P0,F4_KelvinOp,1.0
intersection_first,delta_best,0.2982456140350877,0.15094339622641512,0.3684210526315789,2000,2051,P0,F4_KelvinOp,1.0
balanced_union,delta_j,0.4210526315789474,0.29310344827586204,0.4545454545454545,2000,2051,P0,F4_KelvinOp,1.0
balanced_union,delta_m,0.4210526315789474,0.29310344827586204,0.4545454545454545,2000,2051,P0,F4_KelvinOp,1.0
balanced_union,delta_best,0.4210526315789474,0.29310344827586204,0.4545454545454545,2000,2051,P0,F4_KelvinOp,1.0
disagreement_abstention,delta_j,0.2982456140350877,0.15094339622641512,0.3684210526315789,2000,2051,P0,F4_KelvinOp,1.0
disagreement_abstention,delta_m,0.2982456140350877,0.15094339622641512,0.3684210526315789,2000,2051,P0,F4_KelvinOp,1.0
disagreement_abstention,delta_best,0.2982456140350877,0.15094339622641512,0.3684210526315789,2000,2051,P0,F4_KelvinOp,1.0
minimax_oracle,delta_j,0.2982456140350877,0.22580645161290325,0.4137931034482759,2000,2051,P0,F4_KelvinOp,1.0
minimax_oracle,delta_m,0.2982456140350877,0.22580645161290325,0.4137931034482759,2000,2051,P0,F4_KelvinOp,1.0
minimax_oracle,delta_best,0.2982456140350877,0.22580645161290325,0.4137931034482759,2000,2051,P0,F4_KelvinOp,1.0
jarvis_only,delta_j,0.0,0.0,0.0,2000,2051,P0,F4_KelvinOp,1.5
jarvis_only,delta_m,0.05263157894736842,-0.08620689655172414,0.15524047186932813,2000,2051,P0,F4_KelvinOp,1.5
jarvis_only,delta_best,0.0,-0.08620689655172414,0.0,2000,2051,P0,F4_KelvinOp,1.5
mp_only,delta_j,-0.05263157894736842,-0.1552404718693285,0.08620689655172414,2000,2051,P0,F4_KelvinOp,1.5
mp_only,delta_m,0.0,0.0,0.0,2000,2051,P0,F4_KelvinOp,1.5
mp_only,delta_best,-0.05263157894736842,-0.1552404718693285,0.0,2000,2051,P0,F4_KelvinOp,1.5
average_percentile,delta_j,0.2631578947368421,0.14035087719298245,0.3729343220338981,2000,2051,P0,F4_KelvinOp,1.5
average_percentile,delta_m,0.3157894736842105,0.16666666666666669,0.40985802107728325,2000,2051,P0,F4_KelvinOp,1.5
average_percentile,delta_best,0.2631578947368421,0.13333333333333336,0.35593220338983045,2000,2051,P0,F4_KelvinOp,1.5
borda_count,delta_j,0.2631578947368421,0.14061814692982455,0.3729343220338981,2000,2051,P0,F4_KelvinOp,1.5
borda_count,delta_m,0.3157894736842105,0.16666666666666669,0.40985802107728325,2000,2051,P0,F4_KelvinOp,1.5
borda_count,delta_best,0.2631578947368421,0.13333333333333336,0.3519538606403008,2000,2051,P0,F4_KelvinOp,1.5
maximin_percentile,delta_j,0.15789473684210525,0.03702020202020202,0.27118644067796605,2000,2051,P0,F4_KelvinOp,1.5
maximin_percentile,delta_m,0.21052631578947367,0.07142857142857145,0.2982456140350877,2000,2051,P0,F4_KelvinOp,1.5
maximin_percentile,delta_best,0.15789473684210525,0.03508771929824561,0.24561403508771928,2000,2051,P0,F4_KelvinOp,1.5
intersection_first,delta_j,0.2631578947368421,0.14035087719298245,0.3729343220338981,2000,2051,P0,F4_KelvinOp,1.5
intersection_first,delta_m,0.3157894736842105,0.16666666666666669,0.40985802107728325,2000,2051,P0,F4_KelvinOp,1.5
intersection_first,delta_best,0.2631578947368421,0.13333333333333336,0.35593220338983045,2000,2051,P0,F4_KelvinOp,1.5
balanced_union,delta_j,0.5263157894736843,0.4181818181818182,0.6167045454545452,2000,2051,P0,F4_KelvinOp,1.5
balanced_union,delta_m,0.5789473684210527,0.45,0.6491228070175439,2000,2051,P0,F4_KelvinOp,1.5
balanced_union,delta_best,0.5263157894736843,0.416627358490566,0.6000862068965513,2000,2051,P0,F4_KelvinOp,1.5
disagreement_abstention,delta_j,0.2631578947368421,0.14035087719298245,0.3729343220338981,2000,2051,P0,F4_KelvinOp,1.5
disagreement_abstention,delta_m,0.3157894736842105,0.16666666666666669,0.40985802107728325,2000,2051,P0,F4_KelvinOp,1.5
disagreement_abstention,delta_best,0.2631578947368421,0.13333333333333336,0.35593220338983045,2000,2051,P0,F4_KelvinOp,1.5
minimax_oracle,delta_j,0.28070175438596495,0.22807017543859653,0.44067796610169485,2000,2051,P0,F4_KelvinOp,1.5
minimax_oracle,delta_m,0.33333333333333337,0.2498975409836065,0.4655172413793104,2000,2051,P0,F4_KelvinOp,1.5
minimax_oracle,delta_best,0.28070175438596495,0.22033898305084743,0.41818181818181815,2000,2051,P0,F4_KelvinOp,1.5
jarvis_only,delta_j,0.0,0.0,0.0,2000,2051,P0,F4_KelvinOp,2.0
jarvis_only,delta_m,0.017543859649122806,-0.12962962962962962,0.15791562238930654,2000,2051,P0,F4_KelvinOp,2.0
jarvis_only,delta_best,0.0,-0.12962962962962962,0.0,2000,2051,P0,F4_KelvinOp,2.0
mp_only,delta_j,-0.017543859649122806,-0.15791562238930665,0.12962962962962962,2000,2051,P0,F4_KelvinOp,2.0
mp_only,delta_m,0.0,0.0,0.0,2000,2051,P0,F4_KelvinOp,2.0
mp_only,delta_best,-0.017543859649122806,-0.15791562238930665,0.0,2000,2051,P0,F4_KelvinOp,2.0
average_percentile,delta_j,0.2631578947368421,0.1111111111111111,0.388912429378531,2000,2051,P0,F4_KelvinOp,2.0
average_percentile,delta_m,0.2807017543859649,0.1607142857142857,0.4,2000,2051,P0,F4_KelvinOp,2.0
average_percentile,delta_best,0.2631578947368421,0.1071428571428572,0.35195386064030076,2000,2051,P0,F4_KelvinOp,2.0
borda_count,delta_j,0.2631578947368421,0.1111111111111111,0.3888888888888889,2000,2051,P0,F4_KelvinOp,2.0
borda_count,delta_m,0.2807017543859649,0.1607142857142857,0.4,2000,2051,P0,F4_KelvinOp,2.0
borda_count,delta_best,0.2631578947368421,0.1071428571428572,0.35593220338983045,2000,2051,P0,F4_KelvinOp,2.0
maximin_percentile,delta_j,0.19298245614035087,0.051724137931034475,0.2857142857142857,2000,2051,P0,F4_KelvinOp,2.0
maximin_percentile,delta_m,0.21052631578947367,0.05555555555555558,0.3,2000,2051,P0,F4_KelvinOp,2.0
maximin_percentile,delta_best,0.19298245614035087,0.03448275862068967,0.25862068965517243,2000,2051,P0,F4_KelvinOp,2.0
intersection_first,delta_j,0.2631578947368421,0.1111111111111111,0.388912429378531,2000,2051,P0,F4_KelvinOp,2.0
intersection_first,delta_m,0.2807017543859649,0.1607142857142857,0.4,2000,2051,P0,F4_KelvinOp,2.0
intersection_first,delta_best,0.2631578947368421,0.1071428571428572,0.35195386064030076,2000,2051,P0,F4_KelvinOp,2.0
balanced_union,delta_j,0.6666666666666667,0.5356834975369458,0.7857142857142857,2000,2051,P0,F4_KelvinOp,2.0
balanced_union,delta_m,0.6842105263157895,0.543859649122807,0.8181818181818181,2000,2051,P0,F4_KelvinOp,2.0
balanced_union,delta_best,0.6666666666666667,0.5178571428571428,0.7666666666666666,2000,2051,P0,F4_KelvinOp,2.0
disagreement_abstention,delta_j,0.2631578947368421,0.1111111111111111,0.388912429378531,2000,2051,P0,F4_KelvinOp,2.0
disagreement_abstention,delta_m,0.2807017543859649,0.1607142857142857,0.4,2000,2051,P0,F4_KelvinOp,2.0
disagreement_abstention,delta_best,0.2631578947368421,0.1071428571428572,0.35195386064030076,2000,2051,P0,F4_KelvinOp,2.0
minimax_oracle,delta_j,0.31578947368421056,0.22413793103448276,0.4576271186440678,2000,2051,P0,F4_KelvinOp,2.0
minimax_oracle,delta_m,0.33333333333333337,0.2321428571428571,0.482772988505747,2000,2051,P0,F4_KelvinOp,2.0
minimax_oracle,delta_best,0.31578947368421056,0.21052631578947367,0.4285714285714285,2000,2051,P0,F4_KelvinOp,2.0
jarvis_only,delta_j,0.0,0.0,0.0,2000,2051,P2,F1_Frobenius,1.0
jarvis_only,delta_m,0.0,0.0,0.0,2000,2051,P2,F1_Frobenius,1.0
jarvis_only,delta_best,0.0,0.0,0.0,2000,2051,P2,F1_Frobenius,1.0
mp_only,delta_j,0.0,0.0,0.0,2000,2051,P2,F1_Frobenius,1.0
mp_only,delta_m,0.0,0.0,0.0,2000,2051,P2,F1_Frobenius,1.0
mp_only,delta_best,0.0,0.0,0.0,2000,2051,P2,F1_Frobenius,1.0
average_percentile,delta_j,0.30000000000000004,0.09999999999999998,0.4090909090909091,2000,2051,P2,F1_Frobenius,1.0
average_percentile,delta_m,0.30000000000000004,0.09999999999999998,0.4090909090909091,2000,2051,P2,F1_Frobenius,1.0
average_percentile,delta_best,0.30000000000000004,0.09999999999999998,0.4090909090909091,2000,2051,P2,F1_Frobenius,1.0
borda_count,delta_j,0.30000000000000004,0.09999999999999998,0.4090909090909091,2000,2051,P2,F1_Frobenius,1.0
borda_count,delta_m,0.30000000000000004,0.09999999999999998,0.4090909090909091,2000,2051,P2,F1_Frobenius,1.0
borda_count,delta_best,0.30000000000000004,0.09999999999999998,0.4090909090909091,2000,2051,P2,F1_Frobenius,1.0
maximin_percentile,delta_j,0.19999999999999998,0.047619047619047616,0.3333333333333333,2000,2051,P2,F1_Frobenius,1.0
maximin_percentile,delta_m,0.19999999999999998,0.047619047619047616,0.3333333333333333,2000,2051,P2,F1_Frobenius,1.0
maximin_percentile,delta_best,0.19999999999999998,0.047619047619047616,0.3333333333333333,2000,2051,P2,F1_Frobenius,1.0
intersection_first,delta_j,0.30000000000000004,0.09999999999999998,0.4090909090909091,2000,2051,P2,F1_Frobenius,1.0
intersection_first,delta_m,0.30000000000000004,0.09999999999999998,0.4090909090909091,2000,2051,P2,F1_Frobenius,1.0
intersection_first,delta_best,0.30000000000000004,0.09999999999999998,0.4090909090909091,2000,2051,P2,F1_Frobenius,1.0
balanced_union,delta_j,0.35,0.19999999999999998,0.47619047619047616,2000,2051,P2,F1_Frobenius,1.0
balanced_union,delta_m,0.35,0.19999999999999998,0.47619047619047616,2000,2051,P2,F1_Frobenius,1.0
balanced_union,delta_best,0.35,0.19999999999999998,0.47619047619047616,2000,2051,P2,F1_Frobenius,1.0
disagreement_abstention,delta_j,0.30000000000000004,0.09999999999999998,0.4090909090909091,2000,2051,P2,F1_Frobenius,1.0
disagreement_abstention,delta_m,0.30000000000000004,0.09999999999999998,0.4090909090909091,2000,2051,P2,F1_Frobenius,1.0
disagreement_abstention,delta_best,0.30000000000000004,0.09999999999999998,0.4090909090909091,2000,2051,P2,F1_Frobenius,1.0
minimax_oracle,delta_j,0.35,0.21052631578947367,0.47619047619047616,2000,2051,P2,F1_Frobenius,1.0
minimax_oracle,delta_m,0.35,0.21052631578947367,0.47619047619047616,2000,2051,P2,F1_Frobenius,1.0
minimax_oracle,delta_best,0.35,0.21052631578947367,0.47619047619047616,2000,2051,P2,F1_Frobenius,1.0
jarvis_only,delta_j,0.0,0.0,0.0,2000,2051,P2,F1_Frobenius,1.5
jarvis_only,delta_m,0.1,-0.2,0.2,2000,2051,P2,F1_Frobenius,1.5
jarvis_only,delta_best,0.0,-0.2,0.0,2000,2051,P2,F1_Frobenius,1.5
mp_only,delta_j,-0.1,-0.2,0.2,2000,2051,P2,F1_Frobenius,1.5
mp_only,delta_m,0.0,0.0,0.0,2000,2051,P2,F1_Frobenius,1.5
mp_only,delta_best,-0.1,-0.2,0.0,2000,2051,P2,F1_Frobenius,1.5
average_percentile,delta_j,0.25,0.04999999999999999,0.5238095238095237,2000,2051,P2,F1_Frobenius,1.5
average_percentile,delta_m,0.35,0.10000000000000003,0.5,2000,2051,P2,F1_Frobenius,1.5
average_percentile,delta_best,0.25,0.047619047619047616,0.47619047619047616,2000,2051,P2,F1_Frobenius,1.5
borda_count,delta_j,0.25,0.04999999999999999,0.5238095238095237,2000,2051,P2,F1_Frobenius,1.5
borda_count,delta_m,0.35,0.10000000000000003,0.5,2000,2051,P2,F1_Frobenius,1.5
borda_count,delta_best,0.25,0.047619047619047616,0.47368421052631576,2000,2051,P2,F1_Frobenius,1.5
maximin_percentile,delta_j,0.15000000000000002,-0.04999999999999999,0.4,2000,2051,P2,F1_Frobenius,1.5
maximin_percentile,delta_m,0.25,0.0,0.38095238095238093,2000,2051,P2,F1_Frobenius,1.5
maximin_percentile,delta_best,0.15000000000000002,-0.05006578947368425,0.35000000000000003,2000,2051,P2,F1_Frobenius,1.5
intersection_first,delta_j,0.25,0.04999999999999999,0.5238095238095237,2000,2051,P2,F1_Frobenius,1.5
intersection_first,delta_m,0.35,0.10000000000000003,0.5,2000,2051,P2,F1_Frobenius,1.5
intersection_first,delta_best,0.25,0.047619047619047616,0.47619047619047616,2000,2051,P2,F1_Frobenius,1.5
balanced_union,delta_j,0.44999999999999996,0.3157894736842105,0.6842105263157895,2000,2051,P2,F1_Frobenius,1.5
balanced_union,delta_m,0.5499999999999999,0.36363636363636365,0.6818181818181819,2000,2051,P2,F1_Frobenius,1.5
balanced_union,delta_best,0.44999999999999996,0.30000000000000004,0.65,2000,2051,P2,F1_Frobenius,1.5
disagreement_abstention,delta_j,0.25,0.04999999999999999,0.5238095238095237,2000,2051,P2,F1_Frobenius,1.5
disagreement_abstention,delta_m,0.35,0.10000000000000003,0.5,2000,2051,P2,F1_Frobenius,1.5
disagreement_abstention,delta_best,0.25,0.047619047619047616,0.47619047619047616,2000,2051,P2,F1_Frobenius,1.5
minimax_oracle,delta_j,0.4,0.23809523809523808,0.6,2000,2051,P2,F1_Frobenius,1.5
minimax_oracle,delta_m,0.5,0.21052631578947373,0.6190476190476191,2000,2051,P2,F1_Frobenius,1.5
minimax_oracle,delta_best,0.4,0.2,0.5714285714285714,2000,2051,P2,F1_Frobenius,1.5
jarvis_only,delta_j,0.0,0.0,0.0,2000,2051,P2,F1_Frobenius,2.0
jarvis_only,delta_m,0.04999999999999999,-0.2,0.25,2000,2051,P2,F1_Frobenius,2.0
jarvis_only,delta_best,0.0,-0.2,0.0,2000,2051,P2,F1_Frobenius,2.0
mp_only,delta_j,-0.04999999999999999,-0.25,0.2,2000,2051,P2,F1_Frobenius,2.0
mp_only,delta_m,0.0,0.0,0.0,2000,2051,P2,F1_Frobenius,2.0
mp_only,delta_best,-0.04999999999999999,-0.25,0.0,2000,2051,P2,F1_Frobenius,2.0
average_percentile,delta_j,0.30000000000000004,0.047619047619047616,0.5505357142857114,2000,2051,P2,F1_Frobenius,2.0
average_percentile,delta_m,0.35000000000000003,0.15000000000000002,0.5714285714285714,2000,2051,P2,F1_Frobenius,2.0
average_percentile,delta_best,0.30000000000000004,0.047619047619047616,0.5,2000,2051,P2,F1_Frobenius,2.0
borda_count,delta_j,0.30000000000000004,0.047619047619047616,0.5505357142857114,2000,2051,P2,F1_Frobenius,2.0
borda_count,delta_m,0.35000000000000003,0.15000000000000002,0.5714285714285714,2000,2051,P2,F1_Frobenius,2.0
borda_count,delta_best,0.30000000000000004,0.047619047619047616,0.5,2000,2051,P2,F1_Frobenius,2.0
maximin_percentile,delta_j,0.2,-0.09999999999999998,0.44999999999999996,2000,2051,P2,F1_Frobenius,2.0
maximin_percentile,delta_m,0.25,0.047619047619047616,0.4285714285714286,2000,2051,P2,F1_Frobenius,2.0
maximin_percentile,delta_best,0.2,-0.09999999999999998,0.38095238095238093,2000,2051,P2,F1_Frobenius,2.0
intersection_first,delta_j,0.30000000000000004,0.047619047619047616,0.5505357142857114,2000,2051,P2,F1_Frobenius,2.0
intersection_first,delta_m,0.35000000000000003,0.15000000000000002,0.5714285714285714,2000,2051,P2,F1_Frobenius,2.0
intersection_first,delta_best,0.30000000000000004,0.047619047619047616,0.5,2000,2051,P2,F1_Frobenius,2.0
balanced_union,delta_j,0.75,0.5,0.9047619047619048,2000,2051,P2,F1_Frobenius,2.0
balanced_union,delta_m,0.8,0.5263157894736843,0.95,2000,2051,P2,F1_Frobenius,2.0
balanced_union,delta_best,0.75,0.4736842105263158,0.8636363636363636,2000,2051,P2,F1_Frobenius,2.0
disagreement_abstention,delta_j,0.30000000000000004,0.047619047619047616,0.5505357142857114,2000,2051,P2,F1_Frobenius,2.0
disagreement_abstention,delta_m,0.35000000000000003,0.15000000000000002,0.5714285714285714,2000,2051,P2,F1_Frobenius,2.0
disagreement_abstention,delta_best,0.30000000000000004,0.047619047619047616,0.5,2000,2051,P2,F1_Frobenius,2.0
minimax_oracle,delta_j,0.5,0.25,0.6818181818181819,2000,2051,P2,F1_Frobenius,2.0
minimax_oracle,delta_m,0.55,0.2996428571428571,0.7142857142857142,2000,2051,P2,F1_Frobenius,2.0
minimax_oracle,delta_best,0.5,0.24999999999999994,0.6499999999999999,2000,2051,P2,F1_Frobenius,2.0
jarvis_only,delta_j,0.0,0.0,0.0,2000,2051,P2,F3_Longitudinal,1.0
jarvis_only,delta_m,0.0,0.0,0.0,2000,2051,P2,F3_Longitudinal,1.0
jarvis_only,delta_best,0.0,0.0,0.0,2000,2051,P2,F3_Longitudinal,1.0
mp_only,delta_j,0.0,0.0,0.0,2000,2051,P2,F3_Longitudinal,1.0
mp_only,delta_m,0.0,0.0,0.0,2000,2051,P2,F3_Longitudinal,1.0
mp_only,delta_best,0.0,0.0,0.0,2000,2051,P2,F3_Longitudinal,1.0
average_percentile,delta_j,0.35000000000000003,0.14999999999999997,0.42857142857142855,2000,2051,P2,F3_Longitudinal,1.0
average_percentile,delta_m,0.35000000000000003,0.14999999999999997,0.42857142857142855,2000,2051,P2,F3_Longitudinal,1.0
average_percentile,delta_best,0.35000000000000003,0.14999999999999997,0.42857142857142855,2000,2051,P2,F3_Longitudinal,1.0
borda_count,delta_j,0.35000000000000003,0.14999999999999997,0.42857142857142855,2000,2051,P2,F3_Longitudinal,1.0
borda_count,delta_m,0.35000000000000003,0.14999999999999997,0.42857142857142855,2000,2051,P2,F3_Longitudinal,1.0
borda_count,delta_best,0.35000000000000003,0.14999999999999997,0.42857142857142855,2000,2051,P2,F3_Longitudinal,1.0
maximin_percentile,delta_j,0.2,0.04999999999999999,0.3333333333333333,2000,2051,P2,F3_Longitudinal,1.0
maximin_percentile,delta_m,0.2,0.04999999999999999,0.3333333333333333,2000,2051,P2,F3_Longitudinal,1.0
maximin_percentile,delta_best,0.2,0.04999999999999999,0.3333333333333333,2000,2051,P2,F3_Longitudinal,1.0
intersection_first,delta_j,0.35000000000000003,0.14999999999999997,0.42857142857142855,2000,2051,P2,F3_Longitudinal,1.0
intersection_first,delta_m,0.35000000000000003,0.14999999999999997,0.42857142857142855,2000,2051,P2,F3_Longitudinal,1.0
intersection_first,delta_best,0.35000000000000003,0.14999999999999997,0.42857142857142855,2000,2051,P2,F3_Longitudinal,1.0
balanced_union,delta_j,0.45,0.23809523809523808,0.5,2000,2051,P2,F3_Longitudinal,1.0
balanced_union,delta_m,0.45,0.23809523809523808,0.5,2000,2051,P2,F3_Longitudinal,1.0
balanced_union,delta_best,0.45,0.23809523809523808,0.5,2000,2051,P2,F3_Longitudinal,1.0
disagreement_abstention,delta_j,0.35000000000000003,0.14999999999999997,0.42857142857142855,2000,2051,P2,F3_Longitudinal,1.0
disagreement_abstention,delta_m,0.35000000000000003,0.14999999999999997,0.42857142857142855,2000,2051,P2,F3_Longitudinal,1.0
disagreement_abstention,delta_best,0.35000000000000003,0.14999999999999997,0.42857142857142855,2000,2051,P2,F3_Longitudinal,1.0
minimax_oracle,delta_j,0.35000000000000003,0.25,0.47619047619047616,2000,2051,P2,F3_Longitudinal,1.0
minimax_oracle,delta_m,0.35000000000000003,0.25,0.47619047619047616,2000,2051,P2,F3_Longitudinal,1.0
minimax_oracle,delta_best,0.35000000000000003,0.25,0.47619047619047616,2000,2051,P2,F3_Longitudinal,1.0
jarvis_only,delta_j,0.0,0.0,0.0,2000,2051,P2,F3_Longitudinal,1.5
jarvis_only,delta_m,-0.05,-0.19047619047619047,0.15000000000000002,2000,2051,P2,F3_Longitudinal,1.5
jarvis_only,delta_best,-0.05,-0.19047619047619047,0.0,2000,2051,P2,F3_Longitudinal,1.5
mp_only,delta_j,0.05,-0.15000000000000002,0.19047619047619047,2000,2051,P2,F3_Longitudinal,1.5
mp_only,delta_m,0.0,0.0,0.0,2000,2051,P2,F3_Longitudinal,1.5
mp_only,delta_best,0.0,-0.15000000000000002,0.0,2000,2051,P2,F3_Longitudinal,1.5
average_percentile,delta_j,0.45,0.14285714285714285,0.5714285714285714,2000,2051,P2,F3_Longitudinal,1.5
average_percentile,delta_m,0.4,0.15789473684210525,0.5263157894736842,2000,2051,P2,F3_Longitudinal,1.5
average_percentile,delta_best,0.4,0.1298054919908467,0.5238095238095238,2000,2051,P2,F3_Longitudinal,1.5
borda_count,delta_j,0.45,0.14285714285714285,0.5714285714285714,2000,2051,P2,F3_Longitudinal,1.5
borda_count,delta_m,0.4,0.15789473684210525,0.5263157894736842,2000,2051,P2,F3_Longitudinal,1.5
borda_count,delta_best,0.4,0.1298054919908467,0.5238095238095238,2000,2051,P2,F3_Longitudinal,1.5
maximin_percentile,delta_j,0.3,0.04994047619047618,0.42857142857142855,2000,2051,P2,F3_Longitudinal,1.5
maximin_percentile,delta_m,0.24999999999999997,0.05,0.4,2000,2051,P2,F3_Longitudinal,1.5
maximin_percentile,delta_best,0.24999999999999997,0.04431818181818187,0.4,2000,2051,P2,F3_Longitudinal,1.5
intersection_first,delta_j,0.45,0.14285714285714285,0.5714285714285714,2000,2051,P2,F3_Longitudinal,1.5
intersection_first,delta_m,0.4,0.15789473684210525,0.5263157894736842,2000,2051,P2,F3_Longitudinal,1.5
intersection_first,delta_best,0.4,0.1298054919908467,0.5238095238095238,2000,2051,P2,F3_Longitudinal,1.5
balanced_union,delta_j,0.6499999999999999,0.4210526315789474,0.75,2000,2051,P2,F3_Longitudinal,1.5
balanced_union,delta_m,0.6,0.42857142857142855,0.7142857142857143,2000,2051,P2,F3_Longitudinal,1.5
balanced_union,delta_best,0.6,0.39999999999999997,0.7142857142857142,2000,2051,P2,F3_Longitudinal,1.5
disagreement_abstention,delta_j,0.45,0.14285714285714285,0.5714285714285714,2000,2051,P2,F3_Longitudinal,1.5
disagreement_abstention,delta_m,0.4,0.15789473684210525,0.5263157894736842,2000,2051,P2,F3_Longitudinal,1.5
disagreement_abstention,delta_best,0.4,0.1298054919908467,0.5238095238095238,2000,2051,P2,F3_Longitudinal,1.5
minimax_oracle,delta_j,0.5499999999999999,0.30000000000000004,0.65,2000,2051,P2,F3_Longitudinal,1.5
minimax_oracle,delta_m,0.5,0.33295454545454545,0.6190476190476191,2000,2051,P2,F3_Longitudinal,1.5
minimax_oracle,delta_best,0.5,0.3,0.6,2000,2051,P2,F3_Longitudinal,1.5
jarvis_only,delta_j,0.0,0.0,0.0,2000,2051,P2,F3_Longitudinal,2.0
jarvis_only,delta_m,-0.05000000000000002,-0.25,0.24999999999999997,2000,2051,P2,F3_Longitudinal,2.0
jarvis_only,delta_best,-0.05000000000000002,-0.25,0.0,2000,2051,P2,F3_Longitudinal,2.0
mp_only,delta_j,0.05000000000000002,-0.24999999999999997,0.25,2000,2051,P2,F3_Longitudinal,2.0
mp_only,delta_m,0.0,0.0,0.0,2000,2051,P2,F3_Longitudinal,2.0
mp_only,delta_best,0.0,-0.24999999999999997,0.0,2000,2051,P2,F3_Longitudinal,2.0
average_percentile,delta_j,0.4,0.10000000000000003,0.6499999999999999,2000,2051,P2,F3_Longitudinal,2.0
average_percentile,delta_m,0.35000000000000003,0.15000000000000002,0.55,2000,2051,P2,F3_Longitudinal,2.0
average_percentile,delta_best,0.35000000000000003,0.09999999999999998,0.5499999999999999,2000,2051,P2,F3_Longitudinal,2.0
borda_count,delta_j,0.4,0.10000000000000003,0.6499999999999999,2000,2051,P2,F3_Longitudinal,2.0
borda_count,delta_m,0.35000000000000003,0.15769736842105259,0.55,2000,2051,P2,F3_Longitudinal,2.0
borda_count,delta_best,0.35000000000000003,0.09999999999999998,0.5499999999999999,2000,2051,P2,F3_Longitudinal,2.0
maximin_percentile,delta_j,0.30000000000000004,0.0,0.4761904761904762,2000,2051,P2,F3_Longitudinal,2.0
maximin_percentile,delta_m,0.25,0.047619047619047616,0.42105263157894735,2000,2051,P2,F3_Longitudinal,2.0
maximin_percentile,delta_best,0.25,-0.04999999999999999,0.3915217391304336,2000,2051,P2,F3_Longitudinal,2.0
intersection_first,delta_j,0.4,0.10000000000000003,0.6499999999999999,2000,2051,P2,F3_Longitudinal,2.0
intersection_first,delta_m,0.35000000000000003,0.15000000000000002,0.55,2000,2051,P2,F3_Longitudinal,2.0
intersection_first,delta_best,0.35000000000000003,0.09999999999999998,0.5499999999999999,2000,2051,P2,F3_Longitudinal,2.0
balanced_union,delta_j,0.85,0.6,1.0,2000,2051,P2,F3_Longitudinal,2.0
balanced_union,delta_m,0.8,0.6190476190476191,1.0,2000,2051,P2,F3_Longitudinal,2.0
balanced_union,delta_best,0.8,0.5789473684210527,0.9523809523809523,2000,2051,P2,F3_Longitudinal,2.0
disagreement_abstention,delta_j,0.4,0.10000000000000003,0.6499999999999999,2000,2051,P2,F3_Longitudinal,2.0
disagreement_abstention,delta_m,0.35000000000000003,0.15000000000000002,0.55,2000,2051,P2,F3_Longitudinal,2.0
disagreement_abstention,delta_best,0.35000000000000003,0.09999999999999998,0.5499999999999999,2000,2051,P2,F3_Longitudinal,2.0
minimax_oracle,delta_j,0.5499999999999999,0.29999999999999993,0.75,2000,2051,P2,F3_Longitudinal,2.0
minimax_oracle,delta_m,0.49999999999999994,0.3157894736842105,0.7002083333333322,2000,2051,P2,F3_Longitudinal,2.0
minimax_oracle,delta_best,0.49999999999999994,0.2631578947368421,0.6666666666666666,2000,2051,P2,F3_Longitudinal,2.0
jarvis_only,delta_j,0.0,0.0,0.0,2000,2051,P2,F4_KelvinOp,1.0
jarvis_only,delta_m,0.0,0.0,0.0,2000,2051,P2,F4_KelvinOp,1.0
jarvis_only,delta_best,0.0,0.0,0.0,2000,2051,P2,F4_KelvinOp,1.0
mp_only,delta_j,0.0,0.0,0.0,2000,2051,P2,F4_KelvinOp,1.0
mp_only,delta_m,0.0,0.0,0.0,2000,2051,P2,F4_KelvinOp,1.0
mp_only,delta_best,0.0,0.0,0.0,2000,2051,P2,F4_KelvinOp,1.0
average_percentile,delta_j,0.35000000000000003,0.14285714285714285,0.45,2000,2051,P2,F4_KelvinOp,1.0
average_percentile,delta_m,0.35000000000000003,0.14285714285714285,0.45,2000,2051,P2,F4_KelvinOp,1.0
average_percentile,delta_best,0.35000000000000003,0.14285714285714285,0.45,2000,2051,P2,F4_KelvinOp,1.0
borda_count,delta_j,0.35000000000000003,0.14285714285714285,0.42910714285713997,2000,2051,P2,F4_KelvinOp,1.0
borda_count,delta_m,0.35000000000000003,0.14285714285714285,0.42910714285713997,2000,2051,P2,F4_KelvinOp,1.0
borda_count,delta_best,0.35000000000000003,0.14285714285714285,0.42910714285713997,2000,2051,P2,F4_KelvinOp,1.0
maximin_percentile,delta_j,0.2,0.04999999999999999,0.35000000000000003,2000,2051,P2,F4_KelvinOp,1.0
maximin_percentile,delta_m,0.2,0.04999999999999999,0.35000000000000003,2000,2051,P2,F4_KelvinOp,1.0
maximin_percentile,delta_best,0.2,0.04999999999999999,0.35000000000000003,2000,2051,P2,F4_KelvinOp,1.0
intersection_first,delta_j,0.35000000000000003,0.14285714285714285,0.45,2000,2051,P2,F4_KelvinOp,1.0
intersection_first,delta_m,0.35000000000000003,0.14285714285714285,0.45,2000,2051,P2,F4_KelvinOp,1.0
intersection_first,delta_best,0.35000000000000003,0.14285714285714285,0.45,2000,2051,P2,F4_KelvinOp,1.0
balanced_union,delta_j,0.4,0.23809523809523808,0.5,2000,2051,P2,F4_KelvinOp,1.0
balanced_union,delta_m,0.4,0.23809523809523808,0.5,2000,2051,P2,F4_KelvinOp,1.0
balanced_union,delta_best,0.4,0.23809523809523808,0.5,2000,2051,P2,F4_KelvinOp,1.0
disagreement_abstention,delta_j,0.35000000000000003,0.14285714285714285,0.45,2000,2051,P2,F4_KelvinOp,1.0
disagreement_abstention,delta_m,0.35000000000000003,0.14285714285714285,0.45,2000,2051,P2,F4_KelvinOp,1.0
disagreement_abstention,delta_best,0.35000000000000003,0.14285714285714285,0.45,2000,2051,P2,F4_KelvinOp,1.0
minimax_oracle,delta_j,0.4,0.2857142857142857,0.47624223602484445,2000,2051,P2,F4_KelvinOp,1.0
minimax_oracle,delta_m,0.4,0.2857142857142857,0.47624223602484445,2000,2051,P2,F4_KelvinOp,1.0
minimax_oracle,delta_best,0.4,0.2857142857142857,0.47624223602484445,2000,2051,P2,F4_KelvinOp,1.0
jarvis_only,delta_j,0.0,0.0,0.0,2000,2051,P2,F4_KelvinOp,1.5
jarvis_only,delta_m,0.0,-0.15000000000000002,0.25,2000,2051,P2,F4_KelvinOp,1.5
jarvis_only,delta_best,0.0,-0.15000000000000002,0.0,2000,2051,P2,F4_KelvinOp,1.5
mp_only,delta_j,0.0,-0.25,0.15000000000000002,2000,2051,P2,F4_KelvinOp,1.5
mp_only,delta_m,0.0,0.0,0.0,2000,2051,P2,F4_KelvinOp,1.5
mp_only,delta_best,0.0,-0.25,0.0,2000,2051,P2,F4_KelvinOp,1.5
average_percentile,delta_j,0.4,0.050000000000000044,0.55,2000,2051,P2,F4_KelvinOp,1.5
average_percentile,delta_m,0.4,0.18181818181818182,0.5263157894736843,2000,2051,P2,F4_KelvinOp,1.5
average_percentile,delta_best,0.4,0.050000000000000044,0.5238095238095237,2000,2051,P2,F4_KelvinOp,1.5
borda_count,delta_j,0.4,0.050000000000000044,0.55,2000,2051,P2,F4_KelvinOp,1.5
borda_count,delta_m,0.4,0.18181818181818182,0.5263157894736843,2000,2051,P2,F4_KelvinOp,1.5
borda_count,delta_best,0.4,0.050000000000000044,0.5238095238095237,2000,2051,P2,F4_KelvinOp,1.5
maximin_percentile,delta_j,0.4,-0.05000000000000002,0.47619047619047616,2000,2051,P2,F4_KelvinOp,1.5
maximin_percentile,delta_m,0.4,0.09523809523809523,0.45,2000,2051,P2,F4_KelvinOp,1.5
maximin_percentile,delta_best,0.4,-0.05000000000000002,0.4285714285714286,2000,2051,P2,F4_KelvinOp,1.5
intersection_first,delta_j,0.4,0.050000000000000044,0.55,2000,2051,P2,F4_KelvinOp,1.5
intersection_first,delta_m,0.4,0.18181818181818182,0.5263157894736843,2000,2051,P2,F4_KelvinOp,1.5
intersection_first,delta_best,0.4,0.050000000000000044,0.5238095238095237,2000,2051,P2,F4_KelvinOp,1.5
balanced_union,delta_j,0.6499999999999999,0.30000000000000004,0.7142857142857143,2000,2051,P2,F4_KelvinOp,1.5
balanced_union,delta_m,0.6499999999999999,0.4,0.7142857142857142,2000,2051,P2,F4_KelvinOp,1.5
balanced_union,delta_best,0.6499999999999999,0.30000000000000004,0.7000000000000001,2000,2051,P2,F4_KelvinOp,1.5
disagreement_abstention,delta_j,0.4,0.050000000000000044,0.55,2000,2051,P2,F4_KelvinOp,1.5
disagreement_abstention,delta_m,0.4,0.18181818181818182,0.5263157894736843,2000,2051,P2,F4_KelvinOp,1.5
disagreement_abstention,delta_best,0.4,0.050000000000000044,0.5238095238095237,2000,2051,P2,F4_KelvinOp,1.5
minimax_oracle,delta_j,0.5,0.25,0.65,2000,2051,P2,F4_KelvinOp,1.5
minimax_oracle,delta_m,0.5,0.31578947368421056,0.6499999999999999,2000,2051,P2,F4_KelvinOp,1.5
minimax_oracle,delta_best,0.5,0.25,0.6190476190476191,2000,2051,P2,F4_KelvinOp,1.5
jarvis_only,delta_j,0.0,0.0,0.0,2000,2051,P2,F4_KelvinOp,2.0
jarvis_only,delta_m,0.0,-0.19047619047619047,0.3333333333333333,2000,2051,P2,F4_KelvinOp,2.0
jarvis_only,delta_best,0.0,-0.19047619047619047,0.0,2000,2051,P2,F4_KelvinOp,2.0
mp_only,delta_j,0.0,-0.3333333333333333,0.19047619047619047,2000,2051,P2,F4_KelvinOp,2.0
mp_only,delta_m,0.0,0.0,0.0,2000,2051,P2,F4_KelvinOp,2.0
mp_only,delta_best,0.0,-0.3333333333333333,0.0,2000,2051,P2,F4_KelvinOp,2.0
average_percentile,delta_j,0.35000000000000003,0.0,0.6,2000,2051,P2,F4_KelvinOp,2.0
average_percentile,delta_m,0.35000000000000003,0.15000000000000002,0.5714285714285714,2000,2051,P2,F4_KelvinOp,2.0
average_percentile,delta_best,0.35000000000000003,0.0,0.5,2000,2051,P2,F4_KelvinOp,2.0
borda_count,delta_j,0.35000000000000003,0.0,0.6,2000,2051,P2,F4_KelvinOp,2.0
borda_count,delta_m,0.35000000000000003,0.15000000000000002,0.5714285714285714,2000,2051,P2,F4_KelvinOp,2.0
borda_count,delta_best,0.35000000000000003,0.0,0.5,2000,2051,P2,F4_KelvinOp,2.0
maximin_percentile,delta_j,0.25,-0.10000000000000003,0.4761904761904762,2000,2051,P2,F4_KelvinOp,2.0
maximin_percentile,delta_m,0.25,0.05263157894736842,0.45000000000000007,2000,2051,P2,F4_KelvinOp,2.0
maximin_percentile,delta_best,0.25,-0.10000000000000003,0.4,2000,2051,P2,F4_KelvinOp,2.0
intersection_first,delta_j,0.35000000000000003,0.0,0.6,2000,2051,P2,F4_KelvinOp,2.0
intersection_first,delta_m,0.35000000000000003,0.15000000000000002,0.5714285714285714,2000,2051,P2,F4_KelvinOp,2.0
intersection_first,delta_best,0.35000000000000003,0.0,0.5,2000,2051,P2,F4_KelvinOp,2.0
balanced_union,delta_j,0.8,0.5263157894736843,1.0,2000,2051,P2,F4_KelvinOp,2.0
balanced_union,delta_m,0.8,0.631578947368421,1.0,2000,2051,P2,F4_KelvinOp,2.0
balanced_union,delta_best,0.8,0.5262531328320803,0.9130434782608696,2000,2051,P2,F4_KelvinOp,2.0
disagreement_abstention,delta_j,0.35000000000000003,0.0,0.6,2000,2051,P2,F4_KelvinOp,2.0
disagreement_abstention,delta_m,0.35000000000000003,0.15000000000000002,0.5714285714285714,2000,2051,P2,F4_KelvinOp,2.0
disagreement_abstention,delta_best,0.35000000000000003,0.0,0.5,2000,2051,P2,F4_KelvinOp,2.0
minimax_oracle,delta_j,0.45,0.20000000000000007,0.7142857142857143,2000,2051,P2,F4_KelvinOp,2.0
minimax_oracle,delta_m,0.45,0.3157894736842105,0.7000000000000001,2000,2051,P2,F4_KelvinOp,2.0
minimax_oracle,delta_best,0.45,0.20000000000000007,0.65,2000,2051,P2,F4_KelvinOp,2.0
