panel,metric,eval_mode,fold,strategy,budget_factor,is_primary,coverage_upper_bound,target_k,budget,n,disagreement_lambda,worst_source_recall,worst_source_ndcg,worst_source_normalized_utility,minimax_recall_regret,minimax_ndcg_regret,portfolio_size,portfolio_coverage,paired_diff_recall,paired_diff_recall_ci95_low,paired_diff_recall_ci95_high,baseline_strategy,n_test,paired_diff_ndcg
P0,F1_Frobenius,full_panel,,jarvis_only,1.0,True,False,57.0,57.0,573.0,,0.14035087719298245,0.6463877945501844,0.14035087719298245,0.8596491228070176,0.35361220544981564,57,0.09947643979057591,0.0,0.0,0.0,jarvis_only,,
P0,F1_Frobenius,full_panel,,mp_only,1.0,True,False,57.0,57.0,573.0,,0.14035087719298245,0.6733162323533636,0.14035087719298245,0.8596491228070176,0.3266837676466364,57,0.09947643979057591,0.014112903225806451,-0.02217741935483871,0.05040322580645161,jarvis_only,,
P0,F1_Frobenius,full_panel,,average_percentile,1.0,True,False,57.0,57.0,573.0,,0.45614035087719296,0.9146961778511942,0.45614035087719296,0.543859649122807,0.08530382214880583,57,0.09947643979057591,0.014112903225806451,-0.012147177419354836,0.04233870967741935,jarvis_only,,
P0,F1_Frobenius,full_panel,,borda_count,1.0,True,False,57.0,57.0,573.0,,0.45614035087719296,0.9146961778511942,0.45614035087719296,0.543859649122807,0.08530382214880583,57,0.09947643979057591,0.014112903225806451,-0.012147177419354836,0.04233870967741935,jarvis_only,,
P0,F1_Frobenius,full_panel,,maximin_percentile,1.0,True,False,57.0,57.0,573.0,,0.38596491228070173,0.9092451009794245,0.38596491228070173,0.6140350877192983,0.09075489902057554,57,0.09947643979057591,0.014112903225806451,-0.016129032258064516,0.04435483870967742,jarvis_only,,
P0,F1_Frobenius,full_panel,,intersection_first,1.0,True,False,57.0,57.0,573.0,,0.45614035087719296,0.9146961778511942,0.45614035087719296,0.543859649122807,0.08530382214880583,57,0.09947643979057591,0.014112903225806451,-0.012147177419354836,0.04233870967741935,jarvis_only,,
P0,F1_Frobenius,full_panel,,balanced_union,1.0,True,False,57.0,57.0,573.0,,0.5263157894736842,0.9019257898724794,0.5263157894736842,0.4736842105263158,0.0980742101275206,57,0.09947643979057591,0.012096774193548387,-0.012096774193548387,0.036290322580645164,jarvis_only,,
P0,F1_Frobenius,full_panel,,disagreement_abstention,1.0,True,False,57.0,57.0,573.0,0.0,0.45614035087719296,0.9146961778511942,0.45614035087719296,0.543859649122807,0.08530382214880583,57,0.09947643979057591,0.014112903225806451,-0.012147177419354836,0.04233870967741935,jarvis_only,,
P0,F1_Frobenius,full_panel,,minimax_oracle,1.0,True,False,57.0,57.0,573.0,,0.47368421052631576,0.9153945305605923,0.47368421052631576,0.5263157894736843,0.08460546943940772,57,0.09947643979057591,0.014112903225806451,-0.012096774193548387,0.040372983870967466,jarvis_only,,
P0,F1_Frobenius,full_panel,,jarvis_only,1.5,False,False,57.0,86.0,573.0,,0.2807017543859649,0.6706836495355625,0.2807017543859649,0.7192982456140351,0.3293163504644375,86,0.15008726003490402,0.0,0.0,0.0,jarvis_only,,
P0,F1_Frobenius,full_panel,,mp_only,1.5,False,False,57.0,86.0,573.0,,0.22807017543859648,0.7108723843278167,0.22807017543859648,0.7719298245614035,0.28912761567218326,86,0.15008726003490402,0.008064516129032258,-0.03225806451612903,0.04838709677419355,jarvis_only,,
P0,F1_Frobenius,full_panel,,average_percentile,1.5,False,False,57.0,86.0,573.0,,0.5263157894736842,0.8981623646785318,0.5263157894736842,0.4736842105263158,0.10183763532146817,86,0.15008726003490402,0.008064516129032258,-0.02620967741935484,0.04032258064516129,jarvis_only,,
P0,F1_Frobenius,full_panel,,borda_count,1.5,False,False,57.0,86.0,573.0,,0.5263157894736842,0.8981623646785318,0.5263157894736842,0.4736842105263158,0.10183763532146817,86,0.15008726003490402,0.008064516129032258,-0.02620967741935484,0.04032258064516129,jarvis_only,,
P0,F1_Frobenius,full_panel,,maximin_percentile,1.5,False,False,57.0,86.0,573.0,,0.45614035087719296,0.8969777747805947,0.45614035087719296,0.543859649122807,0.1030222252194053,86,0.15008726003490402,0.012096774193548387,-0.02217741935483871,0.04642137096774166,jarvis_only,,
P0,F1_Frobenius,full_panel,,intersection_first,1.5,False,False,57.0,86.0,573.0,,0.5263157894736842,0.8981623646785318,0.5263157894736842,0.4736842105263158,0.10183763532146817,86,0.15008726003490402,0.008064516129032258,-0.02620967741935484,0.04032258064516129,jarvis_only,,
P0,F1_Frobenius,full_panel,,balanced_union,1.5,False,False,57.0,86.0,573.0,,0.7894736842105263,0.8717844935088075,0.7894736842105263,0.21052631578947367,0.1282155064911925,86,0.15008726003490402,0.006048387096774193,-0.024193548387096774,0.034274193548387094,jarvis_only,,
P0,F1_Frobenius,full_panel,,disagreement_abstention,1.5,False,False,57.0,86.0,573.0,0.0,0.5263157894736842,0.8981623646785318,0.5263157894736842,0.4736842105263158,0.10183763532146817,86,0.15008726003490402,0.008064516129032258,-0.02620967741935484,0.04032258064516129,jarvis_only,,
P0,F1_Frobenius,full_panel,,minimax_oracle,1.5,False,False,57.0,86.0,573.0,,0.5964912280701754,0.9057294482418681,0.5964912280701754,0.4035087719298246,0.09427055175813193,86,0.15008726003490402,0.010080645161290322,-0.02217741935483871,0.038306451612903226,jarvis_only,,
P0,F1_Frobenius,full_panel,,jarvis_only,2.0,False,False,57.0,114.0,573.0,,0.3333333333333333,0.6938022282209471,0.3333333333333333,0.6666666666666667,0.30619777177905294,114,0.19895287958115182,0.0,0.0,0.0,jarvis_only,,
P0,F1_Frobenius,full_panel,,mp_only,2.0,False,False,57.0,114.0,573.0,,0.3157894736842105,0.7259771106849818,0.3157894736842105,0.6842105263157895,0.27402288931501817,114,0.19895287958115182,0.010080645161290322,-0.034274193548387094,0.056451612903225805,jarvis_only,,
P0,F1_Frobenius,full_panel,,average_percentile,2.0,False,False,57.0,114.0,573.0,,0.5789473684210527,0.8957136614493961,0.5789473684210527,0.42105263157894735,0.10428633855060387,114,0.19895287958115182,0.010080645161290322,-0.024193548387096774,0.0444052419354836,jarvis_only,,
P0,F1_Frobenius,full_panel,,borda_count,2.0,False,False,57.0,114.0,573.0,,0.5789473684210527,0.8957136614493961,0.5789473684210527,0.42105263157894735,0.10428633855060387,114,0.19895287958115182,0.010080645161290322,-0.024193548387096774,0.0444052419354836,jarvis_only,,
P0,F1_Frobenius,full_panel,,maximin_percentile,2.0,False,False,57.0,114.0,573.0,,0.49122807017543857,0.8903221413260931,0.49122807017543857,0.5087719298245614,0.10967785867390689,114,0.19895287958115182,0.010080645161290322,-0.026260080645161287,0.04838709677419355,jarvis_only,,
P0,F1_Frobenius,full_panel,,intersection_first,2.0,False,False,57.0,114.0,573.0,,0.5789473684210527,0.8957136614493961,0.5789473684210527,0.42105263157894735,0.10428633855060387,114,0.19895287958115182,0.010080645161290322,-0.024193548387096774,0.0444052419354836,jarvis_only,,
P0,F1_Frobenius,full_panel,,balanced_union,2.0,False,True,57.0,114.0,573.0,,1.0,0.8511240479798208,1.0,0.0,0.14887595202017923,114,0.19895287958115182,-0.0020161290322580645,-0.034274193548387094,0.03024193548387097,jarvis_only,,
P0,F1_Frobenius,full_panel,,disagreement_abstention,2.0,False,False,57.0,114.0,573.0,0.0,0.5789473684210527,0.8957136614493961,0.5789473684210527,0.42105263157894735,0.10428633855060387,114,0.19895287958115182,0.010080645161290322,-0.024193548387096774,0.0444052419354836,jarvis_only,,
P0,F1_Frobenius,full_panel,,minimax_oracle,2.0,False,False,57.0,114.0,573.0,,0.6666666666666666,0.9022163696073463,0.6666666666666666,0.33333333333333337,0.0977836303926537,114,0.19895287958115182,0.012096774193548387,-0.020161290322580645,0.04435483870967742,jarvis_only,,
P0,F1_Frobenius,cv_fold,0.0,jarvis_only,1.0,True,False,,,,,0.09090909090909091,0.5694387565375718,,0.9090909090909091,,11,0.09734513274336283,0.0,,,,113.0,-0.10076289163037266
P0,F1_Frobenius,cv_fold,0.0,mp_only,1.0,True,False,,,,,0.09090909090909091,0.6702016481679445,,0.9090909090909091,,11,0.09734513274336283,0.0,,,,113.0,0.0
P0,F1_Frobenius,cv_fold,0.0,average_percentile,1.0,True,False,,,,,0.2727272727272727,0.8975437925220405,,0.7272727272727273,,11,0.09734513274336283,0.1818181818181818,,,,113.0,0.22734214435409605
P0,F1_Frobenius,cv_fold,0.0,borda_count,1.0,True,False,,,,,0.2727272727272727,0.8975437925220405,,0.7272727272727273,,11,0.09734513274336283,0.1818181818181818,,,,113.0,0.22734214435409605
P0,F1_Frobenius,cv_fold,0.0,maximin_percentile,1.0,True,False,,,,,0.2727272727272727,0.8922648500819483,,0.7272727272727273,,11,0.09734513274336283,0.1818181818181818,,,,113.0,0.22206320191400386
P0,F1_Frobenius,cv_fold,0.0,intersection_first,1.0,True,False,,,,,0.2727272727272727,0.8975437925220405,,0.7272727272727273,,11,0.09734513274336283,0.1818181818181818,,,,113.0,0.22734214435409605
P0,F1_Frobenius,cv_fold,0.0,balanced_union,1.0,True,False,,,,,0.45454545454545453,0.8936588660907371,,0.5454545454545454,,11,0.09734513274336283,0.36363636363636365,,,,113.0,0.2234572179227926
P0,F1_Frobenius,cv_fold,0.0,disagreement_abstention,1.0,True,False,,,,0.0,0.2727272727272727,0.8975437925220405,,0.7272727272727273,,11,0.09734513274336283,0.1818181818181818,,,,113.0,0.22734214435409605
P0,F1_Frobenius,cv_fold,0.0,minimax_oracle,1.0,True,False,,,,,0.45454545454545453,0.8962806401805531,,0.5454545454545454,,11,0.09734513274336283,0.36363636363636365,,,,113.0,0.22607899201260861
P0,F1_Frobenius,cv_fold,1.0,jarvis_only,1.0,True,False,,,,,0.0,0.45467025482335716,,1.0,,12,0.09917355371900827,0.0,,,,121.0,-0.14595132037474717
P0,F1_Frobenius,cv_fold,1.0,mp_only,1.0,True,False,,,,,0.0,0.6006215751981043,,1.0,,12,0.09917355371900827,0.0,,,,121.0,0.0
P0,F1_Frobenius,cv_fold,1.0,average_percentile,1.0,True,False,,,,,0.16666666666666666,0.8611275525328534,,0.8333333333333334,,12,0.09917355371900827,0.16666666666666666,,,,121.0,0.2605059773347491
P0,F1_Frobenius,cv_fold,1.0,borda_count,1.0,True,False,,,,,0.16666666666666666,0.8611275525328534,,0.8333333333333334,,12,0.09917355371900827,0.16666666666666666,,,,121.0,0.2605059773347491
P0,F1_Frobenius,cv_fold,1.0,maximin_percentile,1.0,True,False,,,,,0.08333333333333333,0.8488362265852979,,0.9166666666666666,,12,0.09917355371900827,0.08333333333333333,,,,121.0,0.24821465138719356
P0,F1_Frobenius,cv_fold,1.0,intersection_first,1.0,True,False,,,,,0.16666666666666666,0.8611275525328534,,0.8333333333333334,,12,0.09917355371900827,0.16666666666666666,,,,121.0,0.2605059773347491
P0,F1_Frobenius,cv_fold,1.0,balanced_union,1.0,True,False,,,,,0.4166666666666667,0.8288321824308501,,0.5833333333333333,,12,0.09917355371900827,0.4166666666666667,,,,121.0,0.22821060723274578
P0,F1_Frobenius,cv_fold,1.0,disagreement_abstention,1.0,True,False,,,,0.0,0.16666666666666666,0.8611275525328534,,0.8333333333333334,,12,0.09917355371900827,0.16666666666666666,,,,121.0,0.2605059773347491
P0,F1_Frobenius,cv_fold,1.0,minimax_oracle,1.0,True,False,,,,,0.3333333333333333,0.858885457066325,,0.6666666666666667,,12,0.09917355371900827,0.3333333333333333,,,,121.0,0.2582638818682207
P0,F1_Frobenius,cv_fold,2.0,jarvis_only,1.0,True,False,,,,,0.2222222222222222,0.7532436724678,,0.7777777777777778,,9,0.09574468085106383,0.0,,,,94.0,0.0
P0,F1_Frobenius,cv_fold,2.0,mp_only,1.0,True,False,,,,,0.2222222222222222,0.7094332231741621,,0.7777777777777778,,9,0.09574468085106383,0.0,,,,94.0,-0.043810449293637865
P0,F1_Frobenius,cv_fold,2.0,average_percentile,1.0,True,False,,,,,0.5555555555555556,0.914398529312688,,0.4444444444444444,,9,0.09574468085106383,0.33333333333333337,,,,94.0,0.16115485684488795
P0,F1_Frobenius,cv_fold,2.0,borda_count,1.0,True,False,,,,,0.5555555555555556,0.914398529312688,,0.4444444444444444,,9,0.09574468085106383,0.33333333333333337,,,,94.0,0.16115485684488795
P0,F1_Frobenius,cv_fold,2.0,maximin_percentile,1.0,True,False,,,,,0.4444444444444444,0.9122669132981056,,0.5555555555555556,,9,0.09574468085106383,0.2222222222222222,,,,94.0,0.1590232408303056
P0,F1_Frobenius,cv_fold,2.0,intersection_first,1.0,True,False,,,,,0.5555555555555556,0.914398529312688,,0.4444444444444444,,9,0.09574468085106383,0.33333333333333337,,,,94.0,0.16115485684488795
P0,F1_Frobenius,cv_fold,2.0,balanced_union,1.0,True,False,,,,,0.5555555555555556,0.9135150595611692,,0.4444444444444444,,9,0.09574468085106383,0.33333333333333337,,,,94.0,0.1602713870933692
P0,F1_Frobenius,cv_fold,2.0,disagreement_abstention,1.0,True,False,,,,0.0,0.5555555555555556,0.914398529312688,,0.4444444444444444,,9,0.09574468085106383,0.33333333333333337,,,,94.0,0.16115485684488795
P0,F1_Frobenius,cv_fold,2.0,minimax_oracle,1.0,True,False,,,,,0.5555555555555556,0.914398529312688,,0.4444444444444444,,9,0.09574468085106383,0.33333333333333337,,,,94.0,0.16115485684488795
P0,F1_Frobenius,cv_fold,3.0,jarvis_only,1.0,True,False,,,,,0.38461538461538464,0.8357696330047067,,0.6153846153846154,,13,0.1,0.0,,,,130.0,0.0
P0,F1_Frobenius,cv_fold,3.0,mp_only,1.0,True,False,,,,,0.38461538461538464,0.7616402282287086,,0.6153846153846154,,13,0.1,0.0,,,,130.0,-0.07412940477599816
P0,F1_Frobenius,cv_fold,3.0,average_percentile,1.0,True,False,,,,,0.6153846153846154,0.936472313906856,,0.3846153846153846,,13,0.1,0.23076923076923078,,,,130.0,0.10070268090214929
P0,F1_Frobenius,cv_fold,3.0,borda_count,1.0,True,False,,,,,0.6153846153846154,0.936472313906856,,0.3846153846153846,,13,0.1,0.23076923076923078,,,,130.0,0.10070268090214929
P0,F1_Frobenius,cv_fold,3.0,maximin_percentile,1.0,True,False,,,,,0.5384615384615384,0.9245976277933493,,0.46153846153846156,,13,0.1,0.1538461538461538,,,,130.0,0.08882799478864256
P0,F1_Frobenius,cv_fold,3.0,intersection_first,1.0,True,False,,,,,0.6153846153846154,0.936472313906856,,0.3846153846153846,,13,0.1,0.23076923076923078,,,,130.0,0.10070268090214929
P0,F1_Frobenius,cv_fold,3.0,balanced_union,1.0,True,False,,,,,0.6153846153846154,0.9271980079082698,,0.3846153846153846,,13,0.1,0.23076923076923078,,,,130.0,0.09142837490356304
P0,F1_Frobenius,cv_fold,3.0,disagreement_abstention,1.0,True,False,,,,0.0,0.6153846153846154,0.936472313906856,,0.3846153846153846,,13,0.1,0.23076923076923078,,,,130.0,0.10070268090214929
P0,F1_Frobenius,cv_fold,3.0,minimax_oracle,1.0,True,False,,,,,0.6923076923076923,0.9339202992617681,,0.3076923076923077,,13,0.1,0.30769230769230765,,,,130.0,0.09815066625706137
P0,F1_Frobenius,cv_fold,4.0,jarvis_only,1.0,True,False,,,,,0.18181818181818182,0.7011855408434454,,0.8181818181818181,,11,0.09565217391304348,0.0,,,,115.0,0.0
P0,F1_Frobenius,cv_fold,4.0,mp_only,1.0,True,False,,,,,0.18181818181818182,0.6532878200702735,,0.8181818181818181,,11,0.09565217391304348,0.0,,,,115.0,-0.04789772077317189
P0,F1_Frobenius,cv_fold,4.0,average_percentile,1.0,True,False,,,,,0.2727272727272727,0.8842580622040338,,0.7272727272727273,,11,0.09565217391304348,0.09090909090909088,,,,115.0,0.18307252136058838
P0,F1_Frobenius,cv_fold,4.0,borda_count,1.0,True,False,,,,,0.2727272727272727,0.8842580622040338,,0.7272727272727273,,11,0.09565217391304348,0.09090909090909088,,,,115.0,0.18307252136058838
P0,F1_Frobenius,cv_fold,4.0,maximin_percentile,1.0,True,False,,,,,0.2727272727272727,0.9038453615680452,,0.7272727272727273,,11,0.09565217391304348,0.09090909090909088,,,,115.0,0.20265982072459976
P0,F1_Frobenius,cv_fold,4.0,intersection_first,1.0,True,False,,,,,0.2727272727272727,0.8842580622040338,,0.7272727272727273,,11,0.09565217391304348,0.09090909090909088,,,,115.0,0.18307252136058838
P0,F1_Frobenius,cv_fold,4.0,balanced_union,1.0,True,False,,,,,0.5454545454545454,0.8984847213623383,,0.4545454545454546,,11,0.09565217391304348,0.3636363636363636,,,,115.0,0.19729918051889284
P0,F1_Frobenius,cv_fold,4.0,disagreement_abstention,1.0,True,False,,,,0.0,0.2727272727272727,0.8842580622040338,,0.7272727272727273,,11,0.09565217391304348,0.09090909090909088,,,,115.0,0.18307252136058838
P0,F1_Frobenius,cv_fold,4.0,minimax_oracle,1.0,True,False,,,,,0.45454545454545453,0.895601664530163,,0.5454545454545454,,11,0.09565217391304348,0.2727272727272727,,,,115.0,0.19441612368671757
P0,F3_Longitudinal,full_panel,,jarvis_only,1.0,True,False,57.0,57.0,573.0,,0.12280701754385964,0.6278138609648292,0.12280701754385964,0.8771929824561404,0.37218613903517084,57,0.09947643979057591,0.0,0.0,0.0,jarvis_only,,
P0,F3_Longitudinal,full_panel,,mp_only,1.0,True,False,57.0,57.0,573.0,,0.12280701754385964,0.6750425291799023,0.12280701754385964,0.8771929824561404,0.32495747082009774,57,0.09947643979057591,0.016129032258064516,-0.018145161290322582,0.05040322580645161,jarvis_only,,
P0,F3_Longitudinal,full_panel,,average_percentile,1.0,True,False,57.0,57.0,573.0,,0.43859649122807015,0.9030748068924349,0.43859649122807015,0.5614035087719298,0.09692519310756509,57,0.09947643979057591,0.016129032258064516,-0.012096774193548387,0.04435483870967742,jarvis_only,,
P0,F3_Longitudinal,full_panel,,borda_count,1.0,True,False,57.0,57.0,573.0,,0.43859649122807015,0.9030748068924349,0.43859649122807015,0.5614035087719298,0.09692519310756509,57,0.09947643979057591,0.016129032258064516,-0.012096774193548387,0.04435483870967742,jarvis_only,,
P0,F3_Longitudinal,full_panel,,maximin_percentile,1.0,True,False,57.0,57.0,573.0,,0.3333333333333333,0.9031874423024356,0.3333333333333333,0.6666666666666667,0.09681255769756436,57,0.09947643979057591,0.014112903225806451,-0.016129032258064516,0.04435483870967742,jarvis_only,,
P0,F3_Longitudinal,full_panel,,intersection_first,1.0,True,False,57.0,57.0,573.0,,0.43859649122807015,0.9030748068924349,0.43859649122807015,0.5614035087719298,0.09692519310756509,57,0.09947643979057591,0.016129032258064516,-0.012096774193548387,0.04435483870967742,jarvis_only,,
P0,F3_Longitudinal,full_panel,,balanced_union,1.0,True,False,57.0,57.0,573.0,,0.5087719298245614,0.8970419315828854,0.5087719298245614,0.49122807017543857,0.10295806841711463,57,0.09947643979057591,0.014112903225806451,-0.012096774193548387,0.038306451612903226,jarvis_only,,
P0,F3_Longitudinal,full_panel,,disagreement_abstention,1.0,True,False,57.0,57.0,573.0,0.0,0.43859649122807015,0.9030748068924349,0.43859649122807015,0.5614035087719298,0.09692519310756509,57,0.09947643979057591,0.016129032258064516,-0.012096774193548387,0.04435483870967742,jarvis_only,,
P0,F3_Longitudinal,full_panel,,minimax_oracle,1.0,True,False,57.0,57.0,573.0,,0.43859649122807015,0.9030748068924349,0.43859649122807015,0.5614035087719298,0.09692519310756509,57,0.09947643979057591,0.016129032258064516,-0.012096774193548387,0.04435483870967742,jarvis_only,,
P0,F3_Longitudinal,full_panel,,jarvis_only,1.5,False,False,57.0,86.0,573.0,,0.24561403508771928,0.6793726572671981,0.24561403508771928,0.7543859649122807,0.3206273427328019,86,0.15008726003490402,0.0,0.0,0.0,jarvis_only,,
P0,F3_Longitudinal,full_panel,,mp_only,1.5,False,False,57.0,86.0,573.0,,0.19298245614035087,0.6883874211867325,0.19298245614035087,0.8070175438596492,0.31161257881326754,86,0.15008726003490402,0.006048387096774193,-0.036290322580645164,0.04838709677419355,jarvis_only,,
P0,F3_Longitudinal,full_panel,,average_percentile,1.5,False,False,57.0,86.0,573.0,,0.5087719298245614,0.9063908056372508,0.5087719298245614,0.49122807017543857,0.09360919436274917,86,0.15008726003490402,0.014112903225806451,-0.018145161290322582,0.046370967741935484,jarvis_only,,
P0,F3_Longitudinal,full_panel,,borda_count,1.5,False,False,57.0,86.0,573.0,,0.5087719298245614,0.9063908056372508,0.5087719298245614,0.49122807017543857,0.09360919436274917,86,0.15008726003490402,0.014112903225806451,-0.018145161290322582,0.046370967741935484,jarvis_only,,
P0,F3_Longitudinal,full_panel,,maximin_percentile,1.5,False,False,57.0,86.0,573.0,,0.42105263157894735,0.8928913388071565,0.42105263157894735,0.5789473684210527,0.10710866119284346,86,0.15008726003490402,0.014112903225806451,-0.020161290322580645,0.04838709677419355,jarvis_only,,
P0,F3_Longitudinal,full_panel,,intersection_first,1.5,False,False,57.0,86.0,573.0,,0.5087719298245614,0.9063908056372508,0.5087719298245614,0.49122807017543857,0.09360919436274917,86,0.15008726003490402,0.014112903225806451,-0.018145161290322582,0.046370967741935484,jarvis_only,,
P0,F3_Longitudinal,full_panel,,balanced_union,1.5,False,False,57.0,86.0,573.0,,0.7543859649122807,0.8626590152216678,0.7543859649122807,0.24561403508771928,0.13734098477833223,86,0.15008726003490402,0.006048387096774193,-0.024193548387096774,0.038306451612903226,jarvis_only,,
P0,F3_Longitudinal,full_panel,,disagreement_abstention,1.5,False,False,57.0,86.0,573.0,0.0,0.5087719298245614,0.9063908056372508,0.5087719298245614,0.49122807017543857,0.09360919436274917,86,0.15008726003490402,0.014112903225806451,-0.018145161290322582,0.046370967741935484,jarvis_only,,
P0,F3_Longitudinal,full_panel,,minimax_oracle,1.5,False,False,57.0,86.0,573.0,,0.5789473684210527,0.8960019664568024,0.5789473684210527,0.42105263157894735,0.10399803354319759,86,0.15008726003490402,0.014112903225806451,-0.016129032258064516,0.046370967741935484,jarvis_only,,
P0,F3_Longitudinal,full_panel,,jarvis_only,2.0,False,False,57.0,114.0,573.0,,0.3333333333333333,0.7118546610670355,0.3333333333333333,0.6666666666666667,0.28814533893296446,114,0.19895287958115182,0.0,0.0,0.0,jarvis_only,,
P0,F3_Longitudinal,full_panel,,mp_only,2.0,False,False,57.0,114.0,573.0,,0.3157894736842105,0.7307496878854723,0.3157894736842105,0.6842105263157895,0.26925031211452766,114,0.19895287958115182,0.008064516129032258,-0.036290322580645164,0.05241935483870968,jarvis_only,,
P0,F3_Longitudinal,full_panel,,average_percentile,2.0,False,False,57.0,114.0,573.0,,0.5964912280701754,0.899609251030365,0.5964912280701754,0.4035087719298246,0.10039074896963496,114,0.19895287958115182,0.010080645161290322,-0.02217741935483871,0.04435483870967742,jarvis_only,,
P0,F3_Longitudinal,full_panel,,borda_count,2.0,False,False,57.0,114.0,573.0,,0.5964912280701754,0.899609251030365,0.5964912280701754,0.4035087719298246,0.10039074896963496,114,0.19895287958115182,0.010080645161290322,-0.02217741935483871,0.04435483870967742,jarvis_only,,
P0,F3_Longitudinal,full_panel,,maximin_percentile,2.0,False,False,57.0,114.0,573.0,,0.49122807017543857,0.8883416783940183,0.49122807017543857,0.5087719298245614,0.11165832160598166,114,0.19895287958115182,0.010080645161290322,-0.02620967741935484,0.04838709677419355,jarvis_only,,
P0,F3_Longitudinal,full_panel,,intersection_first,2.0,False,False,57.0,114.0,573.0,,0.5964912280701754,0.899609251030365,0.5964912280701754,0.4035087719298246,0.10039074896963496,114,0.19895287958115182,0.010080645161290322,-0.02217741935483871,0.04435483870967742,jarvis_only,,
P0,F3_Longitudinal,full_panel,,balanced_union,2.0,False,True,57.0,114.0,573.0,,1.0,0.8440813187914722,1.0,0.0,0.1559186812085278,114,0.19895287958115182,-0.004032258064516129,-0.036290322580645164,0.03024193548387097,jarvis_only,,
P0,F3_Longitudinal,full_panel,,disagreement_abstention,2.0,False,False,57.0,114.0,573.0,0.0,0.5964912280701754,0.899609251030365,0.5964912280701754,0.4035087719298246,0.10039074896963496,114,0.19895287958115182,0.010080645161290322,-0.02217741935483871,0.04435483870967742,jarvis_only,,
P0,F3_Longitudinal,full_panel,,minimax_oracle,2.0,False,False,57.0,114.0,573.0,,0.6842105263157895,0.8913253103787637,0.6842105263157895,0.3157894736842105,0.10867468962123628,114,0.19895287958115182,0.010080645161290322,-0.018145161290322582,0.04233870967741935,jarvis_only,,
P0,F3_Longitudinal,cv_fold,0.0,jarvis_only,1.0,True,False,,,,,0.09090909090909091,0.6037624498519393,,0.9090909090909091,,11,0.09734513274336283,0.0,,,,113.0,-0.08458291506511251
P0,F3_Longitudinal,cv_fold,0.0,mp_only,1.0,True,False,,,,,0.09090909090909091,0.6883453649170518,,0.9090909090909091,,11,0.09734513274336283,0.0,,,,113.0,0.0
P0,F3_Longitudinal,cv_fold,0.0,average_percentile,1.0,True,False,,,,,0.36363636363636365,0.9047005745945694,,0.6363636363636364,,11,0.09734513274336283,0.2727272727272727,,,,113.0,0.21635520967751765
P0,F3_Longitudinal,cv_fold,0.0,borda_count,1.0,True,False,,,,,0.36363636363636365,0.9047005745945694,,0.6363636363636364,,11,0.09734513274336283,0.2727272727272727,,,,113.0,0.21635520967751765
P0,F3_Longitudinal,cv_fold,0.0,maximin_percentile,1.0,True,False,,,,,0.2727272727272727,0.8987968130163511,,0.7272727272727273,,11,0.09734513274336283,0.1818181818181818,,,,113.0,0.21045144809929928
P0,F3_Longitudinal,cv_fold,0.0,intersection_first,1.0,True,False,,,,,0.36363636363636365,0.9047005745945694,,0.6363636363636364,,11,0.09734513274336283,0.2727272727272727,,,,113.0,0.21635520967751765
P0,F3_Longitudinal,cv_fold,0.0,balanced_union,1.0,True,False,,,,,0.45454545454545453,0.8871365162466922,,0.5454545454545454,,11,0.09734513274336283,0.36363636363636365,,,,113.0,0.19879115132964043
P0,F3_Longitudinal,cv_fold,0.0,disagreement_abstention,1.0,True,False,,,,0.0,0.36363636363636365,0.9047005745945694,,0.6363636363636364,,11,0.09734513274336283,0.2727272727272727,,,,113.0,0.21635520967751765
P0,F3_Longitudinal,cv_fold,0.0,minimax_oracle,1.0,True,False,,,,,0.36363636363636365,0.9047005745945694,,0.6363636363636364,,11,0.09734513274336283,0.2727272727272727,,,,113.0,0.21635520967751765
P0,F3_Longitudinal,cv_fold,1.0,jarvis_only,1.0,True,False,,,,,0.08333333333333333,0.6085222616675633,,0.9166666666666666,,12,0.09917355371900827,0.0,,,,121.0,0.0
P0,F3_Longitudinal,cv_fold,1.0,mp_only,1.0,True,False,,,,,0.08333333333333333,0.607738307413221,,0.9166666666666666,,12,0.09917355371900827,0.0,,,,121.0,-0.0007839542543423006
P0,F3_Longitudinal,cv_fold,1.0,average_percentile,1.0,True,False,,,,,0.3333333333333333,0.8800720666247761,,0.6666666666666667,,12,0.09917355371900827,0.25,,,,121.0,0.2715498049572128
P0,F3_Longitudinal,cv_fold,1.0,borda_count,1.0,True,False,,,,,0.3333333333333333,0.8800720666247761,,0.6666666666666667,,12,0.09917355371900827,0.25,,,,121.0,0.2715498049572128
P0,F3_Longitudinal,cv_fold,1.0,maximin_percentile,1.0,True,False,,,,,0.3333333333333333,0.8781813054958456,,0.6666666666666667,,12,0.09917355371900827,0.25,,,,121.0,0.2696590438282823
P0,F3_Longitudinal,cv_fold,1.0,intersection_first,1.0,True,False,,,,,0.3333333333333333,0.8800720666247761,,0.6666666666666667,,12,0.09917355371900827,0.25,,,,121.0,0.2715498049572128
P0,F3_Longitudinal,cv_fold,1.0,balanced_union,1.0,True,False,,,,,0.5,0.8474179372251452,,0.5,,12,0.09917355371900827,0.4166666666666667,,,,121.0,0.23889567555758195
P0,F3_Longitudinal,cv_fold,1.0,disagreement_abstention,1.0,True,False,,,,0.0,0.3333333333333333,0.8800720666247761,,0.6666666666666667,,12,0.09917355371900827,0.25,,,,121.0,0.2715498049572128
P0,F3_Longitudinal,cv_fold,1.0,minimax_oracle,1.0,True,False,,,,,0.4166666666666667,0.8854270183160475,,0.5833333333333333,,12,0.09917355371900827,0.33333333333333337,,,,121.0,0.27690475664848424
P0,F3_Longitudinal,cv_fold,2.0,jarvis_only,1.0,True,False,,,,,0.1111111111111111,0.6470920792053049,,0.8888888888888888,,9,0.09574468085106383,0.0,,,,94.0,-0.05705875253704662
P0,F3_Longitudinal,cv_fold,2.0,mp_only,1.0,True,False,,,,,0.1111111111111111,0.7041508317423515,,0.8888888888888888,,9,0.09574468085106383,0.0,,,,94.0,0.0
P0,F3_Longitudinal,cv_fold,2.0,average_percentile,1.0,True,False,,,,,0.4444444444444444,0.8959204955045531,,0.5555555555555556,,9,0.09574468085106383,0.3333333333333333,,,,94.0,0.19176966376220161
P0,F3_Longitudinal,cv_fold,2.0,borda_count,1.0,True,False,,,,,0.4444444444444444,0.8959204955045531,,0.5555555555555556,,9,0.09574468085106383,0.3333333333333333,,,,94.0,0.19176966376220161
P0,F3_Longitudinal,cv_fold,2.0,maximin_percentile,1.0,True,False,,,,,0.2222222222222222,0.8813097040371906,,0.7777777777777778,,9,0.09574468085106383,0.1111111111111111,,,,94.0,0.17715887229483906
P0,F3_Longitudinal,cv_fold,2.0,intersection_first,1.0,True,False,,,,,0.4444444444444444,0.8959204955045531,,0.5555555555555556,,9,0.09574468085106383,0.3333333333333333,,,,94.0,0.19176966376220161
P0,F3_Longitudinal,cv_fold,2.0,balanced_union,1.0,True,False,,,,,0.5555555555555556,0.8854927910669519,,0.4444444444444444,,9,0.09574468085106383,0.4444444444444445,,,,94.0,0.1813419593246004
P0,F3_Longitudinal,cv_fold,2.0,disagreement_abstention,1.0,True,False,,,,0.0,0.4444444444444444,0.8959204955045531,,0.5555555555555556,,9,0.09574468085106383,0.3333333333333333,,,,94.0,0.19176966376220161
P0,F3_Longitudinal,cv_fold,2.0,minimax_oracle,1.0,True,False,,,,,0.4444444444444444,0.8959204955045531,,0.5555555555555556,,9,0.09574468085106383,0.3333333333333333,,,,94.0,0.19176966376220161
P0,F3_Longitudinal,cv_fold,3.0,jarvis_only,1.0,True,False,,,,,0.3076923076923077,0.7779084571685625,,0.6923076923076923,,13,0.1,0.0,,,,130.0,0.0
P0,F3_Longitudinal,cv_fold,3.0,mp_only,1.0,True,False,,,,,0.3076923076923077,0.7362371156344212,,0.6923076923076923,,13,0.1,0.0,,,,130.0,-0.041671341534141315
P0,F3_Longitudinal,cv_fold,3.0,average_percentile,1.0,True,False,,,,,0.5384615384615384,0.9357578931810882,,0.46153846153846156,,13,0.1,0.23076923076923073,,,,130.0,0.15784943601252566
P0,F3_Longitudinal,cv_fold,3.0,borda_count,1.0,True,False,,,,,0.5384615384615384,0.9357578931810882,,0.46153846153846156,,13,0.1,0.23076923076923073,,,,130.0,0.15784943601252566
P0,F3_Longitudinal,cv_fold,3.0,maximin_percentile,1.0,True,False,,,,,0.5384615384615384,0.9392379666428864,,0.46153846153846156,,13,0.1,0.23076923076923073,,,,130.0,0.1613295094743239
P0,F3_Longitudinal,cv_fold,3.0,intersection_first,1.0,True,False,,,,,0.5384615384615384,0.9357578931810882,,0.46153846153846156,,13,0.1,0.23076923076923073,,,,130.0,0.15784943601252566
P0,F3_Longitudinal,cv_fold,3.0,balanced_union,1.0,True,False,,,,,0.5384615384615384,0.912599611250218,,0.46153846153846156,,13,0.1,0.23076923076923073,,,,130.0,0.13469115408165555
P0,F3_Longitudinal,cv_fold,3.0,disagreement_abstention,1.0,True,False,,,,0.0,0.5384615384615384,0.9357578931810882,,0.46153846153846156,,13,0.1,0.23076923076923073,,,,130.0,0.15784943601252566
P0,F3_Longitudinal,cv_fold,3.0,minimax_oracle,1.0,True,False,,,,,0.6153846153846154,0.9332061993377666,,0.3846153846153846,,13,0.1,0.3076923076923077,,,,130.0,0.1552977421692041
P0,F3_Longitudinal,cv_fold,4.0,jarvis_only,1.0,True,False,,,,,0.18181818181818182,0.6487820994033952,,0.8181818181818181,,11,0.09565217391304348,0.0,,,,115.0,-0.0032571712686069176
P0,F3_Longitudinal,cv_fold,4.0,mp_only,1.0,True,False,,,,,0.18181818181818182,0.6520392706720021,,0.8181818181818181,,11,0.09565217391304348,0.0,,,,115.0,0.0
P0,F3_Longitudinal,cv_fold,4.0,average_percentile,1.0,True,False,,,,,0.2727272727272727,0.895080872914861,,0.7272727272727273,,11,0.09565217391304348,0.09090909090909088,,,,115.0,0.24304160224285898
P0,F3_Longitudinal,cv_fold,4.0,borda_count,1.0,True,False,,,,,0.2727272727272727,0.895080872914861,,0.7272727272727273,,11,0.09565217391304348,0.09090909090909088,,,,115.0,0.24304160224285898
P0,F3_Longitudinal,cv_fold,4.0,maximin_percentile,1.0,True,False,,,,,0.2727272727272727,0.9011827173155034,,0.7272727272727273,,11,0.09565217391304348,0.09090909090909088,,,,115.0,0.2491434466435013
P0,F3_Longitudinal,cv_fold,4.0,intersection_first,1.0,True,False,,,,,0.2727272727272727,0.895080872914861,,0.7272727272727273,,11,0.09565217391304348,0.09090909090909088,,,,115.0,0.24304160224285898
P0,F3_Longitudinal,cv_fold,4.0,balanced_union,1.0,True,False,,,,,0.5454545454545454,0.8734002011054592,,0.4545454545454546,,11,0.09565217391304348,0.3636363636363636,,,,115.0,0.22136093043345717
P0,F3_Longitudinal,cv_fold,4.0,disagreement_abstention,1.0,True,False,,,,0.0,0.2727272727272727,0.895080872914861,,0.7272727272727273,,11,0.09565217391304348,0.09090909090909088,,,,115.0,0.24304160224285898
P0,F3_Longitudinal,cv_fold,4.0,minimax_oracle,1.0,True,False,,,,,0.36363636363636365,0.8849214565812902,,0.6363636363636364,,11,0.09565217391304348,0.18181818181818182,,,,115.0,0.2328821859092881
P0,F4_KelvinOp,full_panel,,jarvis_only,1.0,True,False,57.0,57.0,573.0,,0.15789473684210525,0.6514088478495519,0.15789473684210525,0.8421052631578947,0.3485911521504481,57,0.09947643979057591,0.0,0.0,0.0,jarvis_only,,
P0,F4_KelvinOp,full_panel,,mp_only,1.0,True,False,57.0,57.0,573.0,,0.15789473684210525,0.6688463534956451,0.15789473684210525,0.8421052631578947,0.33115364650435486,57,0.09947643979057591,0.016129032258064516,-0.020161290322580645,0.05040322580645161,jarvis_only,,
P0,F4_KelvinOp,full_panel,,average_percentile,1.0,True,False,57.0,57.0,573.0,,0.45614035087719296,0.9091204057900333,0.45614035087719296,0.543859649122807,0.09087959420996672,57,0.09947643979057591,0.014112903225806451,-0.014112903225806451,0.04032258064516129,jarvis_only,,
P0,F4_KelvinOp,full_panel,,borda_count,1.0,True,False,57.0,57.0,573.0,,0.45614035087719296,0.9091204057900333,0.45614035087719296,0.543859649122807,0.09087959420996672,57,0.09947643979057591,0.014112903225806451,-0.014112903225806451,0.04032258064516129,jarvis_only,,
P0,F4_KelvinOp,full_panel,,maximin_percentile,1.0,True,False,57.0,57.0,573.0,,0.3508771929824561,0.9030846844953493,0.3508771929824561,0.6491228070175439,0.09691531550465071,57,0.09947643979057591,0.012096774193548387,-0.018145161290322582,0.04233870967741935,jarvis_only,,
P0,F4_KelvinOp,full_panel,,intersection_first,1.0,True,False,57.0,57.0,573.0,,0.45614035087719296,0.9091204057900333,0.45614035087719296,0.543859649122807,0.09087959420996672,57,0.09947643979057591,0.014112903225806451,-0.014112903225806451,0.04032258064516129,jarvis_only,,
P0,F4_KelvinOp,full_panel,,balanced_union,1.0,True,False,57.0,57.0,573.0,,0.5789473684210527,0.8976725896317531,0.5789473684210527,0.42105263157894735,0.10232741036824688,57,0.09947643979057591,0.014112903225806451,-0.008114919354838707,0.038306451612903226,jarvis_only,,
P0,F4_KelvinOp,full_panel,,disagreement_abstention,1.0,True,False,57.0,57.0,573.0,0.0,0.45614035087719296,0.9091204057900333,0.45614035087719296,0.543859649122807,0.09087959420996672,57,0.09947643979057591,0.014112903225806451,-0.014112903225806451,0.04032258064516129,jarvis_only,,
P0,F4_KelvinOp,full_panel,,minimax_oracle,1.0,True,False,57.0,57.0,573.0,,0.45614035087719296,0.9091204057900333,0.45614035087719296,0.543859649122807,0.09087959420996672,57,0.09947643979057591,0.014112903225806451,-0.014112903225806451,0.04032258064516129,jarvis_only,,
P0,F4_KelvinOp,full_panel,,jarvis_only,1.5,False,False,57.0,86.0,573.0,,0.2982456140350877,0.6780524594922809,0.2982456140350877,0.7017543859649122,0.3219475405077191,86,0.15008726003490402,0.0,0.0,0.0,jarvis_only,,
P0,F4_KelvinOp,full_panel,,mp_only,1.5,False,False,57.0,86.0,573.0,,0.24561403508771928,0.7121101091617632,0.24561403508771928,0.7543859649122807,0.2878898908382368,86,0.15008726003490402,0.008064516129032258,-0.03225806451612903,0.04838709677419355,jarvis_only,,
P0,F4_KelvinOp,full_panel,,average_percentile,1.5,False,False,57.0,86.0,573.0,,0.5614035087719298,0.9063994517787621,0.5614035087719298,0.4385964912280702,0.09360054822123787,86,0.15008726003490402,0.010080645161290322,-0.020161290322580645,0.04032258064516129,jarvis_only,,
P0,F4_KelvinOp,full_panel,,borda_count,1.5,False,False,57.0,86.0,573.0,,0.5614035087719298,0.9063994517787621,0.5614035087719298,0.4385964912280702,0.09360054822123787,86,0.15008726003490402,0.010080645161290322,-0.020161290322580645,0.04032258064516129,jarvis_only,,
P0,F4_KelvinOp,full_panel,,maximin_percentile,1.5,False,False,57.0,86.0,573.0,,0.45614035087719296,0.8993504329932791,0.45614035087719296,0.543859649122807,0.1006495670067209,86,0.15008726003490402,0.010080645161290322,-0.024193548387096774,0.04435483870967742,jarvis_only,,
P0,F4_KelvinOp,full_panel,,intersection_first,1.5,False,False,57.0,86.0,573.0,,0.5614035087719298,0.9063994517787621,0.5614035087719298,0.4385964912280702,0.09360054822123787,86,0.15008726003490402,0.010080645161290322,-0.020161290322580645,0.04032258064516129,jarvis_only,,
P0,F4_KelvinOp,full_panel,,balanced_union,1.5,False,False,57.0,86.0,573.0,,0.8245614035087719,0.8623569822442073,0.8245614035087719,0.17543859649122806,0.13764301775579268,86,0.15008726003490402,0.006048387096774193,-0.02217741935483871,0.034274193548387094,jarvis_only,,
P0,F4_KelvinOp,full_panel,,disagreement_abstention,1.5,False,False,57.0,86.0,573.0,0.0,0.5614035087719298,0.9063994517787621,0.5614035087719298,0.4385964912280702,0.09360054822123787,86,0.15008726003490402,0.010080645161290322,-0.020161290322580645,0.04032258064516129,jarvis_only,,
P0,F4_KelvinOp,full_panel,,minimax_oracle,1.5,False,False,57.0,86.0,573.0,,0.5789473684210527,0.9083834825826099,0.5789473684210527,0.42105263157894735,0.09161651741739008,86,0.15008726003490402,0.010080645161290322,-0.020161290322580645,0.04032258064516129,jarvis_only,,
P0,F4_KelvinOp,full_panel,,jarvis_only,2.0,False,False,57.0,114.0,573.0,,0.3333333333333333,0.6902776559252017,0.3333333333333333,0.6666666666666667,0.30972234407479826,114,0.19895287958115182,0.0,0.0,0.0,jarvis_only,,
P0,F4_KelvinOp,full_panel,,mp_only,2.0,False,False,57.0,114.0,573.0,,0.3157894736842105,0.7215166926102465,0.3157894736842105,0.6842105263157895,0.27848330738975346,114,0.19895287958115182,0.008064516129032258,-0.038306451612903226,0.056451612903225805,jarvis_only,,
P0,F4_KelvinOp,full_panel,,average_percentile,2.0,False,False,57.0,114.0,573.0,,0.5964912280701754,0.8976206802073242,0.5964912280701754,0.4035087719298246,0.10237931979267578,114,0.19895287958115182,0.012096774193548387,-0.02217741935483871,0.04838709677419355,jarvis_only,,
P0,F4_KelvinOp,full_panel,,borda_count,2.0,False,False,57.0,114.0,573.0,,0.5964912280701754,0.8976206802073242,0.5964912280701754,0.4035087719298246,0.10237931979267578,114,0.19895287958115182,0.012096774193548387,-0.02217741935483871,0.04838709677419355,jarvis_only,,
P0,F4_KelvinOp,full_panel,,maximin_percentile,2.0,False,False,57.0,114.0,573.0,,0.5263157894736842,0.8934049698760769,0.5263157894736842,0.4736842105263158,0.10659503012392313,114,0.19895287958115182,0.008064516129032258,-0.03024193548387097,0.046370967741935484,jarvis_only,,
P0,F4_KelvinOp,full_panel,,intersection_first,2.0,False,False,57.0,114.0,573.0,,0.5964912280701754,0.8976206802073242,0.5964912280701754,0.4035087719298246,0.10237931979267578,114,0.19895287958115182,0.012096774193548387,-0.02217741935483871,0.04838709677419355,jarvis_only,,
P0,F4_KelvinOp,full_panel,,balanced_union,2.0,False,True,57.0,114.0,573.0,,1.0,0.8535684005996269,1.0,0.0,0.1464315994003731,114,0.19895287958115182,-0.006048387096774193,-0.04032258064516129,0.028225806451612902,jarvis_only,,
P0,F4_KelvinOp,full_panel,,disagreement_abstention,2.0,False,False,57.0,114.0,573.0,0.0,0.5964912280701754,0.8976206802073242,0.5964912280701754,0.4035087719298246,0.10237931979267578,114,0.19895287958115182,0.012096774193548387,-0.02217741935483871,0.04838709677419355,jarvis_only,,
P0,F4_KelvinOp,full_panel,,minimax_oracle,2.0,False,False,57.0,114.0,573.0,,0.6491228070175439,0.9041533740326323,0.6491228070175439,0.3508771929824561,0.0958466259673677,114,0.19895287958115182,0.010080645161290322,-0.02424395161290322,0.046370967741935484,jarvis_only,,
P0,F4_KelvinOp,cv_fold,0.0,jarvis_only,1.0,True,False,,,,,0.18181818181818182,0.6797810550625117,,0.8181818181818181,,11,0.09734513274336283,0.0,,,,113.0,0.0
P0,F4_KelvinOp,cv_fold,0.0,mp_only,1.0,True,False,,,,,0.18181818181818182,0.6618764118028331,,0.8181818181818181,,11,0.09734513274336283,0.0,,,,113.0,-0.017904643259678665
P0,F4_KelvinOp,cv_fold,0.0,average_percentile,1.0,True,False,,,,,0.45454545454545453,0.8995051451756069,,0.5454545454545454,,11,0.09734513274336283,0.2727272727272727,,,,113.0,0.21972409011309513
P0,F4_KelvinOp,cv_fold,0.0,borda_count,1.0,True,False,,,,,0.45454545454545453,0.8995051451756069,,0.5454545454545454,,11,0.09734513274336283,0.2727272727272727,,,,113.0,0.21972409011309513
P0,F4_KelvinOp,cv_fold,0.0,maximin_percentile,1.0,True,False,,,,,0.36363636363636365,0.9075112288678543,,0.6363636363636364,,11,0.09734513274336283,0.18181818181818182,,,,113.0,0.22773017380534255
P0,F4_KelvinOp,cv_fold,0.0,intersection_first,1.0,True,False,,,,,0.45454545454545453,0.8995051451756069,,0.5454545454545454,,11,0.09734513274336283,0.2727272727272727,,,,113.0,0.21972409011309513
P0,F4_KelvinOp,cv_fold,0.0,balanced_union,1.0,True,False,,,,,0.5454545454545454,0.9028067608876824,,0.4545454545454546,,11,0.09734513274336283,0.3636363636363636,,,,113.0,0.22302570582517067
P0,F4_KelvinOp,cv_fold,0.0,disagreement_abstention,1.0,True,False,,,,0.0,0.45454545454545453,0.8995051451756069,,0.5454545454545454,,11,0.09734513274336283,0.2727272727272727,,,,113.0,0.21972409011309513
P0,F4_KelvinOp,cv_fold,0.0,minimax_oracle,1.0,True,False,,,,,0.45454545454545453,0.8995051451756069,,0.5454545454545454,,11,0.09734513274336283,0.2727272727272727,,,,113.0,0.21972409011309513
P0,F4_KelvinOp,cv_fold,1.0,jarvis_only,1.0,True,False,,,,,0.08333333333333333,0.5209460267783375,,0.9166666666666666,,12,0.09917355371900827,0.0,,,,121.0,-0.09158251647309701
P0,F4_KelvinOp,cv_fold,1.0,mp_only,1.0,True,False,,,,,0.08333333333333333,0.6125285432514345,,0.9166666666666666,,12,0.09917355371900827,0.0,,,,121.0,0.0
P0,F4_KelvinOp,cv_fold,1.0,average_percentile,1.0,True,False,,,,,0.25,0.8693096818202226,,0.75,,12,0.09917355371900827,0.16666666666666669,,,,121.0,0.25678113856878815
P0,F4_KelvinOp,cv_fold,1.0,borda_count,1.0,True,False,,,,,0.25,0.8693096818202226,,0.75,,12,0.09917355371900827,0.16666666666666669,,,,121.0,0.25678113856878815
P0,F4_KelvinOp,cv_fold,1.0,maximin_percentile,1.0,True,False,,,,,0.16666666666666666,0.8638998724166681,,0.8333333333333334,,12,0.09917355371900827,0.08333333333333333,,,,121.0,0.25137132916523364
P0,F4_KelvinOp,cv_fold,1.0,intersection_first,1.0,True,False,,,,,0.25,0.8693096818202226,,0.75,,12,0.09917355371900827,0.16666666666666669,,,,121.0,0.25678113856878815
P0,F4_KelvinOp,cv_fold,1.0,balanced_union,1.0,True,False,,,,,0.5,0.8480030370053954,,0.5,,12,0.09917355371900827,0.4166666666666667,,,,121.0,0.2354744937539609
P0,F4_KelvinOp,cv_fold,1.0,disagreement_abstention,1.0,True,False,,,,0.0,0.25,0.8693096818202226,,0.75,,12,0.09917355371900827,0.16666666666666669,,,,121.0,0.25678113856878815
P0,F4_KelvinOp,cv_fold,1.0,minimax_oracle,1.0,True,False,,,,,0.4166666666666667,0.8646582851978961,,0.5833333333333333,,12,0.09917355371900827,0.33333333333333337,,,,121.0,0.25212974194646165
P0,F4_KelvinOp,cv_fold,2.0,jarvis_only,1.0,True,False,,,,,0.2222222222222222,0.7289726934502174,,0.7777777777777778,,9,0.09574468085106383,0.0,,,,94.0,0.0
P0,F4_KelvinOp,cv_fold,2.0,mp_only,1.0,True,False,,,,,0.2222222222222222,0.6796628696539456,,0.7777777777777778,,9,0.09574468085106383,0.0,,,,94.0,-0.0493098237962718
P0,F4_KelvinOp,cv_fold,2.0,average_percentile,1.0,True,False,,,,,0.5555555555555556,0.9233155914136812,,0.4444444444444444,,9,0.09574468085106383,0.33333333333333337,,,,94.0,0.19434289796346382
P0,F4_KelvinOp,cv_fold,2.0,borda_count,1.0,True,False,,,,,0.5555555555555556,0.9233155914136812,,0.4444444444444444,,9,0.09574468085106383,0.33333333333333337,,,,94.0,0.19434289796346382
P0,F4_KelvinOp,cv_fold,2.0,maximin_percentile,1.0,True,False,,,,,0.4444444444444444,0.9158142321732613,,0.5555555555555556,,9,0.09574468085106383,0.2222222222222222,,,,94.0,0.18684153872304388
P0,F4_KelvinOp,cv_fold,2.0,intersection_first,1.0,True,False,,,,,0.5555555555555556,0.9233155914136812,,0.4444444444444444,,9,0.09574468085106383,0.33333333333333337,,,,94.0,0.19434289796346382
P0,F4_KelvinOp,cv_fold,2.0,balanced_union,1.0,True,False,,,,,0.5555555555555556,0.915529855681724,,0.4444444444444444,,9,0.09574468085106383,0.33333333333333337,,,,94.0,0.18655716223150653
P0,F4_KelvinOp,cv_fold,2.0,disagreement_abstention,1.0,True,False,,,,0.0,0.5555555555555556,0.9233155914136812,,0.4444444444444444,,9,0.09574468085106383,0.33333333333333337,,,,94.0,0.19434289796346382
P0,F4_KelvinOp,cv_fold,2.0,minimax_oracle,1.0,True,False,,,,,0.5555555555555556,0.9233155914136812,,0.4444444444444444,,9,0.09574468085106383,0.33333333333333337,,,,94.0,0.19434289796346382
P0,F4_KelvinOp,cv_fold,3.0,jarvis_only,1.0,True,False,,,,,0.38461538461538464,0.7891799319424145,,0.6153846153846154,,13,0.1,0.0,,,,130.0,-0.00013659166102697462
P0,F4_KelvinOp,cv_fold,3.0,mp_only,1.0,True,False,,,,,0.38461538461538464,0.7893165236034415,,0.6153846153846154,,13,0.1,0.0,,,,130.0,0.0
P0,F4_KelvinOp,cv_fold,3.0,average_percentile,1.0,True,False,,,,,0.6153846153846154,0.9337363019872628,,0.3846153846153846,,13,0.1,0.23076923076923078,,,,130.0,0.14441977838382125
P0,F4_KelvinOp,cv_fold,3.0,borda_count,1.0,True,False,,,,,0.6153846153846154,0.9337363019872628,,0.3846153846153846,,13,0.1,0.23076923076923078,,,,130.0,0.14441977838382125
P0,F4_KelvinOp,cv_fold,3.0,maximin_percentile,1.0,True,False,,,,,0.5384615384615384,0.9292211725744083,,0.46153846153846156,,13,0.1,0.1538461538461538,,,,130.0,0.13990464897096677
P0,F4_KelvinOp,cv_fold,3.0,intersection_first,1.0,True,False,,,,,0.6153846153846154,0.9337363019872628,,0.3846153846153846,,13,0.1,0.23076923076923078,,,,130.0,0.14441977838382125
P0,F4_KelvinOp,cv_fold,3.0,balanced_union,1.0,True,False,,,,,0.6923076923076923,0.9318935593134533,,0.3076923076923077,,13,0.1,0.30769230769230765,,,,130.0,0.1425770357100118
P0,F4_KelvinOp,cv_fold,3.0,disagreement_abstention,1.0,True,False,,,,0.0,0.6153846153846154,0.9337363019872628,,0.3846153846153846,,13,0.1,0.23076923076923078,,,,130.0,0.14441977838382125
P0,F4_KelvinOp,cv_fold,3.0,minimax_oracle,1.0,True,False,,,,,0.6153846153846154,0.9337363019872628,,0.3846153846153846,,13,0.1,0.23076923076923078,,,,130.0,0.14441977838382125
P0,F4_KelvinOp,cv_fold,4.0,jarvis_only,1.0,True,False,,,,,0.18181818181818182,0.6242036705772965,,0.8181818181818181,,11,0.09565217391304348,0.0,,,,115.0,-0.029393322012525536
P0,F4_KelvinOp,cv_fold,4.0,mp_only,1.0,True,False,,,,,0.18181818181818182,0.6535969925898221,,0.8181818181818181,,11,0.09565217391304348,0.0,,,,115.0,0.0
P0,F4_KelvinOp,cv_fold,4.0,average_percentile,1.0,True,False,,,,,0.2727272727272727,0.899899054224954,,0.7272727272727273,,11,0.09565217391304348,0.09090909090909088,,,,115.0,0.2463020616351319
P0,F4_KelvinOp,cv_fold,4.0,borda_count,1.0,True,False,,,,,0.2727272727272727,0.899899054224954,,0.7272727272727273,,11,0.09565217391304348,0.09090909090909088,,,,115.0,0.2463020616351319
P0,F4_KelvinOp,cv_fold,4.0,maximin_percentile,1.0,True,False,,,,,0.2727272727272727,0.8932383742066167,,0.7272727272727273,,11,0.09565217391304348,0.09090909090909088,,,,115.0,0.2396413816167946
P0,F4_KelvinOp,cv_fold,4.0,intersection_first,1.0,True,False,,,,,0.2727272727272727,0.899899054224954,,0.7272727272727273,,11,0.09565217391304348,0.09090909090909088,,,,115.0,0.2463020616351319
P0,F4_KelvinOp,cv_fold,4.0,balanced_union,1.0,True,False,,,,,0.5454545454545454,0.8777831215103127,,0.4545454545454546,,11,0.09565217391304348,0.3636363636363636,,,,115.0,0.2241861289204906
P0,F4_KelvinOp,cv_fold,4.0,disagreement_abstention,1.0,True,False,,,,0.0,0.2727272727272727,0.899899054224954,,0.7272727272727273,,11,0.09565217391304348,0.09090909090909088,,,,115.0,0.2463020616351319
P0,F4_KelvinOp,cv_fold,4.0,minimax_oracle,1.0,True,False,,,,,0.36363636363636365,0.8989926842135907,,0.6363636363636364,,11,0.09565217391304348,0.18181818181818182,,,,115.0,0.24539569162376862
P2,F1_Frobenius,full_panel,,jarvis_only,1.0,True,False,20.0,20.0,207.0,,0.1,0.5946498956983947,0.1,0.9,0.40535010430160534,20,0.0966183574879227,0.0,0.0,0.0,jarvis_only,,
P2,F1_Frobenius,full_panel,,mp_only,1.0,True,False,20.0,20.0,207.0,,0.1,0.7140388260025363,0.1,0.9,0.2859611739974637,20,0.0966183574879227,0.0213903743315508,-0.03208556149732621,0.08021390374331551,jarvis_only,,
P2,F1_Frobenius,full_panel,,average_percentile,1.0,True,False,20.0,20.0,207.0,,0.4,0.9019974625800676,0.4,0.6,0.09800253741993237,20,0.0966183574879227,0.026737967914438502,-0.016042780748663103,0.06951871657754011,jarvis_only,,
P2,F1_Frobenius,full_panel,,borda_count,1.0,True,False,20.0,20.0,207.0,,0.4,0.9019974625800676,0.4,0.6,0.09800253741993237,20,0.0966183574879227,0.026737967914438502,-0.016042780748663103,0.06951871657754011,jarvis_only,,
P2,F1_Frobenius,full_panel,,maximin_percentile,1.0,True,False,20.0,20.0,207.0,,0.3,0.8867293965577107,0.3,0.7,0.11327060344228934,20,0.0966183574879227,0.0213903743315508,-0.026737967914438502,0.06951871657754011,jarvis_only,,
P2,F1_Frobenius,full_panel,,intersection_first,1.0,True,False,20.0,20.0,207.0,,0.4,0.9019974625800676,0.4,0.6,0.09800253741993237,20,0.0966183574879227,0.026737967914438502,-0.016042780748663103,0.06951871657754011,jarvis_only,,
P2,F1_Frobenius,full_panel,,balanced_union,1.0,True,False,20.0,20.0,207.0,,0.45,0.8899696379112094,0.45,0.55,0.11003036208879058,20,0.0966183574879227,0.0213903743315508,-0.016042780748663103,0.058823529411764705,jarvis_only,,
P2,F1_Frobenius,full_panel,,disagreement_abstention,1.0,True,False,20.0,20.0,207.0,0.0,0.4,0.9019974625800676,0.4,0.6,0.09800253741993237,20,0.0966183574879227,0.026737967914438502,-0.016042780748663103,0.06951871657754011,jarvis_only,,
P2,F1_Frobenius,full_panel,,minimax_oracle,1.0,True,False,20.0,20.0,207.0,,0.45,0.8918051864058493,0.45,0.55,0.10819481359415073,20,0.0966183574879227,0.026737967914438502,-0.016042780748663103,0.06951871657754011,jarvis_only,,
P2,F1_Frobenius,full_panel,,jarvis_only,1.5,False,False,20.0,30.0,207.0,,0.25,0.639766270061595,0.25,0.75,0.36023372993840497,30,0.14492753623188406,0.0,0.0,0.0,jarvis_only,,
P2,F1_Frobenius,full_panel,,mp_only,1.5,False,False,20.0,30.0,207.0,,0.15,0.7155225011166796,0.15,0.85,0.2844774988833204,30,0.14492753623188406,0.0213903743315508,-0.0427807486631016,0.09090909090909091,jarvis_only,,
P2,F1_Frobenius,full_panel,,average_percentile,1.5,False,False,20.0,30.0,207.0,,0.5,0.8853735079825271,0.5,0.5,0.11462649201747288,30,0.14492753623188406,0.0213903743315508,-0.026737967914438502,0.0748663101604278,jarvis_only,,
P2,F1_Frobenius,full_panel,,borda_count,1.5,False,False,20.0,30.0,207.0,,0.5,0.8853735079825271,0.5,0.5,0.11462649201747288,30,0.14492753623188406,0.0213903743315508,-0.026737967914438502,0.0748663101604278,jarvis_only,,
P2,F1_Frobenius,full_panel,,maximin_percentile,1.5,False,False,20.0,30.0,207.0,,0.4,0.8758063318469067,0.4,0.6,0.1241936681530933,30,0.14492753623188406,0.026737967914438502,-0.026737967914438502,0.0855614973262032,jarvis_only,,
P2,F1_Frobenius,full_panel,,intersection_first,1.5,False,False,20.0,30.0,207.0,,0.5,0.8853735079825271,0.5,0.5,0.11462649201747288,30,0.14492753623188406,0.0213903743315508,-0.026737967914438502,0.0748663101604278,jarvis_only,,
P2,F1_Frobenius,full_panel,,balanced_union,1.5,False,False,20.0,30.0,207.0,,0.7,0.8667753926396422,0.7,0.30000000000000004,0.1332246073603578,30,0.14492753623188406,0.026737967914438502,-0.016042780748663103,0.0748663101604278,jarvis_only,,
P2,F1_Frobenius,full_panel,,disagreement_abstention,1.5,False,False,20.0,30.0,207.0,0.0,0.5,0.8853735079825271,0.5,0.5,0.11462649201747288,30,0.14492753623188406,0.0213903743315508,-0.026737967914438502,0.0748663101604278,jarvis_only,,
P2,F1_Frobenius,full_panel,,minimax_oracle,1.5,False,False,20.0,30.0,207.0,,0.65,0.8788089649525404,0.65,0.35,0.12119103504745965,30,0.14492753623188406,0.026737967914438502,-0.016042780748663103,0.06951871657754011,jarvis_only,,
P2,F1_Frobenius,full_panel,,jarvis_only,2.0,False,False,20.0,40.0,207.0,,0.25,0.5717888228309357,0.25,0.75,0.4282111771690643,40,0.1932367149758454,0.0,0.0,0.0,jarvis_only,,
P2,F1_Frobenius,full_panel,,mp_only,2.0,False,False,20.0,40.0,207.0,,0.2,0.7377623830227842,0.2,0.8,0.2622376169772158,40,0.1932367149758454,0.0374331550802139,-0.0374331550802139,0.11229946524064172,jarvis_only,,
P2,F1_Frobenius,full_panel,,average_percentile,2.0,False,False,20.0,40.0,207.0,,0.55,0.8695685524111979,0.55,0.44999999999999996,0.1304314475888021,40,0.1932367149758454,0.0427807486631016,-0.016042780748663103,0.10160427807486631,jarvis_only,,
P2,F1_Frobenius,full_panel,,borda_count,2.0,False,False,20.0,40.0,207.0,,0.55,0.8695685524111979,0.55,0.44999999999999996,0.1304314475888021,40,0.1932367149758454,0.0427807486631016,-0.016042780748663103,0.10160427807486631,jarvis_only,,
P2,F1_Frobenius,full_panel,,maximin_percentile,2.0,False,False,20.0,40.0,207.0,,0.45,0.8622098176119569,0.45,0.55,0.13779018238804308,40,0.1932367149758454,0.0427807486631016,-0.0213903743315508,0.11229946524064172,jarvis_only,,
P2,F1_Frobenius,full_panel,,intersection_first,2.0,False,False,20.0,40.0,207.0,,0.55,0.8695685524111979,0.55,0.44999999999999996,0.1304314475888021,40,0.1932367149758454,0.0427807486631016,-0.016042780748663103,0.10160427807486631,jarvis_only,,
P2,F1_Frobenius,full_panel,,balanced_union,2.0,False,True,20.0,40.0,207.0,,1.0,0.83316651974628,1.0,0.0,0.16683348025372002,40,0.1932367149758454,0.0213903743315508,-0.03208556149732621,0.0748663101604278,jarvis_only,,
P2,F1_Frobenius,full_panel,,disagreement_abstention,2.0,False,False,20.0,40.0,207.0,0.0,0.55,0.8695685524111979,0.55,0.44999999999999996,0.1304314475888021,40,0.1932367149758454,0.0427807486631016,-0.016042780748663103,0.10160427807486631,jarvis_only,,
P2,F1_Frobenius,full_panel,,minimax_oracle,2.0,False,False,20.0,40.0,207.0,,0.75,0.8808508922951996,0.75,0.25,0.11914910770480036,40,0.1932367149758454,0.0374331550802139,-0.01617647058823529,0.09090909090909091,jarvis_only,,
P2,F1_Frobenius,cv_fold,0.0,jarvis_only,1.0,True,False,,,,,0.0,0.5337471158873435,,1.0,,3,0.07894736842105263,0.0,,,,38.0,-0.006569669932039446
P2,F1_Frobenius,cv_fold,0.0,mp_only,1.0,True,False,,,,,0.0,0.5403167858193829,,1.0,,3,0.07894736842105263,0.0,,,,38.0,0.0
P2,F1_Frobenius,cv_fold,0.0,average_percentile,1.0,True,False,,,,,0.3333333333333333,0.8364535045369536,,0.6666666666666667,,3,0.07894736842105263,0.3333333333333333,,,,38.0,0.29613671871757064
P2,F1_Frobenius,cv_fold,0.0,borda_count,1.0,True,False,,,,,0.3333333333333333,0.8291599050058915,,0.6666666666666667,,3,0.07894736842105263,0.3333333333333333,,,,38.0,0.2888431191865086
P2,F1_Frobenius,cv_fold,0.0,maximin_percentile,1.0,True,False,,,,,0.0,0.7724848988549227,,1.0,,3,0.07894736842105263,0.0,,,,38.0,0.23216811303553975
P2,F1_Frobenius,cv_fold,0.0,intersection_first,1.0,True,False,,,,,0.3333333333333333,0.8364535045369536,,0.6666666666666667,,3,0.07894736842105263,0.3333333333333333,,,,38.0,0.29613671871757064
P2,F1_Frobenius,cv_fold,0.0,balanced_union,1.0,True,False,,,,,0.3333333333333333,0.818362489782193,,0.6666666666666667,,3,0.07894736842105263,0.3333333333333333,,,,38.0,0.27804570396281003
P2,F1_Frobenius,cv_fold,0.0,disagreement_abstention,1.0,True,False,,,,0.0,0.3333333333333333,0.8364535045369536,,0.6666666666666667,,3,0.07894736842105263,0.3333333333333333,,,,38.0,0.29613671871757064
P2,F1_Frobenius,cv_fold,0.0,minimax_oracle,1.0,True,False,,,,,0.3333333333333333,0.8364535045369536,,0.6666666666666667,,3,0.07894736842105263,0.3333333333333333,,,,38.0,0.29613671871757064
P2,F1_Frobenius,cv_fold,1.0,jarvis_only,1.0,True,False,,,,,0.0,0.32412650066674986,,1.0,,5,0.09433962264150944,0.0,,,,53.0,-0.24394423780862295
P2,F1_Frobenius,cv_fold,1.0,mp_only,1.0,True,False,,,,,0.0,0.5680707384753728,,1.0,,5,0.09433962264150944,0.0,,,,53.0,0.0
P2,F1_Frobenius,cv_fold,1.0,average_percentile,1.0,True,False,,,,,0.2,0.8049854411988835,,0.8,,5,0.09433962264150944,0.2,,,,53.0,0.23691470272351067
P2,F1_Frobenius,cv_fold,1.0,borda_count,1.0,True,False,,,,,0.2,0.8049854411988835,,0.8,,5,0.09433962264150944,0.2,,,,53.0,0.23691470272351067
P2,F1_Frobenius,cv_fold,1.0,maximin_percentile,1.0,True,False,,,,,0.0,0.7645939006462033,,1.0,,5,0.09433962264150944,0.0,,,,53.0,0.19652316217083043
P2,F1_Frobenius,cv_fold,1.0,intersection_first,1.0,True,False,,,,,0.2,0.8049854411988835,,0.8,,5,0.09433962264150944,0.2,,,,53.0,0.23691470272351067
P2,F1_Frobenius,cv_fold,1.0,balanced_union,1.0,True,False,,,,,0.2,0.7042028864418048,,0.8,,5,0.09433962264150944,0.2,,,,53.0,0.13613214796643203
P2,F1_Frobenius,cv_fold,1.0,disagreement_abstention,1.0,True,False,,,,0.0,0.2,0.8049854411988835,,0.8,,5,0.09433962264150944,0.2,,,,53.0,0.23691470272351067
P2,F1_Frobenius,cv_fold,1.0,minimax_oracle,1.0,True,False,,,,,0.4,0.801994613915257,,0.6,,5,0.09433962264150944,0.4,,,,53.0,0.23392387543988413
P2,F1_Frobenius,cv_fold,2.0,jarvis_only,1.0,True,False,,,,,0.0,0.4635412962455907,,1.0,,2,0.06896551724137931,0.0,,,,29.0,-0.22570932455357762
P2,F1_Frobenius,cv_fold,2.0,mp_only,1.0,True,False,,,,,0.0,0.6892506207991683,,1.0,,2,0.06896551724137931,0.0,,,,29.0,0.0
P2,F1_Frobenius,cv_fold,2.0,average_percentile,1.0,True,False,,,,,0.5,0.8467571264533432,,0.5,,2,0.06896551724137931,0.5,,,,29.0,0.1575065056541749
P2,F1_Frobenius,cv_fold,2.0,borda_count,1.0,True,False,,,,,0.5,0.8467571264533432,,0.5,,2,0.06896551724137931,0.5,,,,29.0,0.1575065056541749
P2,F1_Frobenius,cv_fold,2.0,maximin_percentile,1.0,True,False,,,,,0.0,0.7212840712058047,,1.0,,2,0.06896551724137931,0.0,,,,29.0,0.03203345040663641
P2,F1_Frobenius,cv_fold,2.0,intersection_first,1.0,True,False,,,,,0.5,0.8467571264533432,,0.5,,2,0.06896551724137931,0.5,,,,29.0,0.1575065056541749
P2,F1_Frobenius,cv_fold,2.0,balanced_union,1.0,True,False,,,,,0.5,0.8467571264533432,,0.5,,2,0.06896551724137931,0.5,,,,29.0,0.1575065056541749
P2,F1_Frobenius,cv_fold,2.0,disagreement_abstention,1.0,True,False,,,,0.0,0.5,0.8467571264533432,,0.5,,2,0.06896551724137931,0.5,,,,29.0,0.1575065056541749
P2,F1_Frobenius,cv_fold,2.0,minimax_oracle,1.0,True,False,,,,,0.5,0.8467571264533432,,0.5,,2,0.06896551724137931,0.5,,,,29.0,0.1575065056541749
P2,F1_Frobenius,cv_fold,3.0,jarvis_only,1.0,True,False,,,,,0.25,0.7550479515229183,,0.75,,4,0.0975609756097561,0.0,,,,41.0,-0.13909926011870133
P2,F1_Frobenius,cv_fold,3.0,mp_only,1.0,True,False,,,,,0.25,0.8941472116416196,,0.75,,4,0.0975609756097561,0.0,,,,41.0,0.0
P2,F1_Frobenius,cv_fold,3.0,average_percentile,1.0,True,False,,,,,0.5,0.9397716166866746,,0.5,,4,0.0975609756097561,0.25,,,,41.0,0.04562440504505505
P2,F1_Frobenius,cv_fold,3.0,borda_count,1.0,True,False,,,,,0.5,0.9397716166866746,,0.5,,4,0.0975609756097561,0.25,,,,41.0,0.04562440504505505
P2,F1_Frobenius,cv_fold,3.0,maximin_percentile,1.0,True,False,,,,,0.25,0.9101186877571203,,0.75,,4,0.0975609756097561,0.0,,,,41.0,0.01597147611550076
P2,F1_Frobenius,cv_fold,3.0,intersection_first,1.0,True,False,,,,,0.5,0.9397716166866746,,0.5,,4,0.0975609756097561,0.25,,,,41.0,0.04562440504505505
P2,F1_Frobenius,cv_fold,3.0,balanced_union,1.0,True,False,,,,,0.5,0.9397716166866746,,0.5,,4,0.0975609756097561,0.25,,,,41.0,0.04562440504505505
P2,F1_Frobenius,cv_fold,3.0,disagreement_abstention,1.0,True,False,,,,0.0,0.5,0.9397716166866746,,0.5,,4,0.0975609756097561,0.25,,,,41.0,0.04562440504505505
P2,F1_Frobenius,cv_fold,3.0,minimax_oracle,1.0,True,False,,,,,0.5,0.9397716166866746,,0.5,,4,0.0975609756097561,0.25,,,,41.0,0.04562440504505505
P2,F1_Frobenius,cv_fold,4.0,jarvis_only,1.0,True,False,,,,,0.25,0.5418623120150797,,0.75,,4,0.08695652173913043,0.0,,,,46.0,-0.2447484400469343
P2,F1_Frobenius,cv_fold,4.0,mp_only,1.0,True,False,,,,,0.25,0.786610752062014,,0.75,,4,0.08695652173913043,0.0,,,,46.0,0.0
P2,F1_Frobenius,cv_fold,4.0,average_percentile,1.0,True,False,,,,,0.25,0.8623657568999119,,0.75,,4,0.08695652173913043,0.0,,,,46.0,0.07575500483789788
P2,F1_Frobenius,cv_fold,4.0,borda_count,1.0,True,False,,,,,0.25,0.8623657568999119,,0.75,,4,0.08695652173913043,0.0,,,,46.0,0.07575500483789788
P2,F1_Frobenius,cv_fold,4.0,maximin_percentile,1.0,True,False,,,,,0.25,0.8623657568999119,,0.75,,4,0.08695652173913043,0.0,,,,46.0,0.07575500483789788
P2,F1_Frobenius,cv_fold,4.0,intersection_first,1.0,True,False,,,,,0.25,0.8623657568999119,,0.75,,4,0.08695652173913043,0.0,,,,46.0,0.07575500483789788
P2,F1_Frobenius,cv_fold,4.0,balanced_union,1.0,True,False,,,,,0.5,0.9080480375380414,,0.5,,4,0.08695652173913043,0.25,,,,46.0,0.12143728547602739
P2,F1_Frobenius,cv_fold,4.0,disagreement_abstention,1.0,True,False,,,,0.0,0.25,0.8623657568999119,,0.75,,4,0.08695652173913043,0.0,,,,46.0,0.07575500483789788
P2,F1_Frobenius,cv_fold,4.0,minimax_oracle,1.0,True,False,,,,,0.5,0.9080480375380414,,0.5,,4,0.08695652173913043,0.25,,,,46.0,0.12143728547602739
P2,F3_Longitudinal,full_panel,,jarvis_only,1.0,True,False,20.0,20.0,207.0,,0.05,0.5967482027098104,0.05,0.95,0.40325179729018956,20,0.0966183574879227,0.0,0.0,0.0,jarvis_only,,
P2,F3_Longitudinal,full_panel,,mp_only,1.0,True,False,20.0,20.0,207.0,,0.05,0.6249581034067749,0.05,0.95,0.37504189659322507,20,0.0966183574879227,0.0213903743315508,-0.0374331550802139,0.08021390374331551,jarvis_only,,
P2,F3_Longitudinal,full_panel,,average_percentile,1.0,True,False,20.0,20.0,207.0,,0.4,0.8792089554978246,0.4,0.6,0.12079104450217537,20,0.0966183574879227,0.026737967914438502,-0.0213903743315508,0.0748663101604278,jarvis_only,,
P2,F3_Longitudinal,full_panel,,borda_count,1.0,True,False,20.0,20.0,207.0,,0.4,0.8792089554978246,0.4,0.6,0.12079104450217537,20,0.0966183574879227,0.026737967914438502,-0.0213903743315508,0.0748663101604278,jarvis_only,,
P2,F3_Longitudinal,full_panel,,maximin_percentile,1.0,True,False,20.0,20.0,207.0,,0.25,0.8525004870569088,0.25,0.75,0.14749951294309116,20,0.0966183574879227,0.026737967914438502,-0.026737967914438502,0.08021390374331551,jarvis_only,,
P2,F3_Longitudinal,full_panel,,intersection_first,1.0,True,False,20.0,20.0,207.0,,0.4,0.8792089554978246,0.4,0.6,0.12079104450217537,20,0.0966183574879227,0.026737967914438502,-0.0213903743315508,0.0748663101604278,jarvis_only,,
P2,F3_Longitudinal,full_panel,,balanced_union,1.0,True,False,20.0,20.0,207.0,,0.5,0.865382960077743,0.5,0.5,0.13461703992225704,20,0.0966183574879227,0.0213903743315508,-0.016042780748663103,0.058823529411764705,jarvis_only,,
P2,F3_Longitudinal,full_panel,,disagreement_abstention,1.0,True,False,20.0,20.0,207.0,0.0,0.4,0.8792089554978246,0.4,0.6,0.12079104450217537,20,0.0966183574879227,0.026737967914438502,-0.0213903743315508,0.0748663101604278,jarvis_only,,
P2,F3_Longitudinal,full_panel,,minimax_oracle,1.0,True,False,20.0,20.0,207.0,,0.4,0.8792089554978246,0.4,0.6,0.12079104450217537,20,0.0966183574879227,0.026737967914438502,-0.0213903743315508,0.0748663101604278,jarvis_only,,
P2,F3_Longitudinal,full_panel,,jarvis_only,1.5,False,False,20.0,30.0,207.0,,0.05,0.5720476172515641,0.05,0.95,0.42795238274843594,30,0.14492753623188406,-0.0374331550802139,-0.10695187165775401,0.03208556149732621,mp_only,,
P2,F3_Longitudinal,full_panel,,mp_only,1.5,False,False,20.0,30.0,207.0,,0.1,0.6807241919587893,0.1,0.9,0.3192758080412107,30,0.14492753623188406,0.0,0.0,0.0,mp_only,,
P2,F3_Longitudinal,full_panel,,average_percentile,1.5,False,False,20.0,30.0,207.0,,0.5,0.8537831929871946,0.5,0.5,0.14621680701280537,30,0.14492753623188406,0.0053475935828877,-0.0427807486631016,0.053475935828877004,mp_only,,
P2,F3_Longitudinal,full_panel,,borda_count,1.5,False,False,20.0,30.0,207.0,,0.5,0.8537831929871946,0.5,0.5,0.14621680701280537,30,0.14492753623188406,0.0053475935828877,-0.0427807486631016,0.053475935828877004,mp_only,,
P2,F3_Longitudinal,full_panel,,maximin_percentile,1.5,False,False,20.0,30.0,207.0,,0.35,0.8496984088121388,0.35,0.65,0.15030159118786124,30,0.14492753623188406,0.0053475935828877,-0.053475935828877004,0.058823529411764705,mp_only,,
P2,F3_Longitudinal,full_panel,,intersection_first,1.5,False,False,20.0,30.0,207.0,,0.5,0.8537831929871946,0.5,0.5,0.14621680701280537,30,0.14492753623188406,0.0053475935828877,-0.0427807486631016,0.053475935828877004,mp_only,,
P2,F3_Longitudinal,full_panel,,balanced_union,1.5,False,False,20.0,30.0,207.0,,0.7,0.8363928049538123,0.7,0.30000000000000004,0.1636071950461877,30,0.14492753623188406,0.0053475935828877,-0.0481283422459893,0.058823529411764705,mp_only,,
P2,F3_Longitudinal,full_panel,,disagreement_abstention,1.5,False,False,20.0,30.0,207.0,0.0,0.5,0.8537831929871946,0.5,0.5,0.14621680701280537,30,0.14492753623188406,0.0053475935828877,-0.0427807486631016,0.053475935828877004,mp_only,,
P2,F3_Longitudinal,full_panel,,minimax_oracle,1.5,False,False,20.0,30.0,207.0,,0.6,0.8698216080069556,0.6,0.4,0.13017839199304437,30,0.14492753623188406,0.0053475935828877,-0.0481283422459893,0.053475935828877004,mp_only,,
P2,F3_Longitudinal,full_panel,,jarvis_only,2.0,False,False,20.0,40.0,207.0,,0.15,0.5649735692280732,0.15,0.85,0.4350264307719268,40,0.1932367149758454,-0.0427807486631016,-0.11764705882352941,0.03208556149732621,mp_only,,
P2,F3_Longitudinal,full_panel,,mp_only,2.0,False,False,20.0,40.0,207.0,,0.2,0.6965669821733247,0.2,0.8,0.3034330178266753,40,0.1932367149758454,0.0,0.0,0.0,mp_only,,
P2,F3_Longitudinal,full_panel,,average_percentile,2.0,False,False,20.0,40.0,207.0,,0.55,0.8474567623255436,0.55,0.44999999999999996,0.15254323767445643,40,0.1932367149758454,0.0,-0.053475935828877004,0.0481283422459893,mp_only,,
P2,F3_Longitudinal,full_panel,,borda_count,2.0,False,False,20.0,40.0,207.0,,0.55,0.8474567623255436,0.55,0.44999999999999996,0.15254323767445643,40,0.1932367149758454,0.0,-0.053475935828877004,0.0481283422459893,mp_only,,
P2,F3_Longitudinal,full_panel,,maximin_percentile,2.0,False,False,20.0,40.0,207.0,,0.45,0.8589974475244809,0.45,0.55,0.14100255247551907,40,0.1932367149758454,0.0053475935828877,-0.053475935828877004,0.06417112299465241,mp_only,,
P2,F3_Longitudinal,full_panel,,intersection_first,2.0,False,False,20.0,40.0,207.0,,0.55,0.8474567623255436,0.55,0.44999999999999996,0.15254323767445643,40,0.1932367149758454,0.0,-0.053475935828877004,0.0481283422459893,mp_only,,
P2,F3_Longitudinal,full_panel,,balanced_union,2.0,False,True,20.0,40.0,207.0,,1.0,0.8296508265788742,1.0,0.0,0.17034917342112577,40,0.1932367149758454,-0.0213903743315508,-0.06951871657754011,0.03208556149732621,mp_only,,
P2,F3_Longitudinal,full_panel,,disagreement_abstention,2.0,False,False,20.0,40.0,207.0,0.0,0.55,0.8474567623255436,0.55,0.44999999999999996,0.15254323767445643,40,0.1932367149758454,0.0,-0.053475935828877004,0.0481283422459893,mp_only,,
P2,F3_Longitudinal,full_panel,,minimax_oracle,2.0,False,False,20.0,40.0,207.0,,0.7,0.8665143221177103,0.7,0.30000000000000004,0.1334856778822897,40,0.1932367149758454,0.0053475935828877,-0.0481283422459893,0.058823529411764705,mp_only,,
P2,F3_Longitudinal,cv_fold,0.0,jarvis_only,1.0,True,False,,,,,0.0,0.4913612609293303,,1.0,,3,0.07894736842105263,0.0,,,,38.0,0.0
P2,F3_Longitudinal,cv_fold,0.0,mp_only,1.0,True,False,,,,,0.0,0.47390338139809624,,1.0,,3,0.07894736842105263,0.0,,,,38.0,-0.017457879531234066
P2,F3_Longitudinal,cv_fold,0.0,average_percentile,1.0,True,False,,,,,0.0,0.7211690531407522,,1.0,,3,0.07894736842105263,0.0,,,,38.0,0.2298077922114219
P2,F3_Longitudinal,cv_fold,0.0,borda_count,1.0,True,False,,,,,0.0,0.793442272817773,,1.0,,3,0.07894736842105263,0.0,,,,38.0,0.3020810118884427
P2,F3_Longitudinal,cv_fold,0.0,maximin_percentile,1.0,True,False,,,,,0.0,0.7356208879381498,,1.0,,3,0.07894736842105263,0.0,,,,38.0,0.24425962700881954
P2,F3_Longitudinal,cv_fold,0.0,intersection_first,1.0,True,False,,,,,0.0,0.7211690531407522,,1.0,,3,0.07894736842105263,0.0,,,,38.0,0.2298077922114219
P2,F3_Longitudinal,cv_fold,0.0,balanced_union,1.0,True,False,,,,,0.3333333333333333,0.701998085215578,,0.6666666666666667,,3,0.07894736842105263,0.3333333333333333,,,,38.0,0.21063682428624775
P2,F3_Longitudinal,cv_fold,0.0,disagreement_abstention,1.0,True,False,,,,0.0,0.0,0.7211690531407522,,1.0,,3,0.07894736842105263,0.0,,,,38.0,0.2298077922114219
P2,F3_Longitudinal,cv_fold,0.0,minimax_oracle,1.0,True,False,,,,,0.0,0.7211690531407522,,1.0,,3,0.07894736842105263,0.0,,,,38.0,0.2298077922114219
P2,F3_Longitudinal,cv_fold,1.0,jarvis_only,1.0,True,False,,,,,0.0,0.5444319583021565,,1.0,,5,0.09433962264150944,0.0,,,,53.0,0.0
P2,F3_Longitudinal,cv_fold,1.0,mp_only,1.0,True,False,,,,,0.0,0.4786947364706893,,1.0,,5,0.09433962264150944,0.0,,,,53.0,-0.06573722183146724
P2,F3_Longitudinal,cv_fold,1.0,average_percentile,1.0,True,False,,,,,0.2,0.8508309527934644,,0.8,,5,0.09433962264150944,0.2,,,,53.0,0.3063989944913079
P2,F3_Longitudinal,cv_fold,1.0,borda_count,1.0,True,False,,,,,0.2,0.8508309527934644,,0.8,,5,0.09433962264150944,0.2,,,,53.0,0.3063989944913079
P2,F3_Longitudinal,cv_fold,1.0,maximin_percentile,1.0,True,False,,,,,0.2,0.8185990962515419,,0.8,,5,0.09433962264150944,0.2,,,,53.0,0.2741671379493854
P2,F3_Longitudinal,cv_fold,1.0,intersection_first,1.0,True,False,,,,,0.2,0.8508309527934644,,0.8,,5,0.09433962264150944,0.2,,,,53.0,0.3063989944913079
P2,F3_Longitudinal,cv_fold,1.0,balanced_union,1.0,True,False,,,,,0.4,0.7833040496541204,,0.6,,5,0.09433962264150944,0.4,,,,53.0,0.23887209135196386
P2,F3_Longitudinal,cv_fold,1.0,disagreement_abstention,1.0,True,False,,,,0.0,0.2,0.8508309527934644,,0.8,,5,0.09433962264150944,0.2,,,,53.0,0.3063989944913079
P2,F3_Longitudinal,cv_fold,1.0,minimax_oracle,1.0,True,False,,,,,0.2,0.8508309527934644,,0.8,,5,0.09433962264150944,0.2,,,,53.0,0.3063989944913079
P2,F3_Longitudinal,cv_fold,2.0,jarvis_only,1.0,True,False,,,,,0.0,0.5155856695086242,,1.0,,2,0.06896551724137931,0.0,,,,29.0,-0.05137651426023693
P2,F3_Longitudinal,cv_fold,2.0,mp_only,1.0,True,False,,,,,0.0,0.5669621837688611,,1.0,,2,0.06896551724137931,0.0,,,,29.0,0.0
P2,F3_Longitudinal,cv_fold,2.0,average_percentile,1.0,True,False,,,,,0.0,0.7724084566781545,,1.0,,2,0.06896551724137931,0.0,,,,29.0,0.2054462729092934
P2,F3_Longitudinal,cv_fold,2.0,borda_count,1.0,True,False,,,,,0.0,0.7724084566781545,,1.0,,2,0.06896551724137931,0.0,,,,29.0,0.2054462729092934
P2,F3_Longitudinal,cv_fold,2.0,maximin_percentile,1.0,True,False,,,,,0.0,0.7724084566781545,,1.0,,2,0.06896551724137931,0.0,,,,29.0,0.2054462729092934
P2,F3_Longitudinal,cv_fold,2.0,intersection_first,1.0,True,False,,,,,0.0,0.7724084566781545,,1.0,,2,0.06896551724137931,0.0,,,,29.0,0.2054462729092934
P2,F3_Longitudinal,cv_fold,2.0,balanced_union,1.0,True,False,,,,,0.5,0.8274741757171471,,0.5,,2,0.06896551724137931,0.5,,,,29.0,0.260511991948286
P2,F3_Longitudinal,cv_fold,2.0,disagreement_abstention,1.0,True,False,,,,0.0,0.0,0.7724084566781545,,1.0,,2,0.06896551724137931,0.0,,,,29.0,0.2054462729092934
P2,F3_Longitudinal,cv_fold,2.0,minimax_oracle,1.0,True,False,,,,,0.5,0.8274741757171471,,0.5,,2,0.06896551724137931,0.5,,,,29.0,0.260511991948286
P2,F3_Longitudinal,cv_fold,3.0,jarvis_only,1.0,True,False,,,,,0.25,0.7913948250624498,,0.75,,4,0.0975609756097561,0.0,,,,41.0,0.0
P2,F3_Longitudinal,cv_fold,3.0,mp_only,1.0,True,False,,,,,0.25,0.7574348230257938,,0.75,,4,0.0975609756097561,0.0,,,,41.0,-0.033960002036656056
P2,F3_Longitudinal,cv_fold,3.0,average_percentile,1.0,True,False,,,,,0.5,0.9215688708333513,,0.5,,4,0.0975609756097561,0.25,,,,41.0,0.13017404577090141
P2,F3_Longitudinal,cv_fold,3.0,borda_count,1.0,True,False,,,,,0.5,0.9215688708333513,,0.5,,4,0.0975609756097561,0.25,,,,41.0,0.13017404577090141
P2,F3_Longitudinal,cv_fold,3.0,maximin_percentile,1.0,True,False,,,,,0.5,0.9215688708333513,,0.5,,4,0.0975609756097561,0.25,,,,41.0,0.13017404577090141
P2,F3_Longitudinal,cv_fold,3.0,intersection_first,1.0,True,False,,,,,0.5,0.9215688708333513,,0.5,,4,0.0975609756097561,0.25,,,,41.0,0.13017404577090141
P2,F3_Longitudinal,cv_fold,3.0,balanced_union,1.0,True,False,,,,,0.5,0.9215688708333513,,0.5,,4,0.0975609756097561,0.25,,,,41.0,0.13017404577090141
P2,F3_Longitudinal,cv_fold,3.0,disagreement_abstention,1.0,True,False,,,,0.0,0.5,0.9215688708333513,,0.5,,4,0.0975609756097561,0.25,,,,41.0,0.13017404577090141
P2,F3_Longitudinal,cv_fold,3.0,minimax_oracle,1.0,True,False,,,,,0.5,0.9215688708333513,,0.5,,4,0.0975609756097561,0.25,,,,41.0,0.13017404577090141
P2,F3_Longitudinal,cv_fold,4.0,jarvis_only,1.0,True,False,,,,,0.0,0.4419031574249851,,1.0,,4,0.08695652173913043,0.0,,,,46.0,-0.31865870553838505
P2,F3_Longitudinal,cv_fold,4.0,mp_only,1.0,True,False,,,,,0.0,0.7605618629633701,,1.0,,4,0.08695652173913043,0.0,,,,46.0,0.0
P2,F3_Longitudinal,cv_fold,4.0,average_percentile,1.0,True,False,,,,,0.25,0.8423391720115124,,0.75,,4,0.08695652173913043,0.25,,,,46.0,0.08177730904814229
P2,F3_Longitudinal,cv_fold,4.0,borda_count,1.0,True,False,,,,,0.25,0.8423391720115124,,0.75,,4,0.08695652173913043,0.25,,,,46.0,0.08177730904814229
P2,F3_Longitudinal,cv_fold,4.0,maximin_percentile,1.0,True,False,,,,,0.0,0.7986208621979347,,1.0,,4,0.08695652173913043,0.0,,,,46.0,0.03805899923456457
P2,F3_Longitudinal,cv_fold,4.0,intersection_first,1.0,True,False,,,,,0.25,0.8423391720115124,,0.75,,4,0.08695652173913043,0.25,,,,46.0,0.08177730904814229
P2,F3_Longitudinal,cv_fold,4.0,balanced_union,1.0,True,False,,,,,0.25,0.8423391720115124,,0.75,,4,0.08695652173913043,0.25,,,,46.0,0.08177730904814229
P2,F3_Longitudinal,cv_fold,4.0,disagreement_abstention,1.0,True,False,,,,0.0,0.25,0.8423391720115124,,0.75,,4,0.08695652173913043,0.25,,,,46.0,0.08177730904814229
P2,F3_Longitudinal,cv_fold,4.0,minimax_oracle,1.0,True,False,,,,,0.5,0.8521697927460982,,0.5,,4,0.08695652173913043,0.5,,,,46.0,0.09160792978272803
P2,F4_KelvinOp,full_panel,,jarvis_only,1.0,True,False,20.0,20.0,207.0,,0.05,0.5780946017947074,0.05,0.95,0.4219053982052926,20,0.0966183574879227,0.0,0.0,0.0,jarvis_only,,
P2,F4_KelvinOp,full_panel,,mp_only,1.0,True,False,20.0,20.0,207.0,,0.05,0.6648158407850389,0.05,0.95,0.33518415921496114,20,0.0966183574879227,0.0213903743315508,-0.0374331550802139,0.08021390374331551,jarvis_only,,
P2,F4_KelvinOp,full_panel,,average_percentile,1.0,True,False,20.0,20.0,207.0,,0.4,0.8834521564316441,0.4,0.6,0.1165478435683559,20,0.0966183574879227,0.0213903743315508,-0.0213903743315508,0.06430481283422387,jarvis_only,,
P2,F4_KelvinOp,full_panel,,borda_count,1.0,True,False,20.0,20.0,207.0,,0.4,0.8834521564316441,0.4,0.6,0.1165478435683559,20,0.0966183574879227,0.0213903743315508,-0.0213903743315508,0.06430481283422387,jarvis_only,,
P2,F4_KelvinOp,full_panel,,maximin_percentile,1.0,True,False,20.0,20.0,207.0,,0.25,0.8612350483430319,0.25,0.75,0.13876495165696812,20,0.0966183574879227,0.0213903743315508,-0.026737967914438502,0.06951871657754011,jarvis_only,,
P2,F4_KelvinOp,full_panel,,intersection_first,1.0,True,False,20.0,20.0,207.0,,0.4,0.8834521564316441,0.4,0.6,0.1165478435683559,20,0.0966183574879227,0.0213903743315508,-0.0213903743315508,0.06430481283422387,jarvis_only,,
P2,F4_KelvinOp,full_panel,,balanced_union,1.0,True,False,20.0,20.0,207.0,,0.45,0.8716214193436623,0.45,0.55,0.12837858065633767,20,0.0966183574879227,0.0213903743315508,-0.0213903743315508,0.06417112299465241,jarvis_only,,
P2,F4_KelvinOp,full_panel,,disagreement_abstention,1.0,True,False,20.0,20.0,207.0,0.0,0.4,0.8834521564316441,0.4,0.6,0.1165478435683559,20,0.0966183574879227,0.0213903743315508,-0.0213903743315508,0.06430481283422387,jarvis_only,,
P2,F4_KelvinOp,full_panel,,minimax_oracle,1.0,True,False,20.0,20.0,207.0,,0.45,0.8904817075237795,0.45,0.55,0.10951829247622047,20,0.0966183574879227,0.0213903743315508,-0.016042780748663103,0.06417112299465241,jarvis_only,,
P2,F4_KelvinOp,full_panel,,jarvis_only,1.5,False,False,20.0,30.0,207.0,,0.05,0.539478612008908,0.05,0.95,0.460521387991092,30,0.14492753623188406,0.0,0.0,0.0,jarvis_only,,
P2,F4_KelvinOp,full_panel,,mp_only,1.5,False,False,20.0,30.0,207.0,,0.05,0.6782803931848653,0.05,0.95,0.3217196068151347,30,0.14492753623188406,0.0374331550802139,-0.03208556149732621,0.10695187165775401,jarvis_only,,
P2,F4_KelvinOp,full_panel,,average_percentile,1.5,False,False,20.0,30.0,207.0,,0.45,0.8688462212691458,0.45,0.55,0.1311537787308542,30,0.14492753623188406,0.0427807486631016,-0.0106951871657754,0.0962566844919786,jarvis_only,,
P2,F4_KelvinOp,full_panel,,borda_count,1.5,False,False,20.0,30.0,207.0,,0.45,0.8688462212691458,0.45,0.55,0.1311537787308542,30,0.14492753623188406,0.0427807486631016,-0.0106951871657754,0.0962566844919786,jarvis_only,,
P2,F4_KelvinOp,full_panel,,maximin_percentile,1.5,False,False,20.0,30.0,207.0,,0.45,0.8704823902071889,0.45,0.55,0.12951760979281113,30,0.14492753623188406,0.0374331550802139,-0.016042780748663103,0.09090909090909091,jarvis_only,,
P2,F4_KelvinOp,full_panel,,intersection_first,1.5,False,False,20.0,30.0,207.0,,0.45,0.8688462212691458,0.45,0.55,0.1311537787308542,30,0.14492753623188406,0.0427807486631016,-0.0106951871657754,0.0962566844919786,jarvis_only,,
P2,F4_KelvinOp,full_panel,,balanced_union,1.5,False,False,20.0,30.0,207.0,,0.7,0.852162544324516,0.7,0.30000000000000004,0.147837455675484,30,0.14492753623188406,0.0374331550802139,-0.0106951871657754,0.0855614973262032,jarvis_only,,
P2,F4_KelvinOp,full_panel,,disagreement_abstention,1.5,False,False,20.0,30.0,207.0,0.0,0.45,0.8688462212691458,0.45,0.55,0.1311537787308542,30,0.14492753623188406,0.0427807486631016,-0.0106951871657754,0.0962566844919786,jarvis_only,,
P2,F4_KelvinOp,full_panel,,minimax_oracle,1.5,False,False,20.0,30.0,207.0,,0.55,0.8868021067428131,0.55,0.44999999999999996,0.11319789325718688,30,0.14492753623188406,0.0427807486631016,-0.0053475935828877,0.0962566844919786,jarvis_only,,
P2,F4_KelvinOp,full_panel,,jarvis_only,2.0,False,False,20.0,40.0,207.0,,0.2,0.5815687048129013,0.2,0.8,0.41843129518709865,40,0.1932367149758454,0.0,0.0,0.0,jarvis_only,,
P2,F4_KelvinOp,full_panel,,mp_only,2.0,False,False,20.0,40.0,207.0,,0.2,0.7283411020959812,0.2,0.8,0.27165889790401876,40,0.1932367149758454,0.0427807486631016,-0.03208556149732621,0.11229946524064172,jarvis_only,,
P2,F4_KelvinOp,full_panel,,average_percentile,2.0,False,False,20.0,40.0,207.0,,0.55,0.86312864887999,0.55,0.44999999999999996,0.13687135112001003,40,0.1932367149758454,0.0427807486631016,-0.016042780748663103,0.10695187165775401,jarvis_only,,
P2,F4_KelvinOp,full_panel,,borda_count,2.0,False,False,20.0,40.0,207.0,,0.55,0.86312864887999,0.55,0.44999999999999996,0.13687135112001003,40,0.1932367149758454,0.0427807486631016,-0.016042780748663103,0.10695187165775401,jarvis_only,,
P2,F4_KelvinOp,full_panel,,maximin_percentile,2.0,False,False,20.0,40.0,207.0,,0.45,0.8559236087504258,0.45,0.55,0.14407639124957416,40,0.1932367149758454,0.0427807486631016,-0.0213903743315508,0.10695187165775401,jarvis_only,,
P2,F4_KelvinOp,full_panel,,intersection_first,2.0,False,False,20.0,40.0,207.0,,0.55,0.86312864887999,0.55,0.44999999999999996,0.13687135112001003,40,0.1932367149758454,0.0427807486631016,-0.016042780748663103,0.10695187165775401,jarvis_only,,
P2,F4_KelvinOp,full_panel,,balanced_union,2.0,False,True,20.0,40.0,207.0,,1.0,0.8273052529409107,1.0,0.0,0.17269474705908927,40,0.1932367149758454,0.0213903743315508,-0.03208556149732621,0.0748663101604278,jarvis_only,,
P2,F4_KelvinOp,full_panel,,disagreement_abstention,2.0,False,False,20.0,40.0,207.0,0.0,0.55,0.86312864887999,0.55,0.44999999999999996,0.13687135112001003,40,0.1932367149758454,0.0427807486631016,-0.016042780748663103,0.10695187165775401,jarvis_only,,
P2,F4_KelvinOp,full_panel,,minimax_oracle,2.0,False,False,20.0,40.0,207.0,,0.65,0.8728195854440841,0.65,0.35,0.1271804145559159,40,0.1932367149758454,0.0374331550802139,-0.0213903743315508,0.0962566844919786,jarvis_only,,
P2,F4_KelvinOp,cv_fold,0.0,jarvis_only,1.0,True,False,,,,,0.0,0.48531366932313214,,1.0,,3,0.07894736842105263,0.0,,,,38.0,-0.0727235207128406
P2,F4_KelvinOp,cv_fold,0.0,mp_only,1.0,True,False,,,,,0.0,0.5580371900359727,,1.0,,3,0.07894736842105263,0.0,,,,38.0,0.0
P2,F4_KelvinOp,cv_fold,0.0,average_percentile,1.0,True,False,,,,,0.0,0.7472138354066565,,1.0,,3,0.07894736842105263,0.0,,,,38.0,0.1891766453706838
P2,F4_KelvinOp,cv_fold,0.0,borda_count,1.0,True,False,,,,,0.0,0.7472138354066565,,1.0,,3,0.07894736842105263,0.0,,,,38.0,0.1891766453706838
P2,F4_KelvinOp,cv_fold,0.0,maximin_percentile,1.0,True,False,,,,,0.0,0.7822204547712217,,1.0,,3,0.07894736842105263,0.0,,,,38.0,0.22418326473524897
P2,F4_KelvinOp,cv_fold,0.0,intersection_first,1.0,True,False,,,,,0.0,0.7472138354066565,,1.0,,3,0.07894736842105263,0.0,,,,38.0,0.1891766453706838
P2,F4_KelvinOp,cv_fold,0.0,balanced_union,1.0,True,False,,,,,0.3333333333333333,0.7678039104670852,,0.6666666666666667,,3,0.07894736842105263,0.3333333333333333,,,,38.0,0.20976672043111244
P2,F4_KelvinOp,cv_fold,0.0,disagreement_abstention,1.0,True,False,,,,0.0,0.0,0.7472138354066565,,1.0,,3,0.07894736842105263,0.0,,,,38.0,0.1891766453706838
P2,F4_KelvinOp,cv_fold,0.0,minimax_oracle,1.0,True,False,,,,,0.3333333333333333,0.8144265616992227,,0.6666666666666667,,3,0.07894736842105263,0.3333333333333333,,,,38.0,0.25638937166324993
P2,F4_KelvinOp,cv_fold,1.0,jarvis_only,1.0,True,False,,,,,0.0,0.3898752440919915,,1.0,,5,0.09433962264150944,0.0,,,,53.0,-0.20835454942236242
P2,F4_KelvinOp,cv_fold,1.0,mp_only,1.0,True,False,,,,,0.0,0.5982297935143539,,1.0,,5,0.09433962264150944,0.0,,,,53.0,0.0
P2,F4_KelvinOp,cv_fold,1.0,average_percentile,1.0,True,False,,,,,0.2,0.836870904179112,,0.8,,5,0.09433962264150944,0.2,,,,53.0,0.23864111066475813
P2,F4_KelvinOp,cv_fold,1.0,borda_count,1.0,True,False,,,,,0.2,0.836870904179112,,0.8,,5,0.09433962264150944,0.2,,,,53.0,0.23864111066475813
P2,F4_KelvinOp,cv_fold,1.0,maximin_percentile,1.0,True,False,,,,,0.0,0.7891033141987014,,1.0,,5,0.09433962264150944,0.0,,,,53.0,0.1908735206843475
P2,F4_KelvinOp,cv_fold,1.0,intersection_first,1.0,True,False,,,,,0.2,0.836870904179112,,0.8,,5,0.09433962264150944,0.2,,,,53.0,0.23864111066475813
P2,F4_KelvinOp,cv_fold,1.0,balanced_union,1.0,True,False,,,,,0.4,0.8223946078674871,,0.6,,5,0.09433962264150944,0.4,,,,53.0,0.22416481435313318
P2,F4_KelvinOp,cv_fold,1.0,disagreement_abstention,1.0,True,False,,,,0.0,0.2,0.836870904179112,,0.8,,5,0.09433962264150944,0.2,,,,53.0,0.23864111066475813
P2,F4_KelvinOp,cv_fold,1.0,minimax_oracle,1.0,True,False,,,,,0.4,0.8496214607691749,,0.6,,5,0.09433962264150944,0.4,,,,53.0,0.251391667254821
P2,F4_KelvinOp,cv_fold,2.0,jarvis_only,1.0,True,False,,,,,0.0,0.5425902308393441,,1.0,,2,0.06896551724137931,0.0,,,,29.0,-0.07918431390939351
P2,F4_KelvinOp,cv_fold,2.0,mp_only,1.0,True,False,,,,,0.0,0.6217745447487376,,1.0,,2,0.06896551724137931,0.0,,,,29.0,0.0
P2,F4_KelvinOp,cv_fold,2.0,average_percentile,1.0,True,False,,,,,0.5,0.8737616877840632,,0.5,,2,0.06896551724137931,0.5,,,,29.0,0.25198714303532554
P2,F4_KelvinOp,cv_fold,2.0,borda_count,1.0,True,False,,,,,0.5,0.8737616877840632,,0.5,,2,0.06896551724137931,0.5,,,,29.0,0.25198714303532554
P2,F4_KelvinOp,cv_fold,2.0,maximin_percentile,1.0,True,False,,,,,0.0,0.7994130180088744,,1.0,,2,0.06896551724137931,0.0,,,,29.0,0.17763847326013682
P2,F4_KelvinOp,cv_fold,2.0,intersection_first,1.0,True,False,,,,,0.5,0.8737616877840632,,0.5,,2,0.06896551724137931,0.5,,,,29.0,0.25198714303532554
P2,F4_KelvinOp,cv_fold,2.0,balanced_union,1.0,True,False,,,,,0.5,0.8737616877840632,,0.5,,2,0.06896551724137931,0.5,,,,29.0,0.25198714303532554
P2,F4_KelvinOp,cv_fold,2.0,disagreement_abstention,1.0,True,False,,,,0.0,0.5,0.8737616877840632,,0.5,,2,0.06896551724137931,0.5,,,,29.0,0.25198714303532554
P2,F4_KelvinOp,cv_fold,2.0,minimax_oracle,1.0,True,False,,,,,0.5,0.8737616877840632,,0.5,,2,0.06896551724137931,0.5,,,,29.0,0.25198714303532554
P2,F4_KelvinOp,cv_fold,3.0,jarvis_only,1.0,True,False,,,,,0.25,0.7748591054899766,,0.75,,4,0.0975609756097561,0.0,,,,41.0,0.0
P2,F4_KelvinOp,cv_fold,3.0,mp_only,1.0,True,False,,,,,0.25,0.7665264882394377,,0.75,,4,0.0975609756097561,0.0,,,,41.0,-0.00833261725053891
P2,F4_KelvinOp,cv_fold,3.0,average_percentile,1.0,True,False,,,,,0.5,0.9352794722741318,,0.5,,4,0.0975609756097561,0.25,,,,41.0,0.16042036678415517
P2,F4_KelvinOp,cv_fold,3.0,borda_count,1.0,True,False,,,,,0.5,0.9352794722741318,,0.5,,4,0.0975609756097561,0.25,,,,41.0,0.16042036678415517
P2,F4_KelvinOp,cv_fold,3.0,maximin_percentile,1.0,True,False,,,,,0.5,0.9352794722741318,,0.5,,4,0.0975609756097561,0.25,,,,41.0,0.16042036678415517
P2,F4_KelvinOp,cv_fold,3.0,intersection_first,1.0,True,False,,,,,0.5,0.9352794722741318,,0.5,,4,0.0975609756097561,0.25,,,,41.0,0.16042036678415517
P2,F4_KelvinOp,cv_fold,3.0,balanced_union,1.0,True,False,,,,,0.5,0.9352794722741318,,0.5,,4,0.0975609756097561,0.25,,,,41.0,0.16042036678415517
P2,F4_KelvinOp,cv_fold,3.0,disagreement_abstention,1.0,True,False,,,,0.0,0.5,0.9352794722741318,,0.5,,4,0.0975609756097561,0.25,,,,41.0,0.16042036678415517
P2,F4_KelvinOp,cv_fold,3.0,minimax_oracle,1.0,True,False,,,,,0.5,0.9352794722741318,,0.5,,4,0.0975609756097561,0.25,,,,41.0,0.16042036678415517
P2,F4_KelvinOp,cv_fold,4.0,jarvis_only,1.0,True,False,,,,,0.0,0.431627990800543,,1.0,,4,0.08695652173913043,0.0,,,,46.0,-0.2560574946946464
P2,F4_KelvinOp,cv_fold,4.0,mp_only,1.0,True,False,,,,,0.0,0.6876854854951894,,1.0,,4,0.08695652173913043,0.0,,,,46.0,0.0
P2,F4_KelvinOp,cv_fold,4.0,average_percentile,1.0,True,False,,,,,0.25,0.88205483251133,,0.75,,4,0.08695652173913043,0.25,,,,46.0,0.19436934701614061
P2,F4_KelvinOp,cv_fold,4.0,borda_count,1.0,True,False,,,,,0.25,0.88205483251133,,0.75,,4,0.08695652173913043,0.25,,,,46.0,0.19436934701614061
P2,F4_KelvinOp,cv_fold,4.0,maximin_percentile,1.0,True,False,,,,,0.0,0.8429002450789483,,1.0,,4,0.08695652173913043,0.0,,,,46.0,0.15521475958375897
P2,F4_KelvinOp,cv_fold,4.0,intersection_first,1.0,True,False,,,,,0.25,0.88205483251133,,0.75,,4,0.08695652173913043,0.25,,,,46.0,0.19436934701614061
P2,F4_KelvinOp,cv_fold,4.0,balanced_union,1.0,True,False,,,,,0.5,0.8622746001414924,,0.5,,4,0.08695652173913043,0.5,,,,46.0,0.174589114646303
P2,F4_KelvinOp,cv_fold,4.0,disagreement_abstention,1.0,True,False,,,,0.0,0.25,0.88205483251133,,0.75,,4,0.08695652173913043,0.25,,,,46.0,0.19436934701614061
P2,F4_KelvinOp,cv_fold,4.0,minimax_oracle,1.0,True,False,,,,,0.5,0.8622746001414924,,0.5,,4,0.08695652173913043,0.5,,,,46.0,0.174589114646303
