q_percentile,k,n,observed_overlap,observed_jaccard,expected_jaccard,chance_adjusted_jaccard,hypergeometric_pvalue,overlap_enrichment,mean_rank_displacement_in_union,median_rank_displacement_in_union,adj_jaccard_ci95_low,adj_jaccard_ci95_high,panel,attribute
1.0,5,573,3,0.42857142857142855,0.0048647682070274215,0.4257779715034236,3.189145325421958e-06,88.09698845514035,3.0,2.0,,,P0,volume
2.0,11,573,10,0.8333333333333334,0.010144239897062002,0.8316252999837729,1.2433612007118105e-19,82.14842529253328,2.9166666666666665,2.0,,,P0,volume
3.0,17,573,15,0.7894736842105263,0.015500234329753358,0.7861591001536221,1.2262944084373778e-25,50.93301607028599,2.473684210526316,2.0,,,P0,volume
4.0,22,573,21,0.9130434782608695,0.02001050598232266,0.9112679041255498,4.2883368283568545e-36,45.62820545704616,2.3043478260869565,2.0,,,P0,volume
5.0,28,573,27,0.9310344827586207,0.025477572909264095,0.929231472437978,5.377604351142111e-44,36.5432957870206,2.413793103448276,2.0,,,P0,volume
6.0,34,573,32,0.8888888888888888,0.031004428935034415,0.8853337265628619,1.0890450383336846e-47,28.669739112158304,2.5555555555555554,2.0,,,P0,volume
7.0,40,573,38,0.9047619047619048,0.03659167305736104,0.9011446210556101,1.7159576822874823e-54,24.725896062298155,2.6904761904761907,2.0,,,P0,volume
8.0,45,573,44,0.9565217391304348,0.041294420937402626,0.9546489956675986,1.2802241190705134e-63,23.16346173204382,3.0652173913043477,2.0,,,P0,volume
9.0,51,573,49,0.9245283018867925,0.046994555952628414,0.9208066453506472,5.752902530709908e-66,19.673093683845806,2.981132075471698,2.0,,,P0,volume
10.0,57,573,52,0.8387096774193549,0.05275760760908707,0.8297264524093607,5.525498593360112e-62,15.897416797855215,3.774193548387097,2.0,,,P0,volume
11.0,63,573,59,0.8805970149253731,0.05858458404020633,0.8731665287710497,1.9537778792124416e-70,15.031207088899418,4.029850746268656,2.0,,,P0,volume
12.0,68,573,65,0.9154929577464789,0.06348998130614933,0.9097638673728413,4.654144952471229e-78,14.419486963336194,4.084507042253521,3.0,,,P0,volume
13.0,74,573,70,0.8974358974358975,0.06943688706444504,0.8897827550454329,1.0592209099415699e-79,12.924483446427814,4.32051282051282,3.0,,,P0,volume
14.0,80,573,77,0.927710843373494,0.07545075520425892,0.9218114588991128,8.493373851052626e-88,12.295580618934984,4.469879518072289,3.0,,,P0,volume
15.0,85,573,82,0.9318181818181818,0.08051427689820931,0.9258478772766434,1.3658655869857103e-91,11.573328578684732,4.943181818181818,3.0,,,P0,volume
16.0,91,573,89,0.956989247311828,0.08665385984471832,0.9529085953318207,1.2495779843540203e-99,11.043815578748946,5.10752688172043,3.0,,,P0,volume
17.0,97,573,93,0.9207920792079208,0.09286367473140028,0.9126835530826901,1.1280427223906707e-96,9.915524901111528,5.0,3.0,,,P0,volume
18.0,103,573,98,0.9074074074074074,0.09914492971776269,0.8972169934464782,2.3065376482593364e-97,9.152332953289061,5.0092592592592595,3.0,,,P0,volume
19.0,108,573,106,0.9636363636363636,0.10443477276239174,0.9593958817764722,5.228107553618259e-111,9.22716005548088,5.0181818181818185,3.0,,,P0,volume
20.0,114,573,112,0.9655172413793104,0.11085023542627534,0.9612182784109252,1.1140813488616796e-114,8.71010546496728,4.974137931034483,3.0,,,P0,volume
21.0,120,573,117,0.9512195121951219,0.11734072027853504,0.9447346343877204,2.0672912166802587e-114,8.106474120298433,5.0,3.0,,,P0,volume
22.0,126,573,123,0.9534883720930233,0.12390754979930439,0.9469101372848016,9.765237246339316e-118,7.69515960599179,5.333333333333333,3.0,,,P0,volume
23.0,131,573,128,0.9552238805970149,0.12943920253995603,0.9485663499509462,2.173316835910729e-120,7.379710797446786,5.313432835820896,3.0,,,P0,volume
24.0,137,573,132,0.9295774647887324,0.13614953768030674,0.918478326651395,1.6347151608508495e-116,6.827621162926581,5.802816901408451,3.0,,,P0,volume
25.0,143,573,137,0.9194630872483222,0.1429401392933665,0.90603116953199,3.578020125375647e-116,6.432504486099884,6.067114093959732,3.0,,,P0,volume
26.0,148,573,142,0.922077922077922,0.14866133274015444,0.9084711162328839,1.8991882726155802e-118,6.202540398918827,6.2727272727272725,3.5,,,P0,volume
27.0,154,573,146,0.9012345679012346,0.15560287751019589,0.883034381017851,5.574797975155856e-115,5.791888828290988,6.308641975308642,4.0,,,P0,volume
28.0,160,573,155,0.9393939393939394,0.16262888566726297,0.9276234162264425,9.088053169491914e-127,5.776304348022957,6.278787878787878,4.0,,,P0,volume
29.0,166,573,163,0.9644970414201184,0.16974090852766702,0.9572386994077683,3.7769751407610395e-136,5.682172021972591,6.2485207100591715,4.0,,,P0,volume
30.0,171,573,168,0.9655172413793104,0.17573444559908336,0.9581654741768847,5.034884569303882e-138,5.494183215406841,6.235632183908046,4.0,,,P0,volume
31.0,177,573,173,0.9558011049723757,0.1830083192418814,0.9459004344002494,1.5848069036774951e-136,5.222719431181142,6.475138121546961,4.0,,,P0,volume
32.0,183,573,177,0.9365079365079365,0.1903728151227539,0.9215786417773385,8.357191321014757e-132,4.919336491946441,6.984126984126984,5.0,,,P0,volume
33.0,189,573,182,0.9285714285714286,0.19782963807008228,0.910955858233501,1.6247961173475652e-130,4.69379329422054,7.219387755102041,5.0,,,P0,volume
34.0,194,573,186,0.9207920792079208,0.20411544453627195,0.9004781280798594,6.219159882515144e-129,4.511133791467177,7.415841584158416,5.0,,,P0,volume
35.0,200,573,193,0.9323671497584541,0.2117461055962624,0.9141991549655385,1.322221729154551e-133,4.403231630319588,7.541062801932367,5.0,,,P0,volume
36.0,206,573,200,0.9433962264150944,0.21947416273996465,0.9274799489231413,2.710105516019706e-138,4.29843866192505,7.556603773584905,5.0,,,P0,volume
37.0,212,573,205,0.9360730593607306,0.22730149363603225,0.917267938124941,1.571427996148361e-136,4.118200212355941,7.525114155251141,5.0,,,P0,volume
38.0,217,573,213,0.9638009049773756,0.23390149173608848,0.952748772341749,1.3849287910076913e-147,4.120541933374389,7.67420814479638,5.0,,,P0,volume
39.0,223,573,218,0.956140350877193,0.24191586374086366,0.9421440879382621,2.5773844430934402e-145,3.952367306930293,7.644736842105263,5.0,,,P0,volume
40.0,229,573,227,0.9826839826839827,0.25003509898592313,0.9769108963731461,1.6286437563507835e-157,3.9301841488234714,7.571428571428571,5.0,,,P0,volume
41.0,234,573,231,0.9746835443037974,0.256882726086866,0.9659320855739361,2.06101975249364e-154,3.7942743724005945,7.734177215189874,5.0,,,P0,volume
42.0,240,573,236,0.9672131147540983,0.26519963409964514,0.955379873544663,1.273770307402587e-151,3.6471133078210856,7.799180327868853,5.0,,,P0,volume
43.0,246,573,239,0.9446640316205533,0.2736274229346693,0.9238187534515505,2.217251985253062e-142,3.4523733823495437,7.826086956521739,5.0,,,P0,volume
44.0,252,573,246,0.9534883720930233,0.28216832632827377,0.9352053836394977,3.013898670205078e-146,3.3791474206206185,8.062015503875969,5.0,,,P0,volume
45.0,257,573,252,0.9618320610687023,0.28937380606327734,0.946289710037488,4.628242600393991e-150,3.323839410877357,8.022900763358779,5.0,,,P0,volume
46.0,263,573,256,0.9481481481481482,0.2981280897313316,0.926123483368919,5.417389241626007e-144,3.180338186189046,8.037037037037036,5.0,,,P0,volume
47.0,269,573,265,0.9706959706959707,0.3070021521112328,0.9577141121097205,2.1022495189775862e-154,3.1618539610245757,7.996336996336996,5.0,,,P0,volume
48.0,275,573,271,0.9713261648745519,0.3159984701785904,0.958079282172169,1.1557967477752866e-154,3.0738318585074005,8.053763440860216,5.0,,,P0,volume
49.0,280,573,275,0.9649122807017544,0.32359062621322854,0.9481265034784888,2.7069923561911724e-151,2.9818919416594283,7.982456140350878,5.0,,,P0,volume
50.0,286,573,284,0.9861111111111112,0.33281774305900164,0.9791827664114319,1.6253154573083375e-162,2.9629162857951785,7.940972222222222,5.0,,,P0,volume
1.0,5,573,4,0.6666666666666666,0.0048647682070274215,0.6650371500436637,5.61666599686185e-09,137.03975981910722,1.4166666666666667,1.0,,,P0,band_gap
2.0,11,573,11,1.0,0.010144239897062002,1.0,2.0109351459029766e-23,98.57811035103992,1.8181818181818181,1.0,,,P0,band_gap
3.0,17,573,15,0.7894736842105263,0.015500234329753358,0.7861591001536221,1.2262944084373778e-25,50.93301607028599,4.631578947368421,2.0,,,P0,band_gap
4.0,22,573,20,0.8333333333333334,0.02001050598232266,0.8299301495739706,1.2385839517128153e-32,41.64479069492308,5.333333333333333,2.5,,,P0,band_gap
5.0,28,573,24,0.75,0.025477572909264095,0.7434640875876702,2.6261884388820837e-34,29.43765493954437,5.34375,3.0,,,P0,band_gap
6.0,34,573,30,0.7894736842105263,0.031004428935034415,0.7827375871717384,2.1609985047857404e-41,25.463255132509023,5.315789473684211,3.25,,,P0,band_gap
7.0,40,573,37,0.8604651162790697,0.03659167305736104,0.8551653750349636,3.8481514935647104e-51,23.51532587564953,5.465116279069767,3.5,,,P0,band_gap
8.0,45,573,40,0.8,0.041294420937402626,0.7913853800709537,2.211321589639734e-50,19.373077084982103,5.84,4.25,,,P0,band_gap
9.0,51,573,46,0.8214285714285714,0.046994555952628414,0.8126228662314418,2.471721221677926e-56,17.47922828032656,6.339285714285714,4.75,,,P0,band_gap
10.0,57,573,51,0.8095238095238095,0.05275760760908707,0.7989150485596259,4.080201296676863e-59,15.344209986208238,6.555555555555555,5.0,,,P0,band_gap
11.0,63,573,59,0.8805970149253731,0.05858458404020633,0.8731665287710497,1.9537778792124416e-70,15.031207088899418,6.492537313432836,5.0,,,P0,band_gap
12.0,68,573,65,0.9154929577464789,0.06348998130614933,0.9097638673728413,4.654144952471229e-78,14.419486963336194,6.507042253521127,5.0,,,P0,band_gap
13.0,74,573,71,0.922077922077922,0.06943688706444504,0.9162635216903613,4.8114769385903635e-83,13.279367221951249,6.584415584415584,5.0,,,P0,band_gap
14.0,80,573,78,0.9512195121951219,0.07545075520425892,0.9472386267367996,1.995672583953323e-91,12.607156941239323,6.341463414634147,4.75,,,P0,band_gap
15.0,85,573,82,0.9318181818181818,0.08051427689820931,0.9258478772766434,1.3658655869857103e-91,11.573328578684732,6.2272727272727275,4.5,,,P0,band_gap
16.0,91,573,89,0.956989247311828,0.08665385984471832,0.9529085953318207,1.2495779843540203e-99,11.043815578748946,6.129032258064516,4.5,,,P0,band_gap
17.0,97,573,94,0.94,0.09286367473140028,0.9338577914601377,4.058700910221029e-100,10.12236488291966,6.57,4.5,,,P0,band_gap
18.0,103,573,96,0.8727272727272727,0.09914492971776269,0.8587200855373408,2.683294126059357e-91,8.802540636335898,7.072727272727272,5.0,,,P0,band_gap
19.0,108,573,103,0.911504424778761,0.10443477276239174,0.9011846680400872,1.6583870353020443e-100,8.727978245833892,7.061946902654867,5.0,,,P0,band_gap
20.0,114,573,108,0.9,0.11085023542627534,0.887533007391683,5.519538872325994e-101,8.119062594130215,7.079166666666667,5.0,,,P0,band_gap
21.0,120,573,115,0.92,0.11734072027853504,0.9093648003958616,1.4176838781213504e-107,7.840415482504024,7.62,5.0,,,P0,band_gap
22.0,126,573,120,0.9090909090909091,0.12390754979930439,0.8962334501475667,1.0710287325328616e-107,7.336848404825875,7.515151515151516,5.0,,,P0,band_gap
23.0,131,573,124,0.8985507246376812,0.12943920253995603,0.883466754236685,2.891258763711315e-107,6.941874694880876,7.677536231884058,6.0,,,P0,band_gap
24.0,137,573,132,0.9295774647887324,0.13614953768030674,0.918478326651395,1.6347151608508495e-116,6.827621162926581,7.633802816901408,5.75,,,P0,band_gap
25.0,143,573,138,0.9324324324324325,0.1429401392933665,0.9211635375015007,2.1958062979815106e-119,6.5232371889517555,7.966216216216216,6.0,,,P0,band_gap
26.0,148,573,143,0.934640522875817,0.14866133274015444,0.923227406862005,1.138161656128626e-121,6.287045229908424,8.392156862745098,6.0,,,P0,band_gap
27.0,154,573,148,0.925,0.15560287751019589,0.9111792330854307,4.7203401296492e-121,5.9446201432835934,8.325,6.0,,,P0,band_gap
28.0,160,573,154,0.927710843373494,0.16262888566726297,0.9136713036917807,1.5967513656916022e-123,5.704465351079025,8.620481927710843,6.0,,,P0,band_gap
29.0,166,573,160,0.9302325581395349,0.16974090852766702,0.9159690720920097,7.301386481743617e-126,5.480308584467786,8.627906976744185,6.0,,,P0,band_gap
30.0,171,573,165,0.9322033898305084,0.17573444559908336,0.9177490678731969,1.0270386474771775e-127,5.304613939814716,8.666666666666666,6.0,,,P0,band_gap
31.0,177,573,170,0.9239130434782609,0.1830083192418814,0.906869361936299,1.093587122748563e-126,5.0484756502087125,9.285326086956522,6.0,,,P0,band_gap
32.0,183,573,176,0.9263157894736842,0.1903728151227539,0.9089899500626482,1.159454569927796e-128,4.865798663934179,9.255263157894737,6.0,,,P0,band_gap
33.0,189,573,181,0.9187817258883249,0.19782963807008228,0.8987518388035747,1.7423248818568456e-127,4.644307773352146,9.555837563451776,6.0,,,P0,band_gap
34.0,194,573,186,0.9207920792079208,0.20411544453627195,0.9004781280798594,6.219159882515144e-129,4.511133791467177,9.720297029702971,6.0,,,P0,band_gap
35.0,200,573,194,0.941747572815534,0.2117461055962624,0.926099410864909,9.09811730577357e-137,4.447531963639369,9.842233009708737,6.0,,,P0,band_gap
36.0,206,573,198,0.9252336448598131,0.21947416273996465,0.9042102752131213,4.471735393251823e-132,4.215683674602007,9.80841121495327,6.25,,,P0,band_gap
37.0,212,573,204,0.9272727272727272,0.22730149363603225,0.9058788490875952,1.7822297595039646e-133,4.079483651601198,9.818181818181818,6.5,,,P0,band_gap
38.0,217,573,211,0.9461883408071748,0.23390149173608848,0.9297588252524207,8.58753105579857e-141,4.045242866064151,11.139013452914797,6.5,,,P0,band_gap
39.0,223,573,217,0.9475982532751092,0.24191586374086366,0.9308760806109542,5.385386735816509e-142,3.917057106640022,10.973799126637555,6.5,,,P0,band_gap
40.0,229,573,225,0.9656652360515021,0.25003509898592313,0.9542181722076972,6.767781698725193e-150,3.8621187184038854,10.987124463519313,6.5,,,P0,band_gap
41.0,234,573,227,0.941908713692946,0.256882726086866,0.9218275656530567,1.0149364425353258e-140,3.666687628402213,10.983402489626556,7.0,,,P0,band_gap
42.0,240,573,233,0.9433198380566802,0.26519963409964514,0.9228631822006931,1.323290063652491e-141,3.557017871684697,11.016194331983806,7.0,,,P0,band_gap
43.0,246,573,239,0.9446640316205533,0.2736274229346693,0.9238187534515505,2.217251985253062e-142,3.4523733823495437,10.956521739130435,7.0,,,P0,band_gap
44.0,252,573,246,0.9534883720930233,0.28216832632827377,0.9352053836394977,3.013898670205078e-146,3.3791474206206185,10.89922480620155,7.0,,,P0,band_gap
45.0,257,573,253,0.9693486590038314,0.28937380606327734,0.9568671387887259,1.465651985433276e-153,3.349814802490672,10.812260536398467,7.0,,,P0,band_gap
46.0,263,573,259,0.9700374531835206,0.2981280897313316,0.9573105200847688,4.901125520305438e-154,3.253760670648993,10.925093632958802,7.0,,,P0,band_gap
47.0,269,573,263,0.9563636363636364,0.3070021521112328,0.9370324687597475,1.4662070108301333e-147,3.115169160172947,11.121818181818181,7.0,,,P0,band_gap
48.0,275,573,268,0.950354609929078,0.3159984701785904,0.9274191826970267,1.2981066572289426e-144,3.007465857008654,11.27127659574468,7.0,,,P0,band_gap
49.0,280,573,271,0.9377162629757786,0.32359062621322854,0.9079200563476291,1.1167124097083391e-138,2.897847425153394,11.610726643598616,7.0,,,P0,band_gap
50.0,286,573,276,0.9324324324324325,0.33281774305900164,0.8987269717312899,7.465752261030525e-136,2.8016307780415772,11.787162162162161,7.0,,,P0,band_gap
1.0,5,573,3,0.42857142857142855,0.0048647682070274215,0.4257779715034236,3.189145325421958e-06,88.09698845514035,5.142857142857143,2.0,,,P0,energy_above_hull
2.0,11,573,8,0.5714285714285714,0.010144239897062002,0.5670364856725588,9.781227236042413e-14,56.330348772022816,5.428571428571429,4.0,,,P0,energy_above_hull
3.0,17,573,13,0.6190476190476191,0.015500234329753358,0.613049800277983,5.487675476308424e-20,39.93795228368457,53.523809523809526,6.0,,,P0,energy_above_hull
4.0,22,573,17,0.6296296296296297,0.02001050598232266,0.6220669990532679,3.8812525201019755e-24,31.464952969497443,58.2962962962963,6.0,,,P0,energy_above_hull
5.0,28,573,23,0.696969696969697,0.025477572909264095,0.6890473788941458,1.36495373783024e-31,27.35620459028366,64.66666666666667,6.0,,,P0,energy_above_hull
6.0,34,573,26,0.6190476190476191,0.031004428935034415,0.6068584910726694,4.093828987006944e-31,19.96642545311025,83.4047619047619,6.5,,,P0,energy_above_hull
7.0,40,573,30,0.6,0.03659167305736104,0.5848074084335625,6.197868206658375e-33,16.39717317815562,71.44,6.0,,,P0,energy_above_hull
8.0,45,573,35,0.6363636363636364,0.041294420937402626,0.6207006910380977,7.360442301401974e-38,15.410402226690309,72.46363636363637,6.0,,,P0,energy_above_hull
9.0,51,573,39,0.6190476190476191,0.046994555952628414,0.6002621146270758,3.99035875128109e-39,13.17275174749248,85.19047619047619,7.0,,,P0,energy_above_hull
10.0,57,573,43,0.6056338028169014,0.05275760760908707,0.5836691850459861,3.118153697713676e-40,11.479553949913868,86.88028169014085,7.0,,,P0,energy_above_hull
11.0,63,573,46,0.575,0.05858458404020633,0.5485521133444546,2.7686530876181037e-39,9.814868696607627,85.36875,9.0,,,P0,energy_above_hull
12.0,68,573,49,0.5632183908045977,0.06348998130614933,0.5336071152718889,1.990189771415971e-39,8.870980573907447,85.20114942528735,10.0,,,P0,energy_above_hull
13.0,74,573,52,0.5416666666666666,0.06943688706444504,0.5074666866092782,1.7015376383461365e-38,7.800848937308215,84.05729166666667,11.75,,,P0,energy_above_hull
14.0,80,573,57,0.5533980582524272,0.07545075520425892,0.5169516991534185,7.180947080776346e-41,7.334559564768807,86.86893203883496,13.0,,,P0,energy_above_hull
15.0,85,573,62,0.5740740740740741,0.08051427689820931,0.5367780975553285,3.9446525263182917e-44,7.130090416136394,86.38888888888889,14.0,,,P0,energy_above_hull
16.0,91,573,64,0.5423728813559322,0.08665385984471832,0.498955435924583,3.196994927418625e-41,6.259073540726884,89.19067796610169,19.0,,,P0,energy_above_hull
17.0,97,573,68,0.5396825396825397,0.09286367473140028,0.4925597757523798,1.471860815031976e-41,5.811557008093017,88.01587301587301,18.5,,,P0,energy_above_hull
18.0,103,573,74,0.5606060606060606,0.09914492971776269,0.5122479143551053,7.089319469354528e-45,5.654409783757434,90.78030303030303,19.5,,,P0,energy_above_hull
19.0,108,573,79,0.5766423357664233,0.10443477276239174,0.5272732221421401,1.5152341761046424e-47,5.521554942991932,90.15328467153284,19.0,,,P0,energy_above_hull
20.0,114,573,82,0.5616438356164384,0.11085023542627534,0.5069940050046373,6.525459870808805e-46,5.066690507752493,90.42123287671232,20.5,,,P0,energy_above_hull
21.0,120,573,88,0.5789473684210527,0.11734072027853504,0.5229726336624295,8.251562672993098e-49,4.93389990317759,92.64473684210526,22.0,,,P0,energy_above_hull
22.0,126,573,92,0.575,0.12390754979930439,0.5148913794398743,1.6282584956660193e-48,4.640556616052366,97.071875,25.0,,,P0,energy_above_hull
23.0,131,573,97,0.5878787878787879,0.12943920253995603,0.5266026068212345,1.0329351226003017e-50,4.541736787178661,98.97272727272727,28.0,,,P0,energy_above_hull
24.0,137,573,101,0.5838150289017341,0.13614953768030674,0.5182210472161044,3.217300870787195e-50,4.2880426834249885,100.55202312138728,29.0,,,P0,energy_above_hull
25.0,143,573,106,0.5888888888888889,0.1429401392933665,0.520323923731353,4.035264678734014e-51,4.119828704519933,98.13333333333334,29.0,,,P0,energy_above_hull
26.0,148,573,112,0.6086956521739131,0.14866133274015444,0.5403658228216562,1.6016594841063184e-54,4.094512278037046,96.58967391304348,29.0,,,P0,energy_above_hull
27.0,154,573,118,0.6210526315789474,0.15560287751019589,0.5512213882211231,1.0151055981154958e-56,3.991267009430805,101.5078947368421,30.5,,,P0,energy_above_hull
28.0,160,573,122,0.6161616161616161,0.16262888566726297,0.5416149694341352,8.980472327594961e-56,3.788758765907531,99.19444444444444,31.5,,,P0,energy_above_hull
29.0,166,573,125,0.6038647342995169,0.16974090852766702,0.5228775333275786,2.4548755656488252e-53,3.5575674687819268,100.16425120772946,32.0,,,P0,energy_above_hull
30.0,171,573,127,0.5906976744186047,0.17573444559908336,0.5034339074391143,1.1660101785312264e-50,3.361308435605215,101.08604651162791,37.0,,,P0,energy_above_hull
31.0,177,573,133,0.6018099547511312,0.1830083192418814,0.5126143207732878,2.295460660655313e-52,3.2884294945942933,99.36651583710407,37.0,,,P0,energy_above_hull
32.0,183,573,138,0.6052631578947368,0.1903728151227539,0.5124461610499007,1.3345432563094541e-52,3.1793570815479004,97.24780701754386,34.5,,,P0,energy_above_hull
33.0,189,573,145,0.6223175965665236,0.19782963807008228,0.5291743233634043,1.6973059408324956e-55,3.1457247894578066,97.46995708154506,40.0,,,P0,energy_above_hull
34.0,194,573,149,0.6234309623430963,0.20411544453627195,0.52685469887339,2.6962071740420057e-55,3.0543056835285713,97.44142259414225,40.0,,,P0,energy_above_hull
35.0,200,573,154,0.6260162601626016,0.2117461055962624,0.5255542123007301,2.9712223054799777e-55,2.9564475738516327,97.66869918699187,40.0,,,P0,energy_above_hull
36.0,206,573,158,0.6220472440944882,0.21947416273996465,0.5157716274553057,8.830670416942097e-54,2.8342618389732577,99.07874015748031,40.5,,,P0,energy_above_hull
37.0,212,573,162,0.6183206106870229,0.22730149363603225,0.5060435782268836,2.8391480444399835e-52,2.720266377470938,99.2557251908397,40.5,,,P0,energy_above_hull
38.0,217,573,168,0.631578947368421,0.23390149173608848,0.519094413241355,1.8754862357159674e-54,2.7001920452950032,99.0827067669173,41.0,,,P0,energy_above_hull
39.0,223,573,174,0.6397058823529411,0.24191586374086366,0.5247306988575482,2.036856496958063e-55,2.6443320932362817,99.5845588235294,41.5,,,P0,energy_above_hull
40.0,229,573,178,0.6357142857142857,0.25003509898592313,0.5142629824500591,1.1690088418511058e-53,2.5425001861441707,99.05357142857143,41.5,,,P0,energy_above_hull
41.0,234,573,184,0.647887323943662,0.256882726086866,0.5261680916093227,1.2637087978500945e-55,2.5221132374801103,98.74823943661971,41.0,,,P0,energy_above_hull
42.0,240,573,188,0.6438356164383562,0.26519963409964514,0.5152909550810666,1.0057910515807186e-53,2.4277394598381825,98.76712328767124,41.0,,,P0,energy_above_hull
43.0,246,573,192,0.64,0.2736274229346693,0.5043865760262296,8.423407621465463e-52,2.338946853849532,99.16,41.0,,,P0,energy_above_hull
44.0,252,573,195,0.6310679611650486,0.28216832632827377,0.4860465867327152,1.187017062980664e-48,2.2364946816563176,100.38996763754045,44.0,,,P0,energy_above_hull
45.0,257,573,200,0.6369426751592356,0.28937380606327734,0.4891022482164616,5.128092484590861e-49,2.201106879106934,100.68152866242038,44.0,,,P0,energy_above_hull
46.0,263,573,208,0.6540880503144654,0.2981280897313316,0.5071580089975056,8.09219160480084e-52,2.193983300613905,100.75786163522012,44.0,,,P0,energy_above_hull
47.0,269,573,212,0.6503067484662577,0.3070021521112328,0.49539056636454165,1.1684134978026141e-49,2.118248175115851,99.70398773006134,41.5,,,P0,energy_above_hull
48.0,275,573,219,0.6616314199395771,0.3159984701785904,0.5053101998927257,4.52603684971709e-51,2.0937804526890527,99.55740181268882,42.0,,,P0,energy_above_hull
49.0,280,573,223,0.6617210682492581,0.32359062621322854,0.4998902368000306,5.847282818779177e-50,2.0449327472583216,99.1320474777448,43.0,,,P0,energy_above_hull
50.0,286,573,227,0.6579710144927536,0.33281774305900164,0.4873529954536944,1.2372212648552772e-47,1.9769709644840332,99.17246376811595,44.0,,,P0,energy_above_hull
1.0,5,573,0,0.0,0.0048647682070274215,-0.004888549869008643,1.0,0.0,246.8,298.0,,,P0,dielectric_total_trace
2.0,11,573,5,0.29411764705882354,0.010144239897062002,0.2868836234606852,4.0010951339113624e-07,28.993561867952923,155.2941176470588,133.0,,,P0,dielectric_total_trace
3.0,17,573,6,0.21428571428571427,0.015500234329753358,0.20191521307333976,2.656938774397789e-06,13.824675790506195,154.32142857142858,122.5,,,P0,dielectric_total_trace
4.0,22,573,7,0.1891891891891892,0.02001050598232266,0.17263316008958648,5.2585494879928905e-06,9.454493022631187,134.02702702702703,77.0,,,P0,dielectric_total_trace
5.0,28,573,9,0.19148936170212766,0.025477572909264095,0.17035194283672092,1.5321208532023412e-06,7.515997005841116,135.85106382978722,77.0,,,P0,dielectric_total_trace
6.0,34,573,12,0.21428571428571427,0.031004428935034415,0.1891456378373807,5.665546912261686e-08,6.911454964538163,125.55357142857143,63.5,,,P0,dielectric_total_trace
7.0,40,573,17,0.2698412698412698,0.03659167305736104,0.2421087614263442,1.808978532130977e-11,7.37439005366787,129.26984126984127,77.0,,,P0,dielectric_total_trace
8.0,45,573,18,0.25,0.041294420937402626,0.21769517526607637,1.515521848757232e-10,6.054086589056907,125.30555555555556,74.5,,,P0,dielectric_total_trace
9.0,51,573,20,0.24390243902439024,0.046994555952628414,0.20661779457995835,2.4568685475379363e-10,5.190014759800039,127.03658536585365,80.5,,,P0,dielectric_total_trace
10.0,57,573,21,0.22580645161290322,0.05275760760908707,0.18268697156493124,3.726119296048164e-09,4.280073753268711,126.15053763440861,79.0,,,P0,dielectric_total_trace
11.0,63,573,24,0.23529411764705882,0.05858458404020633,0.187706224702825,9.181259478259016e-10,4.0163145561565745,129.4607843137255,88.5,,,P0,dielectric_total_trace
12.0,68,573,28,0.25925925925925924,0.06348998130614933,0.20904130660144896,1.6687401864569927e-11,4.083467248306603,127.52777777777777,88.5,,,P0,dielectric_total_trace
13.0,74,573,33,0.28695652173913044,0.06943688706444504,0.23375054485933558,1.0622977720450873e-13,4.132623651068968,126.4,90.0,,,P0,dielectric_total_trace
14.0,80,573,35,0.28,0.07545075520425892,0.2212421306351635,5.463404693272364e-13,3.7110297868058324,125.216,90.0,,,P0,dielectric_total_trace
15.0,85,573,40,0.3076923076923077,0.08051427689820931,0.2470707538859186,2.287266422228423e-15,3.821586922792708,126.0,93.5,,,P0,dielectric_total_trace
16.0,91,573,46,0.3382352941176471,0.08665385984471832,0.27545026273407847,3.281221740377621e-18,3.903291725536021,124.3970588235294,93.5,,,P0,dielectric_total_trace
17.0,97,573,53,0.375886524822695,0.09286367473140028,0.31199593953807625,4.488645613147839e-22,4.047723998753146,124.60992907801419,95.0,,,P0,dielectric_total_trace
18.0,103,573,55,0.36423841059602646,0.09914492971776269,0.2942687338099903,1.197478342178848e-20,3.673797657963037,124.3112582781457,92.0,,,P0,dielectric_total_trace
19.0,108,573,61,0.3935483870967742,0.10443477276239174,0.3228280928527787,7.55876802418496e-24,3.768365427405764,124.7483870967742,95.0,,,P0,dielectric_total_trace
20.0,114,573,65,0.3987730061349693,0.11085023542627534,0.32381808125060874,2.8308727876137574e-24,3.5974033307325417,122.54601226993866,92.0,,,P0,dielectric_total_trace
21.0,120,573,69,0.40350877192982454,0.11734072027853504,0.3242112310217751,1.3264563585118337e-24,3.4387787203965017,120.23391812865498,89.0,,,P0,dielectric_total_trace
22.0,126,573,75,0.423728813559322,0.12390754979930439,0.3422255992405076,6.650401962541016e-27,3.4197174768256193,117.42937853107344,86.0,,,P0,dielectric_total_trace
23.0,131,573,78,0.42391304347826086,0.12943920253995603,0.3382576401297467,1.1695125214386438e-26,3.274997335891381,114.63586956521739,82.5,,,P0,dielectric_total_trace
24.0,137,573,83,0.43455497382198954,0.13614953768030674,0.3454364489663827,9.9020941924893e-28,3.1917477005494486,113.60732984293193,82.0,,,P0,dielectric_total_trace
25.0,143,573,89,0.4517766497461929,0.1429401392933665,0.3603441540223284,9.442214877850079e-30,3.1606003182841365,113.56345177664974,83.0,,,P0,dielectric_total_trace
26.0,148,573,91,0.44390243902439025,0.14866133274015444,0.3467963075546789,2.9882562812341192e-28,2.9859979783733577,119.4,90.0,,,P0,dielectric_total_trace
27.0,154,573,93,0.4325581395348837,0.15560287751019589,0.32799171698744384,4.1139262747161154e-26,2.7798852209949674,122.2139534883721,100.0,,,P0,dielectric_total_trace
28.0,160,573,99,0.4479638009049774,0.16262888566726297,0.3407508455376859,8.747843582421129e-28,2.7545155896936215,122.36651583710407,101.0,,,P0,dielectric_total_trace
29.0,166,573,102,0.4434782608695652,0.16974090852766702,0.32970111999191526,1.6383391859671067e-26,2.612677549073447,124.13478260869566,104.0,,,P0,dielectric_total_trace
30.0,171,573,104,0.4369747899159664,0.17573444559908336,0.3169371119805616,5.296503554173544e-25,2.486563111894813,124.61344537815125,104.0,,,P0,dielectric_total_trace
31.0,177,573,106,0.4274193548387097,0.1830083192418814,0.2991597605621023,6.688577907292625e-23,2.335518716358414,125.63709677419355,110.0,,,P0,dielectric_total_trace
32.0,183,573,112,0.4409448818897638,0.1903728151227539,0.30949067848432127,3.766787750225911e-24,2.3162176889879946,125.86614173228347,110.0,,,P0,dielectric_total_trace
33.0,189,573,118,0.45384615384615384,0.19782963807008228,0.3191547929546151,2.451642503290888e-25,2.294126189956311,125.92692307692307,110.5,,,P0,dielectric_total_trace
34.0,194,573,121,0.45318352059925093,0.20411544453627195,0.31294497971236246,1.4657720263638442e-24,2.220231406931673,127.35580524344569,112.0,,,P0,dielectric_total_trace
35.0,200,573,125,0.45454545454545453,0.2117461055962624,0.30802175628051154,6.2748293520715706e-24,2.146653197070548,127.20727272727272,112.0,,,P0,dielectric_total_trace
36.0,206,573,127,0.4456140350877193,0.21947416273996465,0.28972759331273135,1.1023414962945852e-21,2.030371272520527,127.54035087719298,114.0,,,P0,dielectric_total_trace
37.0,212,573,133,0.4570446735395189,0.22730149363603225,0.29732577196838744,1.5634078255015032e-22,2.010742059932805,128.13058419243987,116.0,,,P0,dielectric_total_trace
38.0,217,573,139,0.4711864406779661,0.23390149173608848,0.3097316420568409,5.4871233612989346e-24,2.0144653083683908,127.62372881355932,115.0,,,P0,dielectric_total_trace
39.0,223,573,141,0.46229508196721314,0.24191586374086366,0.2907054872745907,1.3117067245586398e-21,1.9109746455586565,128.0393442622951,116.0,,,P0,dielectric_total_trace
40.0,229,573,145,0.46325878594249204,0.25003509898592313,0.2843115546717655,9.059154080943222e-21,1.8527750216723504,127.51437699680511,115.0,,,P0,dielectric_total_trace
41.0,234,573,151,0.47634069400630913,0.256882726086866,0.2953207732122998,5.435860614170601e-22,1.8543118926775655,126.86750788643533,115.0,,,P0,dielectric_total_trace
42.0,240,573,156,0.48148148148148145,0.26519963409964514,0.29434096309522795,9.053240690700844e-22,1.8155435361595234,127.05246913580247,114.5,,,P0,dielectric_total_trace
43.0,246,573,164,0.5,0.2736274229346693,0.3116480222586522,9.439169551142084e-24,1.8273022295699468,126.8140243902439,114.5,,,P0,dielectric_total_trace
44.0,252,573,170,0.5089820359281437,0.28216832632827377,0.3159706069247577,3.702357964105971e-24,1.803824130621931,126.11676646706587,114.0,,,P0,dielectric_total_trace
45.0,257,573,177,0.5252225519287834,0.28937380606327734,0.33188861862655616,4.791336366196204e-26,1.8150314262166944,125.94658753709199,114.0,,,P0,dielectric_total_trace
46.0,263,573,185,0.5425219941348973,0.2981280897313316,0.3482029994760933,5.258071184655707e-28,1.8197614140412255,125.62463343108504,114.0,,,P0,dielectric_total_trace
47.0,269,573,191,0.5504322766570605,0.3070021521112328,0.3512711118619528,3.072510189766289e-28,1.7929264432570764,125.46685878962536,114.0,,,P0,dielectric_total_trace
48.0,275,573,196,0.5536723163841808,0.3159984701785904,0.34747560618416484,1.467023282250966e-27,1.752136065947617,125.2683615819209,114.5,,,P0,dielectric_total_trace
49.0,280,573,202,0.5642458100558659,0.32359062621322854,0.3557833364954232,1.725218323524325e-28,1.7437025808159807,125.63687150837988,114.5,,,P0,dielectric_total_trace
50.0,286,573,208,0.5714285714285714,0.33281774305900164,0.3576396492670384,1.5737840874098798e-28,1.7169414291931817,125.33516483516483,114.5,,,P0,dielectric_total_trace
1.0,2,207,2,1.0,0.006456857870956645,1.0,4.690211528539936e-05,154.87409200968526,0.0,0.0,,,P2,volume
2.0,4,207,4,1.0,0.011122815779594241,1.0,1.3458282721778873e-08,89.90529195265337,0.0,0.0,,,P2,volume
3.0,6,207,5,0.7142857142857143,0.01600382210473546,0.7096388257061942,1.188422224444259e-08,44.63219533503564,0.42857142857142855,0.0,,,P2,volume
4.0,8,207,8,1.0,0.020966898074285582,1.0,1.3715936590633927e-14,47.69422717929026,0.5,0.0,,,P2,volume
5.0,10,207,10,1.0,0.025991658248233813,1.0,3.1329229307066996e-17,38.473882291367545,0.4,0.0,,,P2,volume
6.0,12,207,12,1.0,0.031072415432779176,1.0,1.0710292832624165e-19,32.182885883569625,0.3333333333333333,0.0,,,P2,volume
7.0,14,207,14,1.0,0.036207304103381195,1.0,5.152718201262485e-22,27.61873673733736,0.2857142857142857,0.0,,,P2,volume
8.0,16,207,16,1.0,0.04139582470386405,1.0,3.337252721024926e-24,24.15702566995014,0.25,0.0,,,P2,volume
9.0,18,207,18,1.0,0.04663807212234519,1.0,2.813996507670508e-26,21.44170962677681,0.2222222222222222,0.0,,,P2,volume
10.0,20,207,20,1.0,0.051934439199011924,1.0,3.009452529873896e-28,19.2550456965178,0.2,0.0,,,P2,volume
11.0,22,207,22,1.0,0.05728548595055176,1.0,3.99737527687235e-30,17.45642868183382,0.18181818181818182,0.0,,,P2,volume
12.0,24,207,24,1.0,0.06269187579404333,1.0,6.482230178711916e-32,15.951030134833118,0.25,0.0,,,P2,volume
13.0,26,207,26,1.0,0.06815434199363612,1.0,1.2650722440889768e-33,14.672579482806459,0.3076923076923077,0.0,,,P2,volume
14.0,28,207,28,1.0,0.07367366895097721,1.0,2.935526754239615e-35,13.57337043530986,0.2857142857142857,0.0,,,P2,volume
15.0,31,207,30,0.9375,0.08206108652851644,0.9319126805904371,7.660809156116649e-34,11.42441612291127,0.40625,0.0,,,P2,volume
16.0,33,207,33,1.0,0.08772624567645379,1.0,4.8131998153564114e-39,11.399097183391783,0.42424242424242425,0.0,,,P2,volume
17.0,35,207,34,0.9444444444444444,0.09345129076599037,0.9387175173383707,1.1456557220460617e-36,10.106275009185374,0.5555555555555556,0.0,,,P2,volume
18.0,37,207,36,0.9473684210526315,0.09923714989278395,0.9415699937657244,5.421067988956148e-38,9.546509770546319,0.6052631578947368,0.0,,,P2,volume
19.0,39,207,37,0.9024390243902439,0.10508477630537333,0.8909829970184449,4.623441969447211e-36,8.58772370383872,0.7560975609756098,0.0,,,P2,volume
20.0,41,207,40,0.9523809523809523,0.11099514776220629,0.9464355593794775,1.7686894784979563e-40,8.580383661647206,0.7619047619047619,0.0,,,P2,volume
21.0,43,207,43,1.0,0.1169692662424416,1.0,1.713253214880066e-45,8.549254279558403,0.7441860465116279,0.0,,,P2,volume
22.0,45,207,43,0.9148936170212766,0.12300815790549867,0.9029564713219389,1.6392552103218057e-39,7.437666188970539,0.8936170212765957,1.0,,,P2,volume
23.0,47,207,46,0.9583333333333334,0.12911287323072992,0.9521560654809109,7.911260424877401e-44,7.422446030000068,0.9583333333333334,1.0,,,P2,volume
24.0,49,207,47,0.9215686274509803,0.1352844872914943,0.9092980623149075,1.4192367684854895e-41,6.812079092744004,1.0392156862745099,1.0,,,P2,volume
25.0,51,207,50,0.9615384615384616,0.1415241001326649,0.9551978821216972,7.954687111548694e-46,6.794167640967963,1.0769230769230769,1.0,,,P2,volume
26.0,53,207,52,0.9629629629629629,0.14783283723031132,0.9565378265495933,9.301360071819676e-47,6.513863773464257,1.0925925925925926,1.0,,,P2,volume
27.0,55,207,55,1.0,0.1542118500188111,1.0,1.4362861021528286e-51,6.484585976226975,1.0909090909090908,1.0,,,P2,volume
28.0,57,207,57,1.0,0.16066231647509882,1.0,1.997483983126451e-52,6.224234916686209,1.0526315789473684,1.0,,,P2,volume
29.0,60,207,59,0.9672131147540983,0.17047463565771853,0.960475126312867,1.0936872277937988e-49,5.673648229382833,1.0819672131147542,1.0,,,P2,volume
30.0,62,207,62,1.0,0.1771090699615144,1.0,2.1848752863956462e-54,5.646238220421455,1.064516129032258,1.0,,,P2,volume
31.0,64,207,62,0.9393939393939394,0.18381929942755854,0.925744310587651,8.639642219227458e-48,5.1104206267750785,1.196969696969697,1.0,,,P2,volume
32.0,66,207,64,0.9411764705882353,0.19060662994319472,0.9273239297628095,1.8879257855875262e-48,4.937795032988769,1.2352941176470589,1.0,,,P2,volume
33.0,68,207,66,0.9428571428571428,0.19747239794244414,0.9287963965396931,4.496676379797355e-49,4.77462750582464,1.4,1.0,,,P2,volume
34.0,70,207,68,0.9444444444444444,0.2044179712589868,0.9301699214555277,1.1659263539963583e-49,4.620163475000361,1.5277777777777777,1.0,,,P2,volume
35.0,72,207,70,0.9459459459459459,0.2114447500158511,0.9314517859653582,3.2871745462893238e-50,4.473726332174397,1.4864864864864864,1.0,,,P2,volume
36.0,74,207,71,0.922077922077922,0.21855416755207283,0.9002847354397141,1.055559226713174e-47,4.218990341871323,1.6233766233766234,1.0,,,P2,volume
37.0,76,207,75,0.974025974025974,0.2257476913868653,0.9664527626394147,1.3720330601971477e-54,4.314666378389577,1.6233766233766234,1.0,,,P2,volume
38.0,78,207,76,0.95,0.2330268242220785,0.9348086718296421,1.2053356534425508e-51,4.076783877441654,1.6875,1.0,,,P2,volume
39.0,80,207,79,0.9753086419753086,0.24039310498392288,0.9674945577947015,1.8899947536194724e-55,4.057140665663168,1.691358024691358,1.0,,,P2,volume
40.0,82,207,80,0.9523809523809523,0.24784810990510914,0.9366895859119092,1.9878896372988487e-52,3.8425992142751455,1.6904761904761905,1.0,,,P2,volume
41.0,84,207,84,1.0,0.25539345364871047,1.0,3.472757298523706e-60,3.91552714336791,1.6904761904761905,1.0,,,P2,volume
42.0,86,207,85,0.9770114942528736,0.2630307904751997,0.9688066944317125,1.7605664524452325e-56,3.714437737451854,1.6666666666666667,1.0,,,P2,volume
43.0,89,207,89,1.0,0.27466300217769113,1.0,6.671219360949239e-61,3.640825273412899,1.6629213483146068,1.0,,,P2,volume
44.0,91,207,91,1.0,0.2825378300197272,1.0,3.957503010732599e-61,3.53934904904656,1.6483516483516483,1.0,,,P2,volume
45.0,93,207,93,1.0,0.2905107706055924,1.0,2.5382605517112516e-61,3.4422131679160186,1.6129032258064515,1.0,,,P2,volume
46.0,95,207,95,1.0,0.29858367206809533,1.0,1.759561149416355e-61,3.3491449585091138,1.6,1.0,,,P2,volume
47.0,97,207,96,0.9795918367346939,0.30675842940529724,0.9705612529153455,1.406408394954384e-57,3.1933656676812343,1.5714285714285714,1.0,,,P2,volume
48.0,99,207,98,0.98,0.31503698597261987,0.9708013431522295,1.1403757780550778e-57,3.1107458604405664,1.57,1.0,,,P2,volume
49.0,101,207,101,1.0,0.3234213350331762,1.0,9.320994634284619e-62,3.09194197067247,1.5643564356435644,1.0,,,P2,volume
50.0,103,207,103,1.0,0.3319135213688942,1.0,8.798415959370544e-62,3.0128329688882527,1.5339805825242718,1.0,,,P2,volume
1.0,2,207,2,1.0,0.006456857870956645,1.0,4.690211528539936e-05,154.87409200968526,0.0,0.0,,,P2,band_gap
2.0,4,207,4,1.0,0.011122815779594241,1.0,1.3458282721778873e-08,89.90529195265337,0.0,0.0,,,P2,band_gap
3.0,6,207,5,0.7142857142857143,0.01600382210473546,0.7096388257061942,1.188422224444259e-08,44.63219533503564,2.857142857142857,0.0,,,P2,band_gap
4.0,8,207,6,0.6,0.020966898074285582,0.5914336305756998,7.587944156607093e-09,28.616536307574155,2.5,0.0,,,P2,band_gap
5.0,10,207,9,0.8181818181818182,0.025991658248233813,0.8133299541447668,6.174991096422902e-14,31.478630965664355,2.6363636363636362,0.0,,,P2,band_gap
6.0,12,207,10,0.7142857142857143,0.031072415432779176,0.7051231792085864,1.3395695264840856e-13,22.987775631121163,2.7857142857142856,1.5,,,P2,band_gap
7.0,14,207,11,0.6470588235294118,0.036207304103381195,0.633799697825842,2.2211769534820627e-13,17.870947300630057,2.7058823529411766,2.0,,,P2,band_gap
8.0,16,207,15,0.8823529411764706,0.04139582470386405,0.8772725366158712,1.0201981568173197e-20,21.315022649956006,2.7058823529411766,2.0,,,P2,band_gap
9.0,18,207,17,0.8947368421052632,0.04663807212234519,0.8895874118561977,9.576030115602735e-23,19.184687560800302,2.763157894736842,2.0,,,P2,band_gap
10.0,20,207,18,0.8181818181818182,0.051934439199011924,0.8082219317569453,9.955362261851275e-22,15.75412829715093,2.6363636363636362,2.0,,,P2,band_gap
11.0,22,207,20,0.8333333333333334,0.05728548595055176,0.823205579013792,1.5732433900809005e-23,14.547023901528183,2.5416666666666665,2.0,,,P2,band_gap
12.0,24,207,24,1.0,0.06269187579404333,1.0,6.482230178711916e-32,15.951030134833118,2.5416666666666665,2.0,,,P2,band_gap
13.0,26,207,26,1.0,0.06815434199363612,1.0,1.2650722440889768e-33,14.672579482806459,2.3461538461538463,1.5,,,P2,band_gap
14.0,28,207,28,1.0,0.07367366895097721,1.0,2.935526754239615e-35,13.57337043530986,2.25,1.0,,,P2,band_gap
15.0,31,207,30,0.9375,0.08206108652851644,0.9319126805904371,7.660809156116649e-34,11.42441612291127,2.03125,1.0,,,P2,band_gap
16.0,33,207,32,0.9411764705882353,0.08772624567645379,0.9355198709455557,2.7642206539591884e-35,10.728562054956972,2.3529411764705883,1.0,,,P2,band_gap
17.0,35,207,33,0.8918918918918919,0.09345129076599037,0.8807476013070998,1.6660796806022283e-33,9.543922663682213,2.4054054054054053,1.0,,,P2,band_gap
18.0,37,207,34,0.85,0.09923714989278395,0.8334744822323147,5.394416930372595e-32,8.565340710795725,2.725,1.5,,,P2,band_gap
19.0,39,207,36,0.8571428571428571,0.10508477630537333,0.8403679599198657,3.1578778708742616e-33,8.156679656927896,2.8333333333333335,1.5,,,P2,band_gap
20.0,41,207,38,0.8636363636363636,0.11099514776220629,0.8466109200412312,2.0765802788377225e-34,7.780847911357354,2.8181818181818183,1.5,,,P2,band_gap
21.0,43,207,41,0.9111111111111111,0.1169692662424416,0.899336585363637,2.0690189825413077e-38,7.789320565819878,2.9555555555555557,2.0,,,P2,band_gap
22.0,45,207,42,0.875,0.12300815790549867,0.8574673172540977,1.2540515187464293e-36,7.113349349335196,3.2916666666666665,2.0,,,P2,band_gap
23.0,47,207,45,0.9183673469387755,0.12911287323072992,0.9062649446156621,1.4471727567485132e-40,7.112903027861645,3.2448979591836733,2.0,,,P2,band_gap
24.0,49,207,47,0.9215686274509803,0.1352844872914943,0.9092980623149075,1.4192367684854895e-41,6.812079092744004,3.2058823529411766,2.0,,,P2,band_gap
25.0,51,207,48,0.8888888888888888,0.1415241001326649,0.8705716594626806,1.2936072941058165e-39,6.28083053031705,3.185185185185185,2.0,,,P2,band_gap
26.0,53,207,52,0.9629629629629629,0.14783283723031132,0.9565378265495933,9.301360071819676e-47,6.513863773464257,3.185185185185185,2.0,,,P2,band_gap
27.0,55,207,53,0.9298245614035088,0.1542118500188111,0.9170295320429211,2.4488995460934296e-44,6.02952731122859,3.4035087719298245,2.0,,,P2,band_gap
28.0,57,207,55,0.9322033898305084,0.16066231647509882,0.9192260618101031,3.56428065697949e-45,5.802252888436296,3.389830508474576,2.0,,,P2,band_gap
29.0,60,207,59,0.9672131147540983,0.17047463565771853,0.960475126312867,1.0936872277937988e-49,5.673648229382833,3.2950819672131146,2.0,,,P2,band_gap
30.0,62,207,61,0.9682539682539683,0.1771090699615144,0.9614213371575903,1.964421369998325e-50,5.466992562630297,3.3333333333333335,2.0,,,P2,band_gap
31.0,64,207,63,0.9692307692307692,0.18381929942755854,0.9623009576829612,3.8617143303353215e-51,5.272736716161482,3.2615384615384615,2.0,,,P2,band_gap
32.0,66,207,65,0.9701492537313433,0.19060662994319472,0.9631196061482915,8.295819720255846e-52,5.089798051728162,3.1641791044776117,2.0,,,P2,band_gap
33.0,68,207,66,0.9428571428571428,0.19747239794244414,0.9287963965396931,4.496676379797355e-49,4.77462750582464,3.1142857142857143,1.75,,,P2,band_gap
34.0,70,207,69,0.971830985915493,0.2044179712589868,0.9645931996112536,4.968248314847496e-53,4.754136732353313,3.112676056338028,2.0,,,P2,band_gap
35.0,72,207,71,0.9726027397260274,0.2114447500158511,0.9652563846673734,1.3815980629675654e-53,4.599796115311993,3.219178082191781,2.0,,,P2,band_gap
36.0,74,207,72,0.9473684210526315,0.21855416755207283,0.9326484616566489,1.0066701873284838e-50,4.334707645540143,3.1710526315789473,2.0,,,P2,band_gap
37.0,76,207,75,0.974025974025974,0.2257476913868653,0.9664527626394147,1.3720330601971477e-54,4.314666378389577,3.142857142857143,2.0,,,P2,band_gap
38.0,78,207,76,0.95,0.2330268242220785,0.9348086718296421,1.2053356534425508e-51,4.076783877441654,3.1625,2.0,,,P2,band_gap
39.0,80,207,77,0.927710843373494,0.24039310498392288,0.904833464386897,5.0993928397949784e-49,3.8591408161874603,3.1566265060240966,2.0,,,P2,band_gap
40.0,82,207,80,0.9523809523809523,0.24784810990510914,0.9366895859119092,1.9878896372988487e-52,3.8425992142751455,3.1785714285714284,2.0,,,P2,band_gap
41.0,84,207,83,0.9764705882352941,0.25539345364871047,0.9684002082979201,3.588400116564545e-56,3.8233970929357235,3.152941176470588,2.0,,,P2,band_gap
42.0,86,207,84,0.9545454545454546,0.2630307904751997,0.9383223276263406,4.4907736331931005e-53,3.6290255327938703,3.1818181818181817,2.0,,,P2,band_gap
43.0,89,207,87,0.9560439560439561,0.27466300217769113,0.9393991426219621,1.8040745692259332e-53,3.480788997658486,3.1538461538461537,2.0,,,P2,band_gap
44.0,91,207,89,0.956989247311828,0.2825378300197272,0.9400515393175997,1.0813563146838074e-53,3.387118982420901,3.139784946236559,2.0,,,P2,band_gap
45.0,93,207,92,0.9787234042553191,0.2905107706055924,0.9700113900772789,2.691317662979442e-57,3.3689745898752523,3.127659574468085,2.0,,,P2,band_gap
46.0,95,207,94,0.9791666666666666,0.29858367206809533,0.9702981916677652,1.8723490190939434e-57,3.2793711052068404,3.1145833333333335,2.0,,,P2,band_gap
47.0,97,207,95,0.9595959595959596,0.30675842940529724,0.9417172279940172,3.680225988004281e-54,3.128181225390603,3.1616161616161618,2.0,,,P2,band_gap
48.0,99,207,97,0.9603960396039604,0.31503698597261987,0.9421808775291676,2.9903559029843084e-54,3.0485183720219733,3.267326732673267,2.0,,,P2,band_gap
49.0,101,207,98,0.9423076923076923,0.3234213350331762,0.9147293423815889,2.999331274119627e-51,2.9135607031336734,3.269230769230769,2.0,,,P2,band_gap
50.0,103,207,100,0.9433962264150944,0.3319135213688942,0.9152747804432662,2.836030394606423e-51,2.842295253668163,3.330188679245283,2.0,,,P2,band_gap
1.0,2,207,1,0.3333333333333333,0.006456857870956645,0.32900078678206135,0.01927676938229914,51.62469733656175,0.6666666666666666,1.0,,,P2,energy_above_hull
2.0,4,207,3,0.6,0.011122815779594241,0.5955008302518929,1.0941583852806224e-05,53.94317517159202,1.6,1.0,,,P2,energy_above_hull
3.0,6,207,3,0.3333333333333333,0.01600382210473546,0.32249059331445296,0.0002655361289422159,20.82835782301663,2.3333333333333335,3.0,,,P2,energy_above_hull
4.0,8,207,7,0.7777777777777778,0.020966898074285582,0.7730186836531666,2.1849486988879845e-11,37.09551002833687,2.3333333333333335,3.0,,,P2,energy_above_hull
5.0,10,207,9,0.8181818181818182,0.025991658248233813,0.8133299541447668,6.174991096422902e-14,31.478630965664355,15.409090909090908,3.0,,,P2,energy_above_hull
6.0,12,207,10,0.7142857142857143,0.031072415432779176,0.7051231792085864,1.3395695264840856e-13,22.987775631121163,22.428571428571427,3.0,,,P2,energy_above_hull
7.0,14,207,12,0.75,0.036207304103381195,0.7406081192933047,8.701658015100222e-16,20.71405255300302,20.125,3.0,,,P2,energy_above_hull
8.0,16,207,12,0.6,0.04139582470386405,0.5827266244939624,3.284727832503805e-13,14.494215401970084,24.375,3.0,,,P2,energy_above_hull
9.0,18,207,14,0.6363636363636364,0.04663807212234519,0.6185746955032284,4.4596303742533126e-15,13.644724307948877,23.15909090909091,3.0,,,P2,energy_above_hull
10.0,20,207,16,0.6666666666666666,0.051934439199011924,0.648406874887733,7.22996029407183e-17,12.836697131011867,22.270833333333332,3.0,,,P2,energy_above_hull
11.0,22,207,16,0.5714285714285714,0.05728548595055176,0.5453857746068936,1.54824073858722e-14,9.975102103905039,24.928571428571427,4.0,,,P2,energy_above_hull
12.0,24,207,18,0.6,0.06269187579404333,0.5732459906513013,4.234491140760644e-16,9.570618080899871,27.816666666666666,5.0,,,P2,energy_above_hull
13.0,26,207,19,0.5757575757575758,0.06815434199363612,0.5447288715707823,9.475965872076729e-16,8.447848793130992,30.303030303030305,5.0,,,P2,energy_above_hull
14.0,28,207,19,0.5135135135135135,0.07367366895097721,0.47482170140239616,8.799731476428565e-14,6.970109142456414,34.45945945945946,5.0,,,P2,energy_above_hull
15.0,31,207,22,0.55,0.08206108652851644,0.5097713002511473,1.0483771300532158e-15,6.702324125441279,39.55,6.5,,,P2,energy_above_hull
16.0,33,207,23,0.5348837209302325,0.08772624567645379,0.4901571191043936,2.4615864569779643e-15,6.09719151669793,40.68604651162791,8.0,,,P2,energy_above_hull
17.0,35,207,25,0.5555555555555556,0.09345129076599037,0.5097401387069662,1.7110790734431437e-16,5.944867652461985,41.75555555555555,9.0,,,P2,energy_above_hull
18.0,37,207,25,0.5102040816326531,0.09923714989278395,0.45624320728919104,1.3518051615814658e-14,5.141260930849775,39.06122448979592,9.0,,,P2,energy_above_hull
19.0,39,207,26,0.5,0.10508477630537333,0.4412878597195305,3.1850763573552605e-14,4.758063133207939,37.96153846153846,9.0,,,P2,energy_above_hull
20.0,41,207,29,0.5471698113207547,0.11099514776220629,0.49063248919352254,1.2882035236488161e-16,4.929673254663348,39.5,9.0,,,P2,energy_above_hull
21.0,43,207,31,0.5636363636363636,0.1169692662424416,0.5058341463305821,1.4166981228181518e-17,4.818670593932917,38.71818181818182,10.0,,,P2,energy_above_hull
22.0,45,207,32,0.5517241379310345,0.12300815790549867,0.48884831015262625,4.9718836740247e-17,4.485264614359139,40.41379310344828,10.0,,,P2,energy_above_hull
23.0,47,207,34,0.5666666666666667,0.12911287323072992,0.5024230810014726,6.703995072328517e-18,4.388924609043518,39.71666666666667,10.0,,,P2,energy_above_hull
24.0,49,207,34,0.53125,0.1352844872914943,0.45791420055393994,5.895267122668287e-16,3.9269099557241036,39.8359375,11.5,,,P2,energy_above_hull
25.0,51,207,35,0.5223880597014925,0.1415241001326649,0.4436513123171944,2.0026868854725584e-15,3.691159733301997,38.76865671641791,13.0,,,P2,energy_above_hull
26.0,53,207,37,0.5362318840579711,0.14783283723031132,0.4557780020123007,3.793275782796761e-16,3.6272853454240765,37.789855072463766,10.0,,,P2,energy_above_hull
27.0,55,207,40,0.5714285714285714,0.1542118500188111,0.4932874992621256,3.559692293742289e-18,3.7054777007011284,37.26428571428571,10.0,,,P2,energy_above_hull
28.0,57,207,41,0.5616438356164384,0.16066231647509882,0.47773563252559886,1.6591333092191514e-17,3.495803172385405,37.465753424657535,10.0,,,P2,energy_above_hull
29.0,60,207,44,0.5789473684210527,0.17047463565771853,0.49241741159681857,1.888455589944887e-18,3.3960909562139885,37.00657894736842,11.5,,,P2,energy_above_hull
30.0,62,207,44,0.55,0.1771090699615144,0.45314745420884145,1.7853195310913722e-16,3.1054310212318,37.9,13.5,,,P2,energy_above_hull
31.0,64,207,46,0.5609756097560976,0.18381929942755854,0.46209903035444777,5.1381266499027675e-17,3.0517775418743387,38.25,14.0,,,P2,energy_above_hull
32.0,66,207,47,0.5529411764705883,0.19060662994319472,0.44766186619735227,2.5943478439431376e-16,2.900954581880902,38.27647058823529,14.0,,,P2,energy_above_hull
33.0,68,207,49,0.5632183908045977,0.19747239794244414,0.45574257125167755,8.660435341537119e-17,2.852137294492949,37.48850574712644,14.0,,,P2,energy_above_hull
34.0,70,207,53,0.6091954022988506,0.2044179712589868,0.5087815164457813,8.992871654605992e-20,2.980146014300436,37.48850574712644,14.0,,,P2,energy_above_hull
35.0,72,207,54,0.6,0.2114447500158511,0.4927432161436493,6.558403910920761e-19,2.837620702122046,37.522222222222226,14.0,,,P2,energy_above_hull
36.0,74,207,56,0.6086956521739131,0.21855416755207283,0.4992559540559556,2.5745943040926775e-19,2.785102013801155,37.08695652173913,14.0,,,P2,energy_above_hull
37.0,76,207,57,0.6,0.2257476913868653,0.48337254464698626,1.9663382364416376e-18,2.6578344890879797,37.01578947368421,14.0,,,P2,energy_above_hull
38.0,78,207,59,0.6082474226804123,0.2330268242220785,0.48922258340750585,8.87696131316023e-19,2.610203459240994,36.53092783505155,14.0,,,P2,energy_above_hull
39.0,80,207,60,0.6,0.24039310498392288,0.4734118362741639,7.064687093626286e-18,2.4959118525472146,37.75,14.5,,,P2,energy_above_hull
40.0,82,207,61,0.5922330097087378,0.24784810990510914,0.4578661628573204,5.4283436625184183e-17,2.3894998026633307,37.577669902912625,14.0,,,P2,energy_above_hull
41.0,84,207,64,0.6153846153846154,0.25539345364871047,0.4834649433313856,1.996927188095713e-18,2.409555165149483,37.23557692307692,14.0,,,P2,energy_above_hull
42.0,86,207,67,0.638095238095238,0.2630307904751997,0.5089282466249586,6.738600448949474e-20,2.4259336214685554,37.01428571428571,14.0,,,P2,energy_above_hull
43.0,89,207,69,0.6330275229357798,0.27466300217769113,0.49406623656867404,5.731512125040804e-19,2.3047426042705506,36.57798165137615,14.0,,,P2,energy_above_hull
44.0,91,207,71,0.6396396396396397,0.2825378300197272,0.4977291132015103,3.8560298284040973e-19,2.263907950291043,36.04504504504504,14.0,,,P2,energy_above_hull
45.0,93,207,74,0.6607142857142857,0.2905107706055924,0.5217887739108945,1.5544619805576e-20,2.274319414515941,35.848214285714285,14.0,,,P2,energy_above_hull
46.0,95,207,76,0.6666666666666666,0.29858367206809533,0.5247710666842443,1.169969187215858e-20,2.2327633056727425,35.421052631578945,14.0,,,P2,energy_above_hull
47.0,97,207,78,0.6724137931034483,0.30675842940529724,0.5274573528308042,9.349126884341747e-21,2.1919977697337787,35.00431034482759,13.75,,,P2,energy_above_hull
48.0,99,207,80,0.6779661016949152,0.31503698597261987,0.5298521355020024,7.931485389357525e-21,2.152020657516822,35.03389830508475,13.75,,,P2,energy_above_hull
49.0,101,207,82,0.6833333333333333,0.3234213350331762,0.5319588348500548,7.143536420719785e-21,2.1128270132928546,35.045833333333334,13.75,,,P2,energy_above_hull
50.0,103,207,85,0.7024793388429752,0.3319135213688942,0.5546674410075804,3.351891855087441e-22,2.116452912028938,34.80578512396694,13.5,,,P2,energy_above_hull
1.0,2,207,2,1.0,0.006456857870956645,1.0,4.690211528539936e-05,154.87409200968526,1.0,1.0,,,P2,dielectric_total_trace
2.0,4,207,3,0.6,0.011122815779594241,0.5955008302518929,1.0941583852806224e-05,53.94317517159202,25.8,1.0,,,P2,dielectric_total_trace
3.0,6,207,3,0.3333333333333333,0.01600382210473546,0.32249059331445296,0.0002655361289422159,20.82835782301663,31.666666666666668,9.0,,,P2,dielectric_total_trace
4.0,8,207,3,0.23076923076923078,0.020966898074285582,0.21429544341480727,0.001960787502907061,11.006360118297753,32.30769230769231,17.0,,,P2,dielectric_total_trace
5.0,10,207,3,0.17647058823529413,0.025991658248233813,0.15449449818512034,0.00822526705163035,6.789508639653096,32.64705882352941,18.0,,,P2,dielectric_total_trace
6.0,12,207,4,0.2,0.031072415432779176,0.17434490178404166,0.0025457795010301646,6.436577176713926,38.65,25.5,,,P2,dielectric_total_trace
7.0,14,207,5,0.21739130434782608,0.036207304103381195,0.1879906343094756,0.0009410560976849734,6.004073203768991,39.0,22.0,,,P2,dielectric_total_trace
8.0,16,207,6,0.23076923076923078,0.04139582470386405,0.19755120094992776,0.0004055599421322065,5.5746982315269555,41.38461538461539,31.5,,,P2,dielectric_total_trace
9.0,18,207,6,0.2,0.04663807212234519,0.1608643301071026,0.0017860503525234407,4.288341925355362,43.166666666666664,37.5,,,P2,dielectric_total_trace
10.0,20,207,6,0.17647058823529413,0.051934439199011924,0.1313581614873405,0.006142309723957348,3.397949240561965,45.029411764705884,41.0,,,P2,dielectric_total_trace
11.0,22,207,7,0.1891891891891892,0.05728548595055176,0.13991903304006909,0.003516605280611343,3.302567588455047,46.16216216216216,41.0,,,P2,dielectric_total_trace
12.0,24,207,9,0.23076923076923078,0.06269187579404333,0.1793192127909642,0.0003568255863331029,3.681006954192258,47.794871794871796,42.0,,,P2,dielectric_total_trace
13.0,26,207,10,0.23809523809523808,0.06815434199363612,0.1823702183312007,0.0002492152407360094,3.4934713054301088,46.30952380952381,41.5,,,P2,dielectric_total_trace
14.0,28,207,12,0.2727272727272727,0.07367366895097721,0.2148849677530771,2.6921543413471934e-05,3.701828300539052,44.70454545454545,41.0,,,P2,dielectric_total_trace
15.0,31,207,13,0.2653061224489796,0.08206108652851644,0.19962661265493434,5.6261291730089524e-05,3.233032045667407,45.44897959183673,41.0,,,P2,dielectric_total_trace
16.0,33,207,14,0.2692307692307692,0.08772624567645379,0.19895839674671076,5.114052455330245e-05,3.0689877032208646,46.11538461538461,41.5,,,P2,dielectric_total_trace
17.0,35,207,16,0.2962962962962963,0.09345129076599037,0.22375521961936304,7.807625301856518e-06,3.1705960813130583,45.7037037037037,41.5,,,P2,dielectric_total_trace
18.0,37,207,18,0.32142857142857145,0.09923714989278395,0.24667027676523348,1.2000589686829436e-06,3.2389943864353583,45.910714285714285,41.5,,,P2,dielectric_total_trace
19.0,39,207,20,0.3448275862068966,0.10508477630537333,0.26789443687386755,1.8820432612571316e-07,3.281422850488234,44.758620689655174,41.0,,,P2,dielectric_total_trace
20.0,41,207,23,0.3898305084745763,0.11099514776220629,0.3136488625573737,3.172358634509338e-09,3.5121400920132215,44.220338983050844,41.0,,,P2,dielectric_total_trace
21.0,43,207,25,0.4098360655737705,0.1169692662424416,0.33166093561103316,4.970228426231669e-10,3.5037927375239355,44.49180327868852,41.0,,,P2,dielectric_total_trace
22.0,45,207,25,0.38461538461538464,0.12300815790549867,0.2983006387894041,8.436460669913558e-09,3.1267469667407455,44.738461538461536,41.0,,,P2,dielectric_total_trace
23.0,47,207,25,0.36231884057971014,0.12911287323072992,0.26777978475133096,1.089254148719274e-07,2.806217780718362,42.94202898550725,29.0,,,P2,dielectric_total_trace
24.0,49,207,27,0.38028169014084506,0.1352844872914943,0.28332694307976286,2.4862116348939688e-08,2.8109777976351498,42.605633802816904,29.0,,,P2,dielectric_total_trace
25.0,51,207,29,0.3972602739726027,0.1415241001326649,0.2978955773591992,5.897363337323025e-09,2.8070150144053936,41.80821917808219,28.0,,,P2,dielectric_total_trace
26.0,53,207,31,0.41333333333333333,0.14783283723031132,0.31155917254556026,1.4589581935032113e-09,2.795950758148504,42.346666666666664,28.0,,,P2,dielectric_total_trace
27.0,55,207,34,0.4473684210526316,0.1542118500188111,0.3466075648380041,4.043960086839598e-11,2.900998989364699,43.11842105263158,28.5,,,P2,dielectric_total_trace
28.0,57,207,37,0.4805194805194805,0.16066231647509882,0.3810828112722194,9.53698194466298e-13,2.990866128797269,43.66233766233766,29.0,,,P2,dielectric_total_trace
29.0,60,207,39,0.48148148148148145,0.17047463565771853,0.37492144205904504,1.5433373255357305e-12,2.824358472002879,45.44444444444444,41.0,,,P2,dielectric_total_trace
30.0,62,207,40,0.47619047619047616,0.1771090699615144,0.36345206310023864,4.878497685136752e-12,2.688684866867359,46.154761904761905,41.5,,,P2,dielectric_total_trace
31.0,64,207,41,0.47126436781609193,0.18381929942755854,0.35218312340261065,1.537696703552286e-11,2.5637371553676975,46.367816091954026,42.0,,,P2,dielectric_total_trace
32.0,66,207,43,0.48314606741573035,0.19060662994319472,0.36143048398333744,5.40891374171886e-12,2.534781017636791,47.58426966292135,47.0,,,P2,dielectric_total_trace
33.0,68,207,45,0.4945054945054945,0.19747239794244414,0.3701219693895933,2.0030974310640093e-12,2.5041752652926434,48.13186813186813,47.0,,,P2,dielectric_total_trace
34.0,70,207,45,0.47368421052631576,0.2044179712589868,0.3384518874734205,6.209859153360553e-11,2.3172336933438342,48.28421052631579,47.0,,,P2,dielectric_total_trace
35.0,72,207,47,0.4845360824742268,0.2114447500158511,0.34631857750470274,2.6793688611650363e-11,2.2915493642566354,48.01030927835052,42.0,,,P2,dielectric_total_trace
36.0,74,207,48,0.48,0.21855416755207283,0.33456680116769194,9.646018868811292e-11,2.1962518737403394,47.57,41.5,,,P2,dielectric_total_trace
37.0,76,207,49,0.47572815533980584,0.2257476913868653,0.32286692744993356,3.432520480404859e-10,2.1073444978205664,47.84466019417476,42.0,,,P2,dielectric_total_trace
38.0,78,207,51,0.4857142857142857,0.2330268242220785,0.32946062453346264,1.7879423451877148e-10,2.0843707042558837,48.7047619047619,47.0,,,P2,dielectric_total_trace
39.0,80,207,52,0.48148148148148145,0.24039310498392288,0.317385713688731,6.707945611674004e-10,2.002892227352703,48.56481481481482,46.0,,,P2,dielectric_total_trace
40.0,82,207,52,0.4642857142857143,0.24784810990510914,0.2877578415089797,1.426200654127273e-08,1.8732671169591337,49.169642857142854,47.0,,,P2,dielectric_total_trace
41.0,84,207,53,0.4608695652173913,0.25539345364871047,0.2759525988262553,4.7858332394886863e-08,1.8045472921608627,48.278260869565216,45.0,,,P2,dielectric_total_trace
42.0,86,207,57,0.4956521739130435,0.2630307904751997,0.3156460004453085,9.943083650234891e-10,1.884388413301662,48.278260869565216,45.0,,,P2,dielectric_total_trace
43.0,89,207,58,0.48333333333333334,0.27466300217769113,0.2876874222356457,1.8816433222811385e-08,1.7597322154829012,48.56666666666667,47.0,,,P2,dielectric_total_trace
44.0,91,207,58,0.46774193548387094,0.2825378300197272,0.2581377990552952,3.3063917743434577e-07,1.6555019745540358,47.846774193548384,46.5,,,P2,dielectric_total_trace
45.0,93,207,58,0.453125,0.2905107706055924,0.22919901058006023,4.4503580944625855e-06,1.559752841711946,47.3046875,45.5,,,P2,dielectric_total_trace
46.0,95,207,61,0.4728682170542636,0.29858367206809533,0.2484751752215957,9.307020093524675e-07,1.5837042051864803,47.17054263565891,45.0,,,P2,dielectric_total_trace
47.0,97,207,63,0.48091603053435117,0.30675842940529724,0.2512220970529096,8.015041710307071e-07,1.5677353397156444,47.05343511450382,45.0,,,P2,dielectric_total_trace
48.0,99,207,66,0.5,0.31503698597261987,0.2700335788057406,1.6373444283946375e-07,1.5871152349186564,46.833333333333336,44.5,,,P2,dielectric_total_trace
49.0,101,207,69,0.518796992481203,0.3234213350331762,0.28877005374919285,3.1770970327379555e-08,1.6040901953112814,46.48872180451128,44.0,,,P2,dielectric_total_trace
50.0,103,207,72,0.5373134328358209,0.3319135213688942,0.3074450958621203,5.874643558964339e-09,1.618835625074285,46.343283582089555,43.0,,,P2,dielectric_total_trace
