q_percentile,k,n,observed_overlap,observed_jaccard,expected_jaccard,chance_adjusted_jaccard,cluster_boot_ci95_low,cluster_boot_ci95_high,panel,metric
1.0,5,573,0,0.0,0.0048647682070274215,-0.004888549869008643,-0.005671034161379616,-0.004106065576637669,P0,F1_Frobenius
2.0,11,573,0,0.0,0.010144239897062002,-0.010248200097362744,-0.011323016358209592,-0.009173383836515895,P0,F1_Frobenius
3.0,17,573,0,0.0,0.015500234329753358,-0.015744274270294834,-0.04520318994095108,0.01371464140036141,P0,F1_Frobenius
4.0,22,573,0,0.0,0.02001050598232266,-0.020419102556176693,-0.09144602808881998,0.050607822976466585,P0,F1_Frobenius
5.0,28,573,1,0.01818181818181818,0.025477572909264095,-0.007486492382967622,-0.09749500761924229,0.08252202285330704,P0,F1_Frobenius
6.0,34,573,1,0.014925373134328358,0.031004428935034415,-0.01659352868149286,-0.1253383892009568,0.09215133183797107,P0,F1_Frobenius
7.0,40,573,4,0.05263157894736842,0.03659167305736104,0.016649125237384824,-0.11060901199848239,0.14390726247325203,P0,F1_Frobenius
8.0,45,573,6,0.07142857142857142,0.041294420937402626,0.031432121757999316,-0.10953490979992878,0.1723991533159274,P0,F1_Frobenius
9.0,51,573,8,0.0851063829787234,0.046994555952628414,0.039991195500663414,-0.10131587548893939,0.1812982664902662,P0,F1_Frobenius
10.0,57,573,8,0.07547169811320754,0.05275760760908707,0.023979174376674968,-0.1173561803933729,0.16531452914672282,P0,F1_Frobenius
11.0,63,573,11,0.09565217391304348,0.05858458404020633,0.039374317909427824,-0.10502329016900436,0.18377192598786002,P0,F1_Frobenius
12.0,68,573,14,0.11475409836065574,0.06348998130614933,0.05473952870894474,-0.09454206809923885,0.20402112551712834,P0,F1_Frobenius
13.0,74,573,18,0.13846153846153847,0.06943688706444504,0.07417514238163624,-0.08286058332910155,0.231210868092374,P0,F1_Frobenius
14.0,80,573,21,0.1510791366906475,0.07545075520425892,0.08180027393034862,-0.07832245637814107,0.24192300423883834,P0,F1_Frobenius
15.0,85,573,22,0.14864864864864866,0.08051427689820931,0.07410052167052147,-0.08207879393334977,0.23027983727439272,P0,F1_Frobenius
16.0,91,573,26,0.16666666666666666,0.08665385984471832,0.08760403455402464,-0.06284344781915908,0.23805151692720838,P0,F1_Frobenius
17.0,97,573,29,0.17575757575757575,0.09286367473140028,0.09137976147259994,-0.056596981612986375,0.23935650455818624,P0,F1_Frobenius
18.0,103,573,31,0.17714285714285713,0.09914492971776269,0.08658210404550172,-0.05995197325448233,0.23311618134548578,P0,F1_Frobenius
19.0,108,573,36,0.2,0.10443477276239174,0.10670939908238894,-0.03979047362225005,0.2532092717870279,P0,F1_Frobenius
20.0,114,573,38,0.2,0.11085023542627534,0.10026405913346305,-0.04706426756802577,0.24759238583495186,P0,F1_Frobenius
21.0,120,573,38,0.18811881188118812,0.11734072027853504,0.08018733075008067,-0.06692082178555397,0.2272954832857153,P0,F1_Frobenius
22.0,126,573,40,0.18867924528301888,0.12390754979930439,0.07393248905281237,-0.07182322403840015,0.2196882021440249,P0,F1_Frobenius
23.0,131,573,43,0.1963470319634703,0.12943920253995603,0.0768560100784749,-0.0681200993661045,0.2218321195230543,P0,F1_Frobenius
24.0,137,573,49,0.21777777777777776,0.13614953768030674,0.0944934842985152,-0.05101728821752649,0.2400042568145569,P0,F1_Frobenius
25.0,143,573,52,0.2222222222222222,0.1429401392933665,0.09250472057282998,-0.05262953235587063,0.23763897350153057,P0,F1_Frobenius
26.0,148,573,56,0.23333333333333334,0.14866133274015444,0.09945748249131894,-0.046206610966026934,0.24512157594866482,P0,F1_Frobenius
27.0,154,573,62,0.25203252032520324,0.15560287751019589,0.11419939770835932,-0.029485679545841192,0.25788447496255984,P0,F1_Frobenius
28.0,160,573,66,0.25984251968503935,0.16262888566726297,0.11609384698592273,-0.0271394346094275,0.25932712858127294,P0,F1_Frobenius
29.0,166,573,70,0.26717557251908397,0.16974090852766702,0.11735452823362887,-0.023865511220464555,0.2585745676877223,P0,F1_Frobenius
30.0,171,573,74,0.27611940298507465,0.17573444559908336,0.12178715566848107,-0.020115407622141104,0.26368971895910326,P0,F1_Frobenius
31.0,177,573,79,0.2872727272727273,0.1830083192418814,0.1276199139923859,-0.01572125805425495,0.27096108603902674,P0,F1_Frobenius
32.0,183,573,83,0.29328621908127206,0.1903728151227539,0.12711209045447464,-0.016920360382101485,0.27114454129105076,P0,F1_Frobenius
33.0,189,573,90,0.3125,0.19782963807008228,0.14295013549744684,-0.003482433681717828,0.28938270467661154,P0,F1_Frobenius
34.0,194,573,94,0.3197278911564626,0.20411544453627195,0.14526283469947246,-0.004579435130024734,0.29510510452896965,P0,F1_Frobenius
35.0,200,573,101,0.3377926421404682,0.2117461055962624,0.1599060118054371,0.008261563131479771,0.3115504604793944,P0,F1_Frobenius
36.0,206,573,106,0.3464052287581699,0.21947416273996465,0.16262250390555322,0.007069892270239936,0.3181751155408665,P0,F1_Frobenius
37.0,212,573,113,0.3633440514469453,0.22730149363603225,0.17606162907066927,0.02029028171265934,0.3318329764286792,P0,F1_Frobenius
38.0,217,573,116,0.36477987421383645,0.23390149173608848,0.17083753729574155,0.014208393553178739,0.32746668103830434,P0,F1_Frobenius
39.0,223,573,122,0.3765432098765432,0.24191586374086366,0.17758892410018695,0.02341073398888216,0.33176711421149174,P0,F1_Frobenius
40.0,229,573,127,0.38368580060422963,0.25003509898592313,0.17820927544420892,0.0252452572762408,0.33117329361217707,P0,F1_Frobenius
41.0,234,573,132,0.39285714285714285,0.256882726086866,0.18297840938921767,0.03241459512430714,0.3335422236541282,P0,F1_Frobenius
42.0,240,573,136,0.3953488372093023,0.26519963409964514,0.1771218539748339,0.027827707361004428,0.3264160005886634,P0,F1_Frobenius
43.0,246,573,144,0.41379310344827586,0.2736274229346693,0.19296664678600597,0.044459389125150434,0.34147390444686154,P0,F1_Frobenius
44.0,252,573,148,0.4157303370786517,0.28216832632827377,0.18606313380852232,0.03607932238867839,0.33604694522836626,P0,F1_Frobenius
45.0,257,573,153,0.42382271468144045,0.28937380606327734,0.1891977945160505,0.03888642976161394,0.3395091592704871,P0,F1_Frobenius
46.0,263,573,159,0.4332425068119891,0.2981280897313316,0.19250580498219014,0.04131531431088942,0.34369629565349086,P0,F1_Frobenius
47.0,269,573,165,0.44235924932975873,0.3070021521112328,0.1953210931763991,0.04236066103628258,0.34828152531651557,P0,F1_Frobenius
48.0,275,573,168,0.4397905759162304,0.3159984701785904,0.1809822059461792,0.030034087704353757,0.3319303241880046,P0,F1_Frobenius
49.0,280,573,171,0.43958868894601544,0.32359062621322854,0.17149091545463066,0.022458283152914343,0.32052354775634695,P0,F1_Frobenius
50.0,286,573,178,0.4517766497461929,0.33281774305900164,0.17830046505225228,0.03135867294486036,0.32524225715964417,P0,F1_Frobenius
1.0,5,573,0,0.0,0.0048647682070274215,-0.004888549869008643,-0.005547997324626574,-0.004229102413390712,P0,F3_Longitudinal
2.0,11,573,0,0.0,0.010144239897062002,-0.010248200097362744,-0.011154013613854648,-0.009342386580870839,P0,F3_Longitudinal
3.0,17,573,0,0.0,0.015500234329753358,-0.015744274270294834,-0.025019895106281338,-0.006468653434308332,P0,F3_Longitudinal
4.0,22,573,0,0.0,0.02001050598232266,-0.020419102556176693,-0.05428041283857636,0.013442207726222979,P0,F3_Longitudinal
5.0,28,573,1,0.01818181818181818,0.025477572909264095,-0.007486492382967622,-0.0746469906789501,0.05967400591301485,P0,F3_Longitudinal
6.0,34,573,2,0.030303030303030304,0.031004428935034415,-0.000723840905932362,-0.08407073430981388,0.08262305249794916,P0,F3_Longitudinal
7.0,40,573,3,0.03896103896103896,0.03659167305736104,0.0024593579247929767,-0.08999838265322412,0.09491709850281006,P0,F3_Longitudinal
8.0,45,573,5,0.058823529411764705,0.041294420937402626,0.01828414151037035,-0.07621913741465655,0.11278742043539725,P0,F3_Longitudinal
9.0,51,573,7,0.07368421052631578,0.046994555952628414,0.028005773461626405,-0.07235356159455554,0.12836510851780836,P0,F3_Longitudinal
10.0,57,573,7,0.06542056074766354,0.05275760760908707,0.013368228914052508,-0.09435656450916297,0.12109302233726799,P0,F3_Longitudinal
11.0,63,573,10,0.08620689655172414,0.05858458404020633,0.02934125790085587,-0.08676455644697692,0.14544707224868866,P0,F3_Longitudinal
12.0,68,573,11,0.088,0.06348998130614933,0.026171656687703947,-0.09590682886310209,0.14825014223851,P0,F3_Longitudinal
13.0,74,573,14,0.1044776119402985,0.06943688706444504,0.037655398531018465,-0.08367435994998387,0.1589851570120208,P0,F3_Longitudinal
14.0,80,573,18,0.1267605633802817,0.07545075520425892,0.05549710679538605,-0.06550134329954421,0.17649555689031632,P0,F3_Longitudinal
15.0,85,573,20,0.13333333333333333,0.08051427689820931,0.05744412893866841,-0.06245962990596702,0.17734788778330385,P0,F3_Longitudinal
16.0,91,573,24,0.1518987341772152,0.08665385984471832,0.07143499212839978,-0.04971227248144143,0.19258225673824098,P0,F3_Longitudinal
17.0,97,573,26,0.15476190476190477,0.09286367473140028,0.06823476064876649,-0.05673353264702344,0.19320305394455642,P0,F3_Longitudinal
18.0,103,573,31,0.17714285714285713,0.09914492971776269,0.08658210404550172,-0.04445604022427531,0.21762024831527876,P0,F3_Longitudinal
19.0,108,573,36,0.2,0.10443477276239174,0.10670939908238894,-0.027645522391033184,0.24106432055581106,P0,F3_Longitudinal
20.0,114,573,42,0.22580645161290322,0.11085023542627534,0.12928779916141583,-0.0049759458548427615,0.26355154417767446,P0,F3_Longitudinal
21.0,120,573,44,0.22448979591836735,0.11734072027853504,0.12139347322518905,-0.01102500198691063,0.2538119484372887,P0,F3_Longitudinal
22.0,126,573,48,0.23529411764705882,0.12390754979930439,0.12714019830012,-0.0027237337626412617,0.2570041303628813,P0,F3_Longitudinal
23.0,131,573,48,0.22429906542056074,0.12943920253995603,0.10896408746795021,-0.02025370985968626,0.23818188479558666,P0,F3_Longitudinal
24.0,137,573,55,0.2511415525114155,0.13614953768030674,0.1331156488847865,0.004264428095365452,0.26196686967420757,P0,F3_Longitudinal
25.0,143,573,57,0.24890829694323144,0.1429401392933665,0.1236414893616599,-0.005767992278152348,0.25305097100147217,P0,F3_Longitudinal
26.0,148,573,60,0.2542372881355932,0.14866133274015444,0.12401169999155563,-0.003835263357316529,0.2518586633404278,P0,F3_Longitudinal
27.0,154,573,66,0.2727272727272727,0.15560287751019589,0.13870771476781182,0.013396087708110238,0.2640193418275134,P0,F3_Longitudinal
28.0,160,573,67,0.2648221343873518,0.16262888566726297,0.12204057074684502,-0.000979873201583631,0.24506101469527367,P0,F3_Longitudinal
29.0,166,573,72,0.27692307692307694,0.16974090852766702,0.1290948446048803,0.008943807009394927,0.24924588220036567,P0,F3_Longitudinal
30.0,171,573,75,0.2808988764044944,0.17573444559908336,0.12758561878986374,0.006598771198277217,0.24857246638145025,P0,F3_Longitudinal
31.0,177,573,80,0.291970802919708,0.1830083192418814,0.13337037113611247,0.012119763003161657,0.2546209792690633,P0,F3_Longitudinal
32.0,183,573,85,0.302491103202847,0.1903728151227539,0.1384813778172385,0.017198173303717756,0.2597645823307592,P0,F3_Longitudinal
33.0,189,573,89,0.3079584775086505,0.19782963807008228,0.1372885918816703,0.01471390232306656,0.25986328144027404,P0,F3_Longitudinal
34.0,194,573,92,0.3108108108108108,0.20411544453627195,0.13405884753269523,0.00983440384464461,0.25828329122074584,P0,F3_Longitudinal
35.0,200,573,98,0.32450331125827814,0.2117461055962624,0.1430468107579845,0.01642502624931949,0.26966859526664955,P0,F3_Longitudinal
36.0,206,573,103,0.3333333333333333,0.21947416273996465,0.14587495398366426,0.01705060955822471,0.2746992984091038,P0,F3_Longitudinal
37.0,212,573,111,0.3546325878594249,0.22730149363603225,0.16478755060957154,0.03339706676122381,0.29617803445791924,P0,F3_Longitudinal
38.0,217,573,118,0.37341772151898733,0.23390149173608848,0.18211265036798271,0.049615240313658465,0.314610060422307,P0,F3_Longitudinal
39.0,223,573,123,0.38080495356037153,0.24191586374086366,0.18321065324605515,0.05004048125331639,0.3163808252387939,P0,F3_Longitudinal
40.0,229,573,128,0.3878787878787879,0.25003509898592313,0.18380018679071145,0.05174458661585521,0.3158557869655677,P0,F3_Longitudinal
41.0,234,573,132,0.39285714285714285,0.256882726086866,0.18297840938921767,0.05021928364697076,0.3157375351314646,P0,F3_Longitudinal
42.0,240,573,139,0.40762463343108507,0.26519963409964514,0.19382815515738866,0.06271524514355967,0.3249410651712177,P0,F3_Longitudinal
43.0,246,573,143,0.40974212034383956,0.2736274229346693,0.18738964232253494,0.05731207574757388,0.317467208897496,P0,F3_Longitudinal
44.0,252,573,150,0.423728813559322,0.28216832632827377,0.19720568543174327,0.06882427522913429,0.3255870956343523,P0,F3_Longitudinal
45.0,257,573,156,0.43575418994413406,0.28937380606327734,0.20598788101229362,0.07860836280703493,0.3333673992175523,P0,F3_Longitudinal
46.0,263,573,163,0.4490358126721763,0.2981280897313316,0.21500749742653041,0.08504256580507302,0.3449724290479878,P0,F3_Longitudinal
47.0,269,573,167,0.4501347708894879,0.3070021521112328,0.20654121685126683,0.07548118569075277,0.33760124801178093,P0,F3_Longitudinal
48.0,275,573,174,0.4627659574468085,0.3159984701785904,0.21457186989996727,0.08291355986549201,0.3462301799344425,P0,F3_Longitudinal
49.0,280,573,179,0.46981627296587924,0.32359062621322854,0.21617921397811127,0.08804376285919521,0.34431466509702735,P0,F3_Longitudinal
50.0,286,573,183,0.4704370179948586,0.33281774305900164,0.20626938666929684,0.0804062183148459,0.3321325550237478,P0,F3_Longitudinal
1.0,5,573,0,0.0,0.0048647682070274215,-0.004888549869008643,-0.005587424168842112,-0.0041896755691751735,P0,F4_KelvinOp
2.0,11,573,0,0.0,0.010144239897062002,-0.010248200097362744,-0.011208170117301295,-0.009288230077424192,P0,F4_KelvinOp
3.0,17,573,0,0.0,0.015500234329753358,-0.015744274270294834,-0.029107920346105497,-0.002380628194484171,P0,F4_KelvinOp
4.0,22,573,0,0.0,0.02001050598232266,-0.020419102556176693,-0.07417243008101929,0.03333422496866589,P0,F4_KelvinOp
5.0,28,573,0,0.0,0.025477572909264095,-0.026143649649318874,-0.10779595322029745,0.055508653921659705,P0,F4_KelvinOp
6.0,34,573,2,0.030303030303030304,0.031004428935034415,-0.000723840905932362,-0.08863162084003724,0.08718393902817252,P0,F4_KelvinOp
7.0,40,573,2,0.02564102564102564,0.03659167305736104,-0.011366569200296517,-0.11170027530206669,0.08896713690147365,P0,F4_KelvinOp
8.0,45,573,4,0.046511627906976744,0.041294420937402626,0.00544192824524438,-0.11721985434500576,0.12810371083549452,P0,F4_KelvinOp
9.0,51,573,7,0.07368421052631578,0.046994555952628414,0.028005773461626405,-0.1076774824266065,0.16368902934985932,P0,F4_KelvinOp
10.0,57,573,9,0.08571428571428572,0.05275760760908707,0.03479223308620452,-0.10990019772281143,0.17948466389522047,P0,F4_KelvinOp
11.0,63,573,12,0.10526315789473684,0.05858458404020633,0.04958339651464139,-0.09570588940717176,0.19487268243645453,P0,F4_KelvinOp
12.0,68,573,14,0.11475409836065574,0.06348998130614933,0.05473952870894474,-0.08419778537839942,0.1936768427962889,P0,F4_KelvinOp
13.0,74,573,16,0.12121212121212122,0.06943688706444504,0.055638605730186315,-0.07787487586912659,0.1891520873294992,P0,F4_KelvinOp
14.0,80,573,19,0.1347517730496454,0.07545075520425892,0.06414046431727682,-0.0674209195117918,0.19570184814634545,P0,F4_KelvinOp
15.0,85,573,22,0.14864864864864866,0.08051427689820931,0.07410052167052147,-0.05576191555929452,0.20396295890033747,P0,F4_KelvinOp
16.0,91,573,27,0.17419354838709677,0.08665385984471832,0.09584503037095604,-0.03188893172387125,0.22357899246578333,P0,F4_KelvinOp
17.0,97,573,28,0.1686746987951807,0.09286367473140028,0.08357180938745129,-0.04452319043928943,0.211666809214192,P0,F4_KelvinOp
18.0,103,573,30,0.17045454545454544,0.09914492971776269,0.07915770037731096,-0.04911617455184261,0.20743157530646453,P0,F4_KelvinOp
19.0,108,573,32,0.17391304347826086,0.10443477276239174,0.07758035774811899,-0.05431854131877274,0.20947925681501073,P0,F4_KelvinOp
20.0,114,573,35,0.18134715025906736,0.11085023542627534,0.07928575999408782,-0.05849172015629564,0.2170632401444713,P0,F4_KelvinOp
21.0,120,573,40,0.2,0.11734072027853504,0.09364800395861608,-0.048666722997133705,0.23596273091436587,P0,F4_KelvinOp
22.0,126,573,45,0.21739130434782608,0.12390754979930439,0.10670535344426994,-0.03723010990296276,0.25064081679150263,P0,F4_KelvinOp
23.0,131,573,49,0.2300469483568075,0.12943920253995603,0.11556659352268737,-0.024920301331631714,0.2560534883770065,P0,F4_KelvinOp
24.0,137,573,52,0.23423423423423423,0.13614953768030674,0.11354360602012199,-0.022914683739831035,0.25000189578007503,P0,F4_KelvinOp
25.0,143,573,54,0.23275862068965517,0.1429401392933665,0.10479837583600593,-0.028810307263145596,0.23840705893515746,P0,F4_KelvinOp
26.0,148,573,57,0.2384937238493724,0.14866133274015444,0.10551898388259077,-0.02670024041184689,0.23773820817702845,P0,F4_KelvinOp
27.0,154,573,63,0.2571428571428571,0.15560287751019589,0.12025145151283637,-0.009853170260236438,0.25035607328590914,P0,F4_KelvinOp
28.0,160,573,69,0.2749003984063745,0.16262888566726297,0.13407617102791464,0.004345510028108013,0.26380683202772126,P0,F4_KelvinOp
29.0,166,573,72,0.27692307692307694,0.16974090852766702,0.1290948446048803,0.0012352032595815132,0.2569544859501791,P0,F4_KelvinOp
30.0,171,573,76,0.2857142857142857,0.17573444559908336,0.13342767937832442,0.007210799885757679,0.25964455887089116,P0,F4_KelvinOp
31.0,177,573,79,0.2872727272727273,0.1830083192418814,0.1276199139923859,0.0020625809514479287,0.2531772470333239,P0,F4_KelvinOp
32.0,183,573,83,0.29328621908127206,0.1903728151227539,0.12711209045447464,0.0004100958553518719,0.25381408505359737,P0,F4_KelvinOp
33.0,189,573,83,0.28135593220338984,0.19782963807008228,0.10412538046451147,-0.024461594753795335,0.23271235568281828,P0,F4_KelvinOp
34.0,194,573,90,0.30201342281879195,0.20411544453627195,0.12300524945540503,-0.011784868762271805,0.25779536767308187,P0,F4_KelvinOp
35.0,200,573,95,0.3114754098360656,0.2117461055962624,0.12651926612458017,-0.013556567233533906,0.2665950994826942,P0,F4_KelvinOp
36.0,206,573,104,0.33766233766233766,0.21947416273996465,0.15142122051623788,0.006399119094564781,0.296443321937911,P0,F4_KelvinOp
37.0,212,573,113,0.3633440514469453,0.22730149363603225,0.17606162907066927,0.028782242293166727,0.3233410158481718,P0,F4_KelvinOp
38.0,217,573,118,0.37341772151898733,0.23390149173608848,0.18211265036798271,0.036666743858628115,0.3275585568773373,P0,F4_KelvinOp
39.0,223,573,124,0.38509316770186336,0.24191586374086366,0.18886729996425794,0.04598115754468085,0.33175344238383503,P0,F4_KelvinOp
40.0,229,573,127,0.38368580060422963,0.25003509898592313,0.17820927544420892,0.03777870143343004,0.3186398494549878,P0,F4_KelvinOp
41.0,234,573,132,0.39285714285714285,0.256882726086866,0.18297840938921767,0.04298526757982432,0.322971551198611,P0,F4_KelvinOp
42.0,240,573,140,0.4117647058823529,0.26519963409964514,0.1994624371248384,0.060772291335839806,0.338152582913837,P0,F4_KelvinOp
43.0,246,573,143,0.40974212034383956,0.2736274229346693,0.18738964232253494,0.050974382087318554,0.3238049025577513,P0,F4_KelvinOp
44.0,252,573,150,0.423728813559322,0.28216832632827377,0.19720568543174327,0.06301144196443781,0.33139992889904873,P0,F4_KelvinOp
45.0,257,573,155,0.43175487465181056,0.28937380606327734,0.20036000615143587,0.0655921360801108,0.33512787622276097,P0,F4_KelvinOp
46.0,263,573,159,0.4332425068119891,0.2981280897313316,0.19250580498219014,0.05856880324338623,0.326442806720994,P0,F4_KelvinOp
47.0,269,573,165,0.44235924932975873,0.3070021521112328,0.1953210931763991,0.06106217059403113,0.32958001575876705,P0,F4_KelvinOp
48.0,275,573,172,0.455026455026455,0.3159984701785904,0.20325683318890284,0.06906813311285026,0.3374455332649554,P0,F4_KelvinOp
49.0,280,573,175,0.45454545454545453,0.32359062621322854,0.19360291771105417,0.058800407551481776,0.32840542787062654,P0,F4_KelvinOp
50.0,286,573,179,0.455470737913486,0.33281774305900164,0.1838373151840743,0.04940127285188503,0.3182733575162636,P0,F4_KelvinOp
1.0,2,207,0,0.0,0.006456857870956645,-0.006498819826907944,-0.008584268867228271,-0.004413370786587618,P2,F1_Frobenius
2.0,4,207,0,0.0,0.011122815779594241,-0.011247924370267537,-0.01425665199211117,-0.008239196748423903,P2,F1_Frobenius
3.0,6,207,0,0.0,0.01600382210473546,-0.01626411002832055,-0.024894393478102524,-0.0076338265785385745,P2,F1_Frobenius
4.0,8,207,0,0.0,0.020966898074285582,-0.02141592356075053,-0.04399996201344457,0.0011681148919435065,P2,F1_Frobenius
5.0,10,207,0,0.0,0.025991658248233813,-0.026685252203782456,-0.07850329652753248,0.025132792119967565,P2,F1_Frobenius
6.0,12,207,0,0.0,0.031072415432779176,-0.03206887276994794,-0.13599194543206083,0.07185419989216495,P2,F1_Frobenius
7.0,14,207,0,0.0,0.036207304103381195,-0.03756752282678118,-0.1938628416357865,0.11872779598222415,P2,F1_Frobenius
8.0,16,207,0,0.0,0.04139582470386405,-0.04318343876509392,-0.24063114313492187,0.15426426560473402,P2,F1_Frobenius
9.0,18,207,1,0.02857142857142857,0.04663807212234519,-0.018950456298518267,-0.23586265355075658,0.19796174095372004,P2,F1_Frobenius
10.0,20,207,2,0.05263157894736842,0.051934439199011924,0.0007353286282939176,-0.22331580897186745,0.2247864662284553,P2,F1_Frobenius
11.0,22,207,4,0.1,0.05728548595055176,0.0453101266744767,-0.17970880428915553,0.27032905763810894,P2,F1_Frobenius
12.0,24,207,4,0.09090909090909091,0.06269187579404333,0.030104524207503144,-0.1908593117804649,0.2510683601954712,P2,F1_Frobenius
13.0,26,207,5,0.10638297872340426,0.06815434199363612,0.041024644372498704,-0.17321005588571148,0.2552593446307089,P2,F1_Frobenius
14.0,28,207,6,0.12,0.07367366895097721,0.05001081098122333,-0.16113378458562244,0.26115540654806907,P2,F1_Frobenius
15.0,31,207,6,0.10714285714285714,0.08206108652851644,0.027324008434816045,-0.1790939053819217,0.2337419222515538,P2,F1_Frobenius
16.0,33,207,7,0.11864406779661017,0.08772624567645379,0.033890947726630635,-0.1705207077927956,0.2383026032460569,P2,F1_Frobenius
17.0,35,207,8,0.12903225806451613,0.09345129076599037,0.03924882020800622,-0.16799840121970944,0.24649604163572186,P2,F1_Frobenius
18.0,37,207,8,0.12121212121212122,0.09923714989278395,0.024395956512551137,-0.19207353775281372,0.240865450777916,P2,F1_Frobenius
19.0,39,207,8,0.11428571428571428,0.10508477630537333,0.010281351503168308,-0.21937388890382253,0.23993659191015915,P2,F1_Frobenius
20.0,41,207,8,0.10810810810810811,0.11099514776220629,-0.0032474959465417386,-0.24846771251757757,0.24197272062449407,P2,F1_Frobenius
21.0,43,207,9,0.11688311688311688,0.1169692662424416,-9.75609976315607e-05,-0.2610115209520276,0.26081639895676445,P2,F1_Frobenius
22.0,45,207,11,0.13924050632911392,0.12300815790549867,0.018509121344672794,-0.2520588668569429,0.2890771095462885,P2,F1_Frobenius
23.0,47,207,12,0.14634146341463414,0.12911287323072992,0.019782804974758456,-0.26052411092618044,0.3000897208756974,P2,F1_Frobenius
24.0,49,207,14,0.16666666666666666,0.1352844872914943,0.03629191209589325,-0.24839365539960614,0.32097747959139267,P2,F1_Frobenius
25.0,51,207,16,0.18604651162790697,0.1415241001326649,0.05186215652893968,-0.23592921580530243,0.3396535288631818,P2,F1_Frobenius
26.0,53,207,18,0.20454545454545456,0.14783283723031132,0.06655104748558668,-0.22361240245271505,0.3567144974238884,P2,F1_Frobenius
27.0,55,207,20,0.2222222222222222,0.1542118500188111,0.08041064680904281,-0.20936578087110908,0.3701870744891947,P2,F1_Frobenius
28.0,57,207,22,0.2391304347826087,0.16066231647509882,0.09348813933621261,-0.1951563489022287,0.38213262757465394,P2,F1_Frobenius
29.0,60,207,24,0.25,0.17047463565771853,0.09586851440683307,-0.19083444532432436,0.38257147413799053,P2,F1_Frobenius
30.0,62,207,26,0.2653061224489796,0.1771090699615144,0.10717951707565952,-0.17728038519232864,0.3916394193436477,P2,F1_Frobenius
31.0,64,207,27,0.26732673267326734,0.18381929942755854,0.10231488344081098,-0.17864641907037498,0.3832761859519969,P2,F1_Frobenius
32.0,66,207,28,0.2692307692307692,0.19060662994319472,0.09713958897644104,-0.1824626957967811,0.37674187374966317,P2,F1_Frobenius
33.0,68,207,30,0.2830188679245283,0.19747239794244414,0.10659629620558386,-0.17265573954149727,0.385848331952665,P2,F1_Frobenius
34.0,70,207,31,0.28440366972477066,0.2044179712589868,0.10053733691340293,-0.17749902168226173,0.3785736955090676,P2,F1_Frobenius
35.0,72,207,33,0.2972972972972973,0.2114447500158511,0.10887321754965422,-0.16872610814193006,0.38647254324123853,P2,F1_Frobenius
36.0,74,207,35,0.30973451327433627,0.21855416755207283,0.11668159447038752,-0.16019728610063594,0.39356047504141095,P2,F1_Frobenius
37.0,76,207,36,0.3103448275862069,0.2257476913868653,0.10926300801204543,-0.16687208015426486,0.3853980961783557,P2,F1_Frobenius
38.0,78,207,37,0.31092436974789917,0.2330268242220785,0.10156488908078326,-0.17279772988496012,0.37592750804652664,P2,F1_Frobenius
39.0,80,207,38,0.3114754098360656,0.24039310498392288,0.09357775096372478,-0.17947589739834302,0.3666313993257926,P2,F1_Frobenius
40.0,82,207,40,0.3225806451612903,0.24784810990510914,0.09935830281135499,-0.17220213801817574,0.37091874364088573,P2,F1_Frobenius
41.0,84,207,43,0.344,0.25539345364871047,0.11899780734601119,-0.1539403328270072,0.39193594751902955,P2,F1_Frobenius
42.0,86,207,45,0.3543307086614173,0.2630307904751997,0.12388566171589178,-0.14911491289035023,0.39688623632213377,P2,F1_Frobenius
43.0,89,207,48,0.36923076923076925,0.27466300217769113,0.13037769662515558,-0.14346744943277845,0.4042228426830896,P2,F1_Frobenius
44.0,91,207,49,0.3684210526315789,0.2825378300197272,0.11970418261106805,-0.15880456472750135,0.3982129299496374,P2,F1_Frobenius
45.0,93,207,52,0.3880597014925373,0.2905107706055924,0.13749177132711218,-0.14067679467917169,0.415660337333396,P2,F1_Frobenius
46.0,95,207,54,0.39705882352941174,0.29858367206809533,0.14039472356120664,-0.13768511814234757,0.41847456526476084,P2,F1_Frobenius
47.0,97,207,55,0.39568345323741005,0.30675842940529724,0.12827422301843175,-0.15130845307162907,0.40785689910849254,P2,F1_Frobenius
48.0,99,207,57,0.40425531914893614,0.31503698597261987,0.13025277474726532,-0.15037932618338384,0.4108848756779145,P2,F1_Frobenius
49.0,101,207,60,0.4225352112676056,0.3234213350331762,0.1464927603640731,-0.13454144858138412,0.4275269693095303,P2,F1_Frobenius
50.0,103,207,63,0.4405594405594406,0.3319135213688942,0.16262253864673243,-0.11748190234579642,0.4427269796392613,P2,F1_Frobenius
1.0,2,207,0,0.0,0.006456857870956645,-0.006498819826907944,-0.008743448650664187,-0.004254191003151702,P2,F3_Longitudinal
2.0,4,207,0,0.0,0.011122815779594241,-0.011247924370267537,-0.014486304504353408,-0.008009544236181665,P2,F3_Longitudinal
3.0,6,207,0,0.0,0.01600382210473546,-0.01626411002832055,-0.019507623596841356,-0.01302059645979974,P2,F3_Longitudinal
4.0,8,207,0,0.0,0.020966898074285582,-0.02141592356075053,-0.050442254283457,0.007610407161955941,P2,F3_Longitudinal
5.0,10,207,0,0.0,0.025991658248233813,-0.026685252203782456,-0.08009265463239285,0.026722150224827934,P2,F3_Longitudinal
6.0,12,207,0,0.0,0.031072415432779176,-0.03206887276994794,-0.11038051333656733,0.046242767796671455,P2,F3_Longitudinal
7.0,14,207,0,0.0,0.036207304103381195,-0.03756752282678118,-0.13885110043527668,0.06371605478171433,P2,F3_Longitudinal
8.0,16,207,1,0.03225806451612903,0.04139582470386405,-0.009532360095252185,-0.12238062091021336,0.10331590071970899,P2,F3_Longitudinal
9.0,18,207,1,0.02857142857142857,0.04663807212234519,-0.018950456298518267,-0.1336208191654841,0.09571990656844757,P2,F3_Longitudinal
10.0,20,207,1,0.02564102564102564,0.051934439199011924,-0.027733750328164945,-0.14310204853392444,0.08763454787759455,P2,F3_Longitudinal
11.0,22,207,1,0.023255813953488372,0.05728548595055176,-0.03609753694242839,-0.15222659410697173,0.08003152022211493,P2,F3_Longitudinal
12.0,24,207,1,0.02127659574468085,0.06269187579404333,-0.04418534202341151,-0.1667293277189085,0.07835864367208548,P2,F3_Longitudinal
13.0,26,207,1,0.0196078431372549,0.06815434199363612,-0.052097145529704965,-0.19112525028920843,0.08693095922979852,P2,F3_Longitudinal
14.0,28,207,2,0.037037037037037035,0.07367366895097721,-0.0395504593639812,-0.19540255864410783,0.11630163991614541,P2,F3_Longitudinal
15.0,31,207,3,0.05084745762711865,0.08206108652851644,-0.03400403713505656,-0.20356993751354754,0.13556186324343442,P2,F3_Longitudinal
16.0,33,207,3,0.047619047619047616,0.08772624567645379,-0.043963994214813056,-0.23190917013019755,0.14398118170057142,P2,F3_Longitudinal
17.0,35,207,4,0.06060606060606061,0.09345129076599037,-0.03623107046027611,-0.24169574784153336,0.1692336069209811,P2,F3_Longitudinal
18.0,37,207,4,0.05714285714285714,0.09923714989278395,-0.04673182596830721,-0.2672730338739977,0.1738093819373833,P2,F3_Longitudinal
19.0,39,207,6,0.08333333333333333,0.10508477630537333,-0.02430559051419409,-0.2598894697847921,0.21127828875640395,P2,F3_Longitudinal
20.0,41,207,8,0.10810810810810811,0.11099514776220629,-0.0032474959465417386,-0.2539523600676603,0.24745736817457684,P2,F3_Longitudinal
21.0,43,207,10,0.13157894736842105,0.1169692662424416,0.01654492937500704,-0.2431541978064979,0.27624405655651196,P2,F3_Longitudinal
22.0,45,207,10,0.125,0.12300815790549867,0.002271220778683934,-0.262302542707298,0.26684498426466585,P2,F3_Longitudinal
23.0,47,207,11,0.13253012048192772,0.12911287323072992,0.003923869289324276,-0.2640331363860516,0.2718808749647001,P2,F3_Longitudinal
24.0,49,207,13,0.15294117647058825,0.1352844872914943,0.0204190730010021,-0.24779270105135986,0.28863084705336406,P2,F3_Longitudinal
25.0,51,207,14,0.1590909090909091,0.1415241001326649,0.020462786388014957,-0.24729542555096828,0.2882209983269982,P2,F3_Longitudinal
26.0,53,207,14,0.15217391304347827,0.14783283723031132,0.0050941599287371185,-0.26411064785614247,0.2742989677136167,P2,F3_Longitudinal
27.0,55,207,14,0.14583333333333334,0.1542118500188111,-0.009906164665069031,-0.28310324123394887,0.26329091190381076,P2,F3_Longitudinal
28.0,57,207,15,0.15151515151515152,0.16066231647509882,-0.010898074922041704,-0.28779260836697357,0.26599645852289017,P2,F3_Longitudinal
29.0,60,207,19,0.18811881188118812,0.17047463565771853,0.021270207014657587,-0.26081139044649393,0.3033518044758091,P2,F3_Longitudinal
30.0,62,207,23,0.22772277227722773,0.1771090699615144,0.06150718214058598,-0.22902759074646273,0.3520419550276347,P2,F3_Longitudinal
31.0,64,207,24,0.23076923076923078,0.18381929942755854,0.05752394207403232,-0.23899789333369664,0.3540457774817613,P2,F3_Longitudinal
32.0,66,207,26,0.24528301886792453,0.19060662994319472,0.06755230639076336,-0.2334349373054247,0.36853955008695144,P2,F3_Longitudinal
33.0,68,207,28,0.25925925925925924,0.19747239794244414,0.07699032551454082,-0.22667538178260688,0.3806560328116885,P2,F3_Longitudinal
34.0,70,207,31,0.28440366972477066,0.2044179712589868,0.10053733691340293,-0.20229573402106826,0.40337040784787415,P2,F3_Longitudinal
35.0,72,207,34,0.3090909090909091,0.2114447500158511,0.1238291915208488,-0.1774852002530095,0.42514358329470714,P2,F3_Longitudinal
36.0,74,207,37,0.3333333333333333,0.21855416755207283,0.14688051431755375,-0.15472273498538505,0.4484837636204926,P2,F3_Longitudinal
37.0,76,207,40,0.35714285714285715,0.2257476913868653,0.16970587532551376,-0.13274684993576027,0.4721586005867878,P2,F3_Longitudinal
38.0,78,207,41,0.3565217391304348,0.2330268242220785,0.16101595050322134,-0.14069054601382716,0.4627224470202699,P2,F3_Longitudinal
39.0,80,207,42,0.3559322033898305,0.24039310498392288,0.15210380417026392,-0.1499491394459342,0.45415674778646203,P2,F3_Longitudinal
40.0,82,207,43,0.35537190082644626,0.24784810990510914,0.14295489027857392,-0.16023671768697492,0.4461464982441228,P2,F3_Longitudinal
41.0,84,207,43,0.344,0.25539345364871047,0.11899780734601119,-0.18375997803455246,0.4217555927265748,P2,F3_Longitudinal
42.0,86,207,43,0.3333333333333333,0.2630307904751997,0.09539413851966062,-0.209380494336882,0.4001687713762032,P2,F3_Longitudinal
43.0,89,207,46,0.3484848484848485,0.27466300217769113,0.1017759283323392,-0.20316518705089168,0.40671704371557005,P2,F3_Longitudinal
44.0,91,207,49,0.3684210526315789,0.2825378300197272,0.11970418261106805,-0.18369759835214097,0.4231059635742771,P2,F3_Longitudinal
45.0,93,207,53,0.39849624060150374,0.2905107706055924,0.15220170444036699,-0.15318018255249063,0.4575835914332246,P2,F3_Longitudinal
46.0,95,207,56,0.417910447761194,0.29858367206809533,0.1701226089859192,-0.13815731960290928,0.47840253757474765,P2,F3_Longitudinal
47.0,97,207,58,0.4264705882352941,0.30675842940529724,0.17268462237095913,-0.13586729429072555,0.48123653903264385,P2,F3_Longitudinal
48.0,99,207,59,0.4244604316546763,0.31503698597261987,0.15975088207855034,-0.1509151153493208,0.4704168795064215,P2,F3_Longitudinal
49.0,101,207,62,0.44285714285714284,0.3234213350331762,0.17652907785648725,-0.14026654992959015,0.49332470564256464,P2,F3_Longitudinal
50.0,103,207,64,0.4507042253521127,0.3319135213688942,0.17780737641423006,-0.1446136202168074,0.5002283730452675,P2,F3_Longitudinal
1.0,2,207,0,0.0,0.006456857870956645,-0.006498819826907944,-0.008720761008672178,-0.00427687864514371,P2,F4_KelvinOp
2.0,4,207,0,0.0,0.011122815779594241,-0.011247924370267537,-0.014453572496130674,-0.008042276244404399,P2,F4_KelvinOp
3.0,6,207,0,0.0,0.01600382210473546,-0.01626411002832055,-0.019474839702301648,-0.013053380354339452,P2,F4_KelvinOp
4.0,8,207,0,0.0,0.020966898074285582,-0.02141592356075053,-0.04177776502312207,-0.0010540820983789938,P2,F4_KelvinOp
5.0,10,207,0,0.0,0.025991658248233813,-0.026685252203782456,-0.08763039357829941,0.0342598891707345,P2,F4_KelvinOp
6.0,12,207,0,0.0,0.031072415432779176,-0.03206887276994794,-0.1259080975985496,0.06177035205865371,P2,F4_KelvinOp
7.0,14,207,0,0.0,0.036207304103381195,-0.03756752282678118,-0.1493568306630917,0.07422178500952932,P2,F4_KelvinOp
8.0,16,207,1,0.03225806451612903,0.04139582470386405,-0.009532360095252185,-0.13201201334934295,0.11294729315883859,P2,F4_KelvinOp
9.0,18,207,1,0.02857142857142857,0.04663807212234519,-0.018950456298518267,-0.1430420747235574,0.10514116212652087,P2,F4_KelvinOp
10.0,20,207,1,0.02564102564102564,0.051934439199011924,-0.027733750328164945,-0.15381179550468382,0.09834429484835394,P2,F4_KelvinOp
11.0,22,207,1,0.023255813953488372,0.05728548595055176,-0.03609753694242839,-0.16962621887664905,0.09743114499179226,P2,F4_KelvinOp
12.0,24,207,1,0.02127659574468085,0.06269187579404333,-0.04418534202341151,-0.19475463896532894,0.10638395491850591,P2,F4_KelvinOp
13.0,26,207,1,0.0196078431372549,0.06815434199363612,-0.052097145529704965,-0.22941134420711734,0.12521705314770742,P2,F4_KelvinOp
14.0,28,207,1,0.01818181818181818,0.07367366895097721,-0.059905293533345866,-0.26167361027577907,0.14186302320908734,P2,F4_KelvinOp
15.0,31,207,2,0.03333333333333333,0.08206108652851644,-0.05308387353457249,-0.2771645893544767,0.17099684228533174,P2,F4_KelvinOp
16.0,33,207,4,0.06451612903225806,0.08772624567645379,-0.025442052381969598,-0.26492104067581485,0.21403693591187567,P2,F4_KelvinOp
17.0,35,207,6,0.09375,0.09345129076599037,0.00032950158217314146,-0.25214992574620076,0.25280892891054707,P2,F4_KelvinOp
18.0,37,207,7,0.1044776119402985,0.09923714989278395,0.005817804372028428,-0.2567352765450484,0.2683708852891053,P2,F4_KelvinOp
19.0,39,207,9,0.13043478260869565,0.10508477630537333,0.02832671255570521,-0.24435647617843345,0.3010099012898439,P2,F4_KelvinOp
20.0,41,207,9,0.1232876712328767,0.11099514776220629,0.013827285013943183,-0.269486833465894,0.29714140349378043,P2,F4_KelvinOp
21.0,43,207,11,0.14666666666666667,0.1169692662424416,0.03363121949091602,-0.25598297458432884,0.3232454135661609,P2,F4_KelvinOp
22.0,45,207,12,0.15384615384615385,0.12300815790549867,0.03516337833543063,-0.25923282024706173,0.32955957691792304,P2,F4_KelvinOp
23.0,47,207,14,0.175,0.12911287323072992,0.05269009652203442,-0.24685919082584812,0.352239383869917,P2,F4_KelvinOp
24.0,49,207,15,0.18072289156626506,0.1352844872914943,0.05254722924126373,-0.2492839929982422,0.35437845148076963,P2,F4_KelvinOp
25.0,51,207,15,0.1724137931034483,0.1415241001326649,0.03598201530824214,-0.26453528208199123,0.3364993126984755,P2,F4_KelvinOp
26.0,53,207,15,0.16483516483516483,0.14783283723031132,0.019951869008415023,-0.2798733527361947,0.3197770907530247,P2,F4_KelvinOp
27.0,55,207,17,0.1827956989247312,0.1542118500188111,0.03379551830627541,-0.26387846980340085,0.3314695064159517,P2,F4_KelvinOp
28.0,57,207,18,0.1875,0.16066231647509882,0.0319748345054556,-0.2579382530742095,0.32188792208512074,P2,F4_KelvinOp
29.0,60,207,21,0.21212121212121213,0.17047463565771853,0.05020530806374384,-0.23627148599270242,0.3366821021201901,P2,F4_KelvinOp
30.0,62,207,23,0.22772277227722773,0.1771090699615144,0.06150718214058598,-0.22140454452542774,0.3444189088065997,P2,F4_KelvinOp
31.0,64,207,23,0.21904761904761905,0.18381929942755854,0.04316240214373185,-0.23908236976501773,0.32540717405248143,P2,F4_KelvinOp
32.0,66,207,27,0.2571428571428571,0.19060662994319472,0.08220505586176562,-0.19994165017455973,0.364351761898091,P2,F4_KelvinOp
33.0,68,207,29,0.27102803738317754,0.19747239794244414,0.09165496520262754,-0.19349059893576026,0.3768005293410154,P2,F4_KelvinOp
34.0,70,207,32,0.2962962962962963,0.2044179712589868,0.11548567177001776,-0.169998553701151,0.4009698972411865,P2,F4_KelvinOp
35.0,72,207,34,0.3090909090909091,0.2114447500158511,0.1238291915208488,-0.1625433931916287,0.4102017762333263,P2,F4_KelvinOp
36.0,74,207,35,0.30973451327433627,0.21855416755207283,0.11668159447038752,-0.1694614165900889,0.4028246055308639,P2,F4_KelvinOp
37.0,76,207,36,0.3103448275862069,0.2257476913868653,0.10926300801204543,-0.17569633593797773,0.39422235196206856,P2,F4_KelvinOp
38.0,78,207,38,0.3220338983050847,0.2330268242220785,0.11604978752057217,-0.16689872479739604,0.39899829983854035,P2,F4_KelvinOp
39.0,80,207,40,0.3333333333333333,0.24039310498392288,0.12235306045693983,-0.16001221918866354,0.4047183401025432,P2,F4_KelvinOp
40.0,82,207,41,0.3333333333333333,0.24784810990510914,0.1136542027667303,-0.16599773252607566,0.3933061380595363,P2,F4_KelvinOp
41.0,84,207,43,0.344,0.25539345364871047,0.11899780734601119,-0.1566011071536742,0.39459672184569655,P2,F4_KelvinOp
42.0,86,207,44,0.34375,0.2630307904751997,0.10952860510529094,-0.16655929073849274,0.3856165009490746,P2,F4_KelvinOp
43.0,89,207,47,0.35877862595419846,0.27466300217769113,0.1159676454241946,-0.16015332853000527,0.39208861937839445,P2,F4_KelvinOp
44.0,91,207,49,0.3684210526315789,0.2825378300197272,0.11970418261106805,-0.1609234502544851,0.4003318154766212,P2,F4_KelvinOp
45.0,93,207,51,0.37777777777777777,0.2905107706055924,0.12299976314886853,-0.16063393339743892,0.40663345969517595,P2,F4_KelvinOp
46.0,95,207,53,0.38686131386861317,0.29858367206809533,0.12585626864547136,-0.16024740394565593,0.4119599412365986,P2,F4_KelvinOp
47.0,97,207,56,0.4057971014492754,0.30675842940529724,0.14286314647723308,-0.14807126649057512,0.4337975594450413,P2,F4_KelvinOp
48.0,99,207,58,0.4142857142857143,0.31503698597261987,0.14489647802958183,-0.15219752555886606,0.44199048161802973,P2,F4_KelvinOp
49.0,101,207,60,0.4225352112676056,0.3234213350331762,0.1464927603640731,-0.15546754189281503,0.44845306262096124,P2,F4_KelvinOp
50.0,103,207,64,0.4507042253521127,0.3319135213688942,0.17780737641423006,-0.13309540286005295,0.48871015568851306,P2,F4_KelvinOp
