panel,direction,q_source_percent,q_target_percent,source_k,target_k,overlap,retention
P0,JARVIS_to_MP,1,1,5,5,0,0.0
P0,JARVIS_to_MP,1,5,5,28,0,0.0
P0,JARVIS_to_MP,1,10,5,57,0,0.0
P0,JARVIS_to_MP,1,20,5,114,1,0.2
P0,JARVIS_to_MP,1,50,5,286,3,0.6
P0,JARVIS_to_MP,5,1,28,5,0,0.0
P0,JARVIS_to_MP,5,5,28,28,1,0.03571428571428571
P0,JARVIS_to_MP,5,10,28,57,3,0.10714285714285714
P0,JARVIS_to_MP,5,20,28,114,11,0.39285714285714285
P0,JARVIS_to_MP,5,50,28,286,23,0.8214285714285714
P0,JARVIS_to_MP,10,1,57,5,0,0.0
P0,JARVIS_to_MP,10,5,57,28,4,0.07017543859649122
P0,JARVIS_to_MP,10,10,57,57,8,0.14035087719298245
P0,JARVIS_to_MP,10,20,57,114,18,0.3157894736842105
P0,JARVIS_to_MP,10,50,57,286,33,0.5789473684210527
P0,JARVIS_to_MP,20,1,114,5,0,0.0
P0,JARVIS_to_MP,20,5,114,28,9,0.07894736842105263
P0,JARVIS_to_MP,20,10,114,57,19,0.16666666666666666
P0,JARVIS_to_MP,20,20,114,114,38,0.3333333333333333
P0,JARVIS_to_MP,20,50,114,286,73,0.6403508771929824
P0,JARVIS_to_MP,50,1,286,5,1,0.0034965034965034965
P0,JARVIS_to_MP,50,5,286,28,20,0.06993006993006994
P0,JARVIS_to_MP,50,10,286,57,39,0.13636363636363635
P0,JARVIS_to_MP,50,20,286,114,83,0.2902097902097902
P0,JARVIS_to_MP,50,50,286,286,178,0.6223776223776224
P0,MP_to_JARVIS,1,1,5,5,0,0.0
P0,MP_to_JARVIS,1,5,5,28,0,0.0
P0,MP_to_JARVIS,1,10,5,57,0,0.0
P0,MP_to_JARVIS,1,20,5,114,0,0.0
P0,MP_to_JARVIS,1,50,5,286,1,0.2
P0,MP_to_JARVIS,5,1,28,5,0,0.0
P0,MP_to_JARVIS,5,5,28,28,1,0.03571428571428571
P0,MP_to_JARVIS,5,10,28,57,4,0.14285714285714285
P0,MP_to_JARVIS,5,20,28,114,9,0.32142857142857145
P0,MP_to_JARVIS,5,50,28,286,20,0.7142857142857143
P0,MP_to_JARVIS,10,1,57,5,0,0.0
P0,MP_to_JARVIS,10,5,57,28,3,0.05263157894736842
P0,MP_to_JARVIS,10,10,57,57,8,0.14035087719298245
P0,MP_to_JARVIS,10,20,57,114,19,0.3333333333333333
P0,MP_to_JARVIS,10,50,57,286,39,0.6842105263157895
P0,MP_to_JARVIS,20,1,114,5,1,0.008771929824561403
P0,MP_to_JARVIS,20,5,114,28,11,0.09649122807017543
P0,MP_to_JARVIS,20,10,114,57,18,0.15789473684210525
P0,MP_to_JARVIS,20,20,114,114,38,0.3333333333333333
P0,MP_to_JARVIS,20,50,114,286,83,0.7280701754385965
P0,MP_to_JARVIS,50,1,286,5,3,0.01048951048951049
P0,MP_to_JARVIS,50,5,286,28,23,0.08041958041958042
P0,MP_to_JARVIS,50,10,286,57,33,0.11538461538461539
P0,MP_to_JARVIS,50,20,286,114,73,0.25524475524475526
P0,MP_to_JARVIS,50,50,286,286,178,0.6223776223776224
P2,JARVIS_to_MP,1,1,2,2,0,0.0
P2,JARVIS_to_MP,1,5,2,10,0,0.0
P2,JARVIS_to_MP,1,10,2,20,0,0.0
P2,JARVIS_to_MP,1,20,2,41,0,0.0
P2,JARVIS_to_MP,1,50,2,103,1,0.5
P2,JARVIS_to_MP,5,1,10,2,0,0.0
P2,JARVIS_to_MP,5,5,10,10,0,0.0
P2,JARVIS_to_MP,5,10,10,20,2,0.2
P2,JARVIS_to_MP,5,20,10,41,3,0.3
P2,JARVIS_to_MP,5,50,10,103,8,0.8
P2,JARVIS_to_MP,10,1,20,2,0,0.0
P2,JARVIS_to_MP,10,5,20,10,0,0.0
P2,JARVIS_to_MP,10,10,20,20,2,0.1
P2,JARVIS_to_MP,10,20,20,41,4,0.2
P2,JARVIS_to_MP,10,50,20,103,11,0.55
P2,JARVIS_to_MP,20,1,41,2,1,0.024390243902439025
P2,JARVIS_to_MP,20,5,41,10,3,0.07317073170731707
P2,JARVIS_to_MP,20,10,41,20,5,0.12195121951219512
P2,JARVIS_to_MP,20,20,41,41,8,0.1951219512195122
P2,JARVIS_to_MP,20,50,41,103,16,0.3902439024390244
P2,JARVIS_to_MP,50,1,103,2,2,0.019417475728155338
P2,JARVIS_to_MP,50,5,103,10,9,0.08737864077669903
P2,JARVIS_to_MP,50,10,103,20,15,0.14563106796116504
P2,JARVIS_to_MP,50,20,103,41,31,0.30097087378640774
P2,JARVIS_to_MP,50,50,103,103,63,0.6116504854368932
P2,MP_to_JARVIS,1,1,2,2,0,0.0
P2,MP_to_JARVIS,1,5,2,10,0,0.0
P2,MP_to_JARVIS,1,10,2,20,0,0.0
P2,MP_to_JARVIS,1,20,2,41,1,0.5
P2,MP_to_JARVIS,1,50,2,103,2,1.0
P2,MP_to_JARVIS,5,1,10,2,0,0.0
P2,MP_to_JARVIS,5,5,10,10,0,0.0
P2,MP_to_JARVIS,5,10,10,20,0,0.0
P2,MP_to_JARVIS,5,20,10,41,3,0.3
P2,MP_to_JARVIS,5,50,10,103,9,0.9
P2,MP_to_JARVIS,10,1,20,2,0,0.0
P2,MP_to_JARVIS,10,5,20,10,2,0.1
P2,MP_to_JARVIS,10,10,20,20,2,0.1
P2,MP_to_JARVIS,10,20,20,41,5,0.25
P2,MP_to_JARVIS,10,50,20,103,15,0.75
P2,MP_to_JARVIS,20,1,41,2,0,0.0
P2,MP_to_JARVIS,20,5,41,10,3,0.07317073170731707
P2,MP_to_JARVIS,20,10,41,20,4,0.0975609756097561
P2,MP_to_JARVIS,20,20,41,41,8,0.1951219512195122
P2,MP_to_JARVIS,20,50,41,103,31,0.7560975609756098
P2,MP_to_JARVIS,50,1,103,2,1,0.009708737864077669
P2,MP_to_JARVIS,50,5,103,10,8,0.07766990291262135
P2,MP_to_JARVIS,50,10,103,20,11,0.10679611650485436
P2,MP_to_JARVIS,50,20,103,41,16,0.1553398058252427
P2,MP_to_JARVIS,50,50,103,103,63,0.6116504854368932
