analysis,panel,distance_metric,threshold_quantile,threshold_value,metric,n,tau,rho,nAUCC,n_excluded,boundary_count,nonidentical_space_group_count
continuous_threshold,P0,rms_distance,0.5,0.008563576316845359,F1_Frobenius,287,0.22802699870854554,0.3276189398096517,0.0671713066597952,286,1,1
continuous_threshold,P0,rms_distance,0.5,0.008563576316845359,F3_Longitudinal,287,0.2487128465235135,0.36529318697673296,0.05976600554253179,286,1,1
continuous_threshold,P0,rms_distance,0.5,0.008563576316845359,F4_KelvinOp,287,0.24445040083822708,0.35337267070971246,0.061679086372388885,286,1,1
continuous_threshold,P0,rms_distance,0.55,0.010348403168290646,F1_Frobenius,315,0.2085616646108426,0.2977493147776516,0.06456098805434428,258,0,2
continuous_threshold,P0,rms_distance,0.55,0.010348403168290646,F3_Longitudinal,315,0.23478808570676996,0.3438648287832752,0.06321917046673523,258,0,2
continuous_threshold,P0,rms_distance,0.55,0.010348403168290646,F4_KelvinOp,315,0.22506218025195637,0.32559915442851933,0.06213380196452889,258,0,2
continuous_threshold,P0,rms_distance,0.6,0.012896469717302772,F1_Frobenius,344,0.2025307872973995,0.2885029377463099,0.06761284116002056,229,0,2
continuous_threshold,P0,rms_distance,0.6,0.012896469717302772,F3_Longitudinal,344,0.2277961278621589,0.33303417329002355,0.06867727426734384,229,0,2
continuous_threshold,P0,rms_distance,0.6,0.012896469717302772,F4_KelvinOp,344,0.2193461991654126,0.31500555491070775,0.067876611888277,229,0,2
continuous_threshold,P0,rms_distance,0.65,0.015310519442043775,F1_Frobenius,372,0.2056417428155459,0.2933719405481066,0.06845082273669818,201,0,4
continuous_threshold,P0,rms_distance,0.65,0.015310519442043775,F3_Longitudinal,372,0.23118796838390523,0.33769430195176686,0.07334204270262994,201,0,4
continuous_threshold,P0,rms_distance,0.65,0.015310519442043775,F4_KelvinOp,372,0.22204670778152177,0.3197196979140466,0.06906164648092024,201,0,4
continuous_threshold,P0,rms_distance,0.7,0.018413986155809168,F1_Frobenius,401,0.22289971632965397,0.31833595077975585,0.07674495460932072,172,0,8
continuous_threshold,P0,rms_distance,0.7,0.018413986155809168,F3_Longitudinal,401,0.24671723822353248,0.3606933694137917,0.0854202533144088,172,0,8
continuous_threshold,P0,rms_distance,0.7,0.018413986155809168,F4_KelvinOp,401,0.23786277627570365,0.343104817970191,0.07866237231156908,172,0,8
continuous_threshold,P0,rms_distance,0.75,0.021811873453301652,F1_Frobenius,430,0.23637004310107984,0.3381307616711606,0.08708400239924097,143,1,11
continuous_threshold,P0,rms_distance,0.75,0.021811873453301652,F3_Longitudinal,430,0.25895007804767517,0.3779121093501157,0.09352484464122626,143,1,11
continuous_threshold,P0,rms_distance,0.75,0.021811873453301652,F4_KelvinOp,430,0.24998780256784542,0.3610651725508673,0.09152196651778563,143,1,11
continuous_threshold,P0,rms_distance,0.8,0.026155541100089483,F1_Frobenius,458,0.24971691487664444,0.3559486186107821,0.09538996100484598,115,0,11
continuous_threshold,P0,rms_distance,0.8,0.026155541100089483,F3_Longitudinal,458,0.2703402439320125,0.3939498305359402,0.10015481583837917,115,0,11
continuous_threshold,P0,rms_distance,0.8,0.026155541100089483,F4_KelvinOp,458,0.26177610236274723,0.3767092944241213,0.09630184305210196,115,0,11
continuous_threshold,P0,rms_distance,0.8500000000000001,0.031204100726677578,F1_Frobenius,487,0.251789381210065,0.360674471236732,0.09632411038884393,86,0,14
continuous_threshold,P0,rms_distance,0.8500000000000001,0.031204100726677578,F3_Longitudinal,487,0.27228675856463763,0.3969957586429777,0.1032065324394406,86,0,14
continuous_threshold,P0,rms_distance,0.8500000000000001,0.031204100726677578,F4_KelvinOp,487,0.26390731558566016,0.3805293485917258,0.09720668527494902,86,0,14
continuous_threshold,P0,rms_distance,0.9,0.038655910375988166,F1_Frobenius,515,0.25751611276817965,0.36798066387149486,0.10366284983494135,58,0,20
continuous_threshold,P0,rms_distance,0.9,0.038655910375988166,F3_Longitudinal,515,0.28023691186175076,0.40669748442219206,0.11112364232047264,58,0,20
continuous_threshold,P0,rms_distance,0.9,0.038655910375988166,F4_KelvinOp,515,0.2715094183502073,0.39016967388194823,0.10578875318226419,58,0,20
continuous_threshold,P0,rms_distance,0.95,0.056383866662475614,F1_Frobenius,544,0.25840109963165336,0.3697887239115687,0.10540019326052169,29,0,25
continuous_threshold,P0,rms_distance,0.95,0.056383866662475614,F3_Longitudinal,544,0.2814094502613049,0.4080968699084229,0.11208480424833135,29,0,25
continuous_threshold,P0,rms_distance,0.95,0.056383866662475614,F4_KelvinOp,544,0.2725118323212314,0.39176019379062704,0.10741701817538916,29,0,25
continuous_threshold,P0,rms_distance,1.0,0.1683347207610885,F1_Frobenius,573,0.2453490536947952,0.35033868277455305,0.1050746995817334,0,1,40
continuous_threshold,P0,rms_distance,1.0,0.1683347207610885,F3_Longitudinal,573,0.26857345047318515,0.3882567435586633,0.11016248011534203,0,1,40
continuous_threshold,P0,rms_distance,1.0,0.1683347207610885,F4_KelvinOp,573,0.255259681075164,0.3655405146817598,0.10572407600228573,0,1,40
continuous_threshold,P0,max_distance,0.5,0.012606820985803065,F1_Frobenius,287,0.2108725846146349,0.30739778889697145,0.06238491139352243,286,1,1
continuous_threshold,P0,max_distance,0.5,0.012606820985803065,F3_Longitudinal,287,0.2326071943498346,0.34545691892829383,0.05462548310450031,286,1,1
continuous_threshold,P0,max_distance,0.5,0.012606820985803065,F4_KelvinOp,287,0.2252978873754234,0.33077102306789913,0.05422194211447237,286,1,1
continuous_threshold,P0,max_distance,0.55,0.01488697385669999,F1_Frobenius,315,0.2066204274765939,0.29920211285369236,0.061270918989722305,258,0,1
continuous_threshold,P0,max_distance,0.55,0.01488697385669999,F3_Longitudinal,315,0.23353455797235395,0.34592876570624354,0.05532965291939588,258,0,1
continuous_threshold,P0,max_distance,0.55,0.01488697385669999,F4_KelvinOp,315,0.22275696115503607,0.32573621809478426,0.055911575847324174,258,0,1
continuous_threshold,P0,max_distance,0.6,0.01827317439060748,F1_Frobenius,344,0.197954011889775,0.2846774743304175,0.06305040939136035,229,0,2
continuous_threshold,P0,max_distance,0.6,0.01827317439060748,F3_Longitudinal,344,0.22362012015263574,0.32958412726861197,0.06748607615348978,229,0,2
continuous_threshold,P0,max_distance,0.6,0.01827317439060748,F4_KelvinOp,344,0.21331163603535952,0.30962140013228695,0.0637824836886624,229,0,2
continuous_threshold,P0,max_distance,0.65,0.0224985633185245,F1_Frobenius,372,0.21659770881755805,0.3116008071803084,0.07184989343905036,201,0,4
continuous_threshold,P0,max_distance,0.65,0.0224985633185245,F3_Longitudinal,372,0.2425057751584892,0.35709174161981216,0.07751549848348038,201,0,4
continuous_threshold,P0,max_distance,0.65,0.0224985633185245,F4_KelvinOp,372,0.23401711508001657,0.33874590773022584,0.07312744758752783,201,0,4
continuous_threshold,P0,max_distance,0.7,0.02635434507789016,F1_Frobenius,401,0.23359830419107952,0.3352062788937824,0.08299647421973065,172,0,6
continuous_threshold,P0,max_distance,0.7,0.02635434507789016,F3_Longitudinal,401,0.2562538924103667,0.3751586317785662,0.08860580718201254,172,0,6
continuous_threshold,P0,max_distance,0.7,0.02635434507789016,F4_KelvinOp,401,0.24861124100361603,0.3591815143069369,0.0839845205206212,172,0,6
continuous_threshold,P0,max_distance,0.75,0.03141097422277436,F1_Frobenius,430,0.24714033248429662,0.3548990930218221,0.08873831509520633,143,1,8
continuous_threshold,P0,max_distance,0.75,0.03141097422277436,F3_Longitudinal,430,0.2708666869172582,0.39592836577103613,0.09851152598180235,143,1,8
continuous_threshold,P0,max_distance,0.75,0.03141097422277436,F4_KelvinOp,430,0.2608016827927205,0.3764893915712136,0.0903351791127442,143,1,8
continuous_threshold,P0,max_distance,0.8,0.03595170694783179,F1_Frobenius,458,0.26824909941926484,0.3839409609269199,0.10227729330777365,115,0,10
continuous_threshold,P0,max_distance,0.8,0.03595170694783179,F3_Longitudinal,458,0.2881613133632652,0.4205978561126804,0.10736567448770909,115,0,10
continuous_threshold,P0,max_distance,0.8,0.03595170694783179,F4_KelvinOp,458,0.2805186863263016,0.4040188348612795,0.1039030092718062,115,0,10
continuous_threshold,P0,max_distance,0.8500000000000001,0.04369854099835381,F1_Frobenius,487,0.26160879525779274,0.37428076790021203,0.10281602077387456,86,0,15
continuous_threshold,P0,max_distance,0.8500000000000001,0.04369854099835381,F3_Longitudinal,487,0.282472380598682,0.4109621305717877,0.10819127851958829,86,0,15
continuous_threshold,P0,max_distance,0.8500000000000001,0.04369854099835381,F4_KelvinOp,487,0.2735746216705143,0.39412297001711727,0.10352279671827756,86,0,15
continuous_threshold,P0,max_distance,0.9,0.05774897936352312,F1_Frobenius,515,0.2621770388720052,0.3745216462038735,0.10464259533636587,58,0,19
continuous_threshold,P0,max_distance,0.9,0.05774897936352312,F3_Longitudinal,515,0.2841839818275961,0.4125064220496481,0.11086847221579697,58,0,19
continuous_threshold,P0,max_distance,0.9,0.05774897936352312,F4_KelvinOp,515,0.2759587305317803,0.39634276729587725,0.10604593909042226,58,0,19
continuous_threshold,P0,max_distance,0.95,0.09155352701246121,F1_Frobenius,544,0.25886917400797976,0.37043159624189426,0.10663962257893268,29,0,24
continuous_threshold,P0,max_distance,0.95,0.09155352701246121,F3_Longitudinal,544,0.2827459997669898,0.4100128580186388,0.1130323439176913,29,0,24
continuous_threshold,P0,max_distance,0.95,0.09155352701246121,F4_KelvinOp,544,0.27253306794886967,0.39173042258293395,0.10832245089291326,29,0,24
continuous_threshold,P0,max_distance,1.0,0.29752547126844847,F1_Frobenius,573,0.2453490536947952,0.35033868277455305,0.1050746995817334,0,1,40
continuous_threshold,P0,max_distance,1.0,0.29752547126844847,F3_Longitudinal,573,0.26857345047318515,0.3882567435586633,0.11016248011534203,0,1,40
continuous_threshold,P0,max_distance,1.0,0.29752547126844847,F4_KelvinOp,573,0.255259681075164,0.3655405146817598,0.10572407600228573,0,1,40
continuous_threshold,P0,lattice_distance,0.5,0.0044214256442210815,F1_Frobenius,287,0.2043203333606819,0.28535633913618313,0.07230461929789225,286,1,4
continuous_threshold,P0,lattice_distance,0.5,0.0044214256442210815,F3_Longitudinal,287,0.23484936302740403,0.33982362527359755,0.06658132598567565,286,1,4
continuous_threshold,P0,lattice_distance,0.5,0.0044214256442210815,F4_KelvinOp,287,0.22488638718971177,0.3178680553872318,0.06810469580293695,286,1,4
continuous_threshold,P0,lattice_distance,0.55,0.006168297802995891,F1_Frobenius,315,0.2055507810630315,0.29073797945292723,0.07318952879866958,258,0,4
continuous_threshold,P0,lattice_distance,0.55,0.006168297802995891,F3_Longitudinal,315,0.23801656794073767,0.34697681595196256,0.0684924608025162,258,0,4
continuous_threshold,P0,lattice_distance,0.55,0.006168297802995891,F4_KelvinOp,315,0.22852231940908205,0.3241385168615696,0.07188115933317571,258,0,4
continuous_threshold,P0,lattice_distance,0.6,0.008190839104639764,F1_Frobenius,344,0.2068363463845722,0.291894473278393,0.0725015077238181,229,0,6
continuous_threshold,P0,lattice_distance,0.6,0.008190839104639764,F3_Longitudinal,344,0.23870370263833476,0.34807337385517495,0.07143147615753109,229,0,6
continuous_threshold,P0,lattice_distance,0.6,0.008190839104639764,F4_KelvinOp,344,0.22677074593778127,0.32245971077615915,0.07499314376385341,229,0,6
continuous_threshold,P0,lattice_distance,0.65,0.01092320915032872,F1_Frobenius,372,0.2130197238024949,0.30268179361549846,0.07782289445968864,201,0,7
continuous_threshold,P0,lattice_distance,0.65,0.01092320915032872,F3_Longitudinal,372,0.23989180841040159,0.3499128071448846,0.07577703337804505,201,0,7
continuous_threshold,P0,lattice_distance,0.65,0.01092320915032872,F4_KelvinOp,372,0.2302073823119009,0.32975976086929637,0.07871294536722462,201,0,7
continuous_threshold,P0,lattice_distance,0.7,0.014982562805767083,F1_Frobenius,401,0.21448433234830772,0.30629675055739997,0.07416917714098618,172,0,13
continuous_threshold,P0,lattice_distance,0.7,0.014982562805767083,F3_Longitudinal,401,0.2397330824508018,0.3521970041607875,0.07536846095745997,172,0,13
continuous_threshold,P0,lattice_distance,0.7,0.014982562805767083,F4_KelvinOp,401,0.22825043332572365,0.3287799146108385,0.07448656034429428,172,0,13
continuous_threshold,P0,lattice_distance,0.75,0.020127127135668554,F1_Frobenius,430,0.22533516206833232,0.3220846750624281,0.07758473187619933,143,1,15
continuous_threshold,P0,lattice_distance,0.75,0.020127127135668554,F3_Longitudinal,430,0.24847572358288647,0.364181468575794,0.07671011546821069,143,1,15
continuous_threshold,P0,lattice_distance,0.75,0.020127127135668554,F4_KelvinOp,430,0.239213283968321,0.34331319046434805,0.08233366487241103,143,1,15
continuous_threshold,P0,lattice_distance,0.8,0.02957941995307069,F1_Frobenius,458,0.23504398056618828,0.33532189550974134,0.08549246998725211,115,0,19
continuous_threshold,P0,lattice_distance,0.8,0.02957941995307069,F3_Longitudinal,458,0.25563456047844074,0.37295275698209074,0.08226653834998464,115,0,19
continuous_threshold,P0,lattice_distance,0.8,0.02957941995307069,F4_KelvinOp,458,0.2492056742361111,0.35652949205790957,0.08992771917795284,115,0,19
continuous_threshold,P0,lattice_distance,0.8500000000000001,0.056228243581314626,F1_Frobenius,487,0.2535058920981082,0.3616777984523851,0.09857150351218577,86,0,20
continuous_threshold,P0,lattice_distance,0.8500000000000001,0.056228243581314626,F3_Longitudinal,487,0.27236481505618837,0.396551451031065,0.09621407607258543,86,0,20
continuous_threshold,P0,lattice_distance,0.8500000000000001,0.056228243581314626,F4_KelvinOp,487,0.2667224398244138,0.38140898885311536,0.10248678211146375,86,0,20
continuous_threshold,P0,lattice_distance,0.9,0.14718009108578028,F1_Frobenius,515,0.2477341846293582,0.3526548151662321,0.09843378396687318,58,0,26
continuous_threshold,P0,lattice_distance,0.9,0.14718009108578028,F3_Longitudinal,515,0.268369221387345,0.3898462070616534,0.097667698680868,58,0,26
continuous_threshold,P0,lattice_distance,0.9,0.14718009108578028,F4_KelvinOp,515,0.259491112414251,0.36977171146121063,0.10288132964133567,58,0,26
continuous_threshold,P0,lattice_distance,0.95,0.5179416024677629,F1_Frobenius,544,0.24553527598762487,0.34966686822138976,0.10003055523309841,29,0,31
continuous_threshold,P0,lattice_distance,0.95,0.5179416024677629,F3_Longitudinal,544,0.26704558148611957,0.3863993110480921,0.10100322565718757,29,0,31
continuous_threshold,P0,lattice_distance,0.95,0.5179416024677629,F4_KelvinOp,544,0.2560305514214348,0.3656225998292243,0.10207218523088799,29,0,31
continuous_threshold,P0,lattice_distance,1.0,1.8969455919051772,F1_Frobenius,573,0.2453490536947952,0.35033868277455305,0.1050746995817334,0,1,40
continuous_threshold,P0,lattice_distance,1.0,1.8969455919051772,F3_Longitudinal,573,0.26857345047318515,0.3882567435586633,0.11016248011534203,0,1,40
continuous_threshold,P0,lattice_distance,1.0,1.8969455919051772,F4_KelvinOp,573,0.255259681075164,0.3655405146817598,0.10572407600228573,0,1,40
continuous_threshold,P2,rms_distance,0.5,0.0027079200585092434,F1_Frobenius,104,0.09653627154387155,0.13114832803932291,-0.02418620386736506,103,1,0
continuous_threshold,P2,rms_distance,0.5,0.0027079200585092434,F3_Longitudinal,104,0.11967103890379152,0.18098932019730457,-0.03012936273888876,103,1,0
continuous_threshold,P2,rms_distance,0.5,0.0027079200585092434,F4_KelvinOp,104,0.08832041864652078,0.11803616247818174,-0.03414882470415611,103,1,0
continuous_threshold,P2,rms_distance,0.55,0.0031080704961499845,F1_Frobenius,114,0.11055042343693973,0.15171047915318195,-0.016582302741097375,93,0,0
continuous_threshold,P2,rms_distance,0.55,0.0031080704961499845,F3_Longitudinal,114,0.1270608391164664,0.19021656704026668,-0.028255086203298408,93,0,0
continuous_threshold,P2,rms_distance,0.55,0.0031080704961499845,F4_KelvinOp,114,0.1062029348748129,0.1433185705407255,-0.027027698185480183,93,0,0
continuous_threshold,P2,rms_distance,0.6,0.003325630010247672,F1_Frobenius,124,0.13325463993503123,0.17995993686853215,-0.0075600076935915675,83,0,0
continuous_threshold,P2,rms_distance,0.6,0.003325630010247672,F3_Longitudinal,124,0.14033269015684416,0.21155374725216827,-0.02258419219251995,83,0,0
continuous_threshold,P2,rms_distance,0.6,0.003325630010247672,F4_KelvinOp,124,0.12853301883497104,0.17407477926746617,-0.018386048850219897,83,0,0
continuous_threshold,P2,rms_distance,0.65,0.003818266482834177,F1_Frobenius,134,0.1529827714401867,0.20740735198965735,-0.0005233448106159781,73,0,0
continuous_threshold,P2,rms_distance,0.65,0.003818266482834177,F3_Longitudinal,134,0.16116550658269505,0.24176827604475534,-0.009271819306409699,73,0,0
continuous_threshold,P2,rms_distance,0.65,0.003818266482834177,F4_KelvinOp,134,0.15253381246310618,0.20816048140447388,-0.004221564511745441,73,0,0
continuous_threshold,P2,rms_distance,0.7,0.003966522493135757,F1_Frobenius,145,0.16036786913065948,0.21580917122069346,0.015691013675313916,62,0,0
continuous_threshold,P2,rms_distance,0.7,0.003966522493135757,F3_Longitudinal,145,0.17235284586854813,0.2545222288497575,0.003449666846683191,62,0,0
continuous_threshold,P2,rms_distance,0.7,0.003966522493135757,F4_KelvinOp,145,0.16209225482023648,0.22459915150917675,0.010515410279323463,62,0,0
continuous_threshold,P2,rms_distance,0.75,0.004350897834876816,F1_Frobenius,155,0.17991368851422837,0.24114331106798872,0.025669145178904305,52,0,0
continuous_threshold,P2,rms_distance,0.75,0.004350897834876816,F3_Longitudinal,155,0.19477829949809616,0.2824622609613377,0.014994417128242475,52,0,0
continuous_threshold,P2,rms_distance,0.75,0.004350897834876816,F4_KelvinOp,155,0.18846105517862113,0.2592574987694569,0.02200573782218948,52,0,0
continuous_threshold,P2,rms_distance,0.8,0.004992060232205001,F1_Frobenius,165,0.19543925799651182,0.26366360630386754,0.037517380563260344,42,0,0
continuous_threshold,P2,rms_distance,0.8,0.004992060232205001,F3_Longitudinal,165,0.20916659975554322,0.3026546421373862,0.028768718202744736,42,0,0
continuous_threshold,P2,rms_distance,0.8,0.004992060232205001,F4_KelvinOp,165,0.2040137488919715,0.2809825841823033,0.03299182536837375,42,0,0
continuous_threshold,P2,rms_distance,0.8500000000000001,0.0054701198633676585,F1_Frobenius,176,0.1974218269053873,0.2648078331628727,0.04730241456932418,31,0,0
continuous_threshold,P2,rms_distance,0.8500000000000001,0.0054701198633676585,F3_Longitudinal,176,0.21312458807229462,0.3066010958116658,0.03338965552971287,31,0,0
continuous_threshold,P2,rms_distance,0.8500000000000001,0.0054701198633676585,F4_KelvinOp,176,0.20664350434636258,0.28247900475296717,0.037154010949540316,31,0,0
continuous_threshold,P2,rms_distance,0.9,0.006068550296699624,F1_Frobenius,186,0.20519676800558043,0.27945447916579247,0.05298420536353525,21,0,0
continuous_threshold,P2,rms_distance,0.9,0.006068550296699624,F3_Longitudinal,186,0.2206052142126103,0.3203697002773347,0.0350747014643085,21,0,0
continuous_threshold,P2,rms_distance,0.9,0.006068550296699624,F4_KelvinOp,186,0.2186827878858339,0.30342498389191774,0.04147586415204152,21,0,0
continuous_threshold,P2,rms_distance,0.95,0.00663123249836644,F1_Frobenius,196,0.21085409252669038,0.28948081422405825,0.05993230158020913,11,0,0
continuous_threshold,P2,rms_distance,0.95,0.00663123249836644,F3_Longitudinal,196,0.22064434226508967,0.3202646217451839,0.03936192796619527,11,0,0
continuous_threshold,P2,rms_distance,0.95,0.00663123249836644,F4_KelvinOp,196,0.22236759472472262,0.3105384703654828,0.04702967818431502,11,0,0
continuous_threshold,P2,rms_distance,1.0,0.007758662362214258,F1_Frobenius,207,0.191753834607627,0.2669622405892357,0.060232288789580576,0,1,0
continuous_threshold,P2,rms_distance,1.0,0.007758662362214258,F3_Longitudinal,207,0.21515646248778617,0.3138496663955457,0.043279956848819176,0,1,0
continuous_threshold,P2,rms_distance,1.0,0.007758662362214258,F4_KelvinOp,207,0.2051690979877105,0.28950708065055125,0.04593413088143092,0,1,0
continuous_threshold,P2,max_distance,0.5,0.004186554019297622,F1_Frobenius,104,0.07039492141593728,0.09675156500505185,-0.027453224394127854,103,1,0
continuous_threshold,P2,max_distance,0.5,0.004186554019297622,F3_Longitudinal,104,0.09798066310247931,0.15066527315230885,-0.04096183429671249,103,1,0
continuous_threshold,P2,max_distance,0.5,0.004186554019297622,F4_KelvinOp,104,0.06516665139035042,0.09003011317143189,-0.03850562315951633,103,1,0
continuous_threshold,P2,max_distance,0.55,0.004482602443231403,F1_Frobenius,114,0.10061330672350693,0.13909021504294342,-0.016505323238592256,93,0,0
continuous_threshold,P2,max_distance,0.55,0.004482602443231403,F3_Longitudinal,114,0.11835165063357518,0.17696297659401983,-0.034206454300889644,93,0,0
continuous_threshold,P2,max_distance,0.55,0.004482602443231403,F4_KelvinOp,114,0.09906063223703308,0.1327071803068279,-0.026139093947490644,93,0,0
continuous_threshold,P2,max_distance,0.6,0.005100977572115129,F1_Frobenius,124,0.1317946367006001,0.18514899315364097,-0.007531484053924382,83,0,0
continuous_threshold,P2,max_distance,0.6,0.005100977572115129,F3_Longitudinal,124,0.15235010542310717,0.2260603554800325,-0.021894912466545888,83,0,0
continuous_threshold,P2,max_distance,0.6,0.005100977572115129,F4_KelvinOp,124,0.13441741554041303,0.18754081438388975,-0.016594462150674734,83,0,0
continuous_threshold,P2,max_distance,0.65,0.005413614921076308,F1_Frobenius,134,0.1431056739444153,0.19637475420439787,0.0036152798955350705,73,0,0
continuous_threshold,P2,max_distance,0.65,0.005413614921076308,F3_Longitudinal,134,0.15306786773136635,0.22635424835597456,-0.013170659233214208,73,0,0
continuous_threshold,P2,max_distance,0.65,0.005413614921076308,F4_KelvinOp,134,0.14175879701317373,0.19637974181641654,-0.0026837278087660362,73,0,0
continuous_threshold,P2,max_distance,0.7,0.006124940343540855,F1_Frobenius,145,0.16362504209986048,0.22475660749284865,0.020326021543904726,62,0,0
continuous_threshold,P2,max_distance,0.7,0.006124940343540855,F3_Longitudinal,145,0.18270013819359512,0.2668072225157359,0.006869091155428193,62,0,0
continuous_threshold,P2,max_distance,0.7,0.006124940343540855,F4_KelvinOp,145,0.1730133641875574,0.24099031940942056,0.017500311313103336,62,0,0
continuous_threshold,P2,max_distance,0.75,0.006761985011874953,F1_Frobenius,155,0.18058407021339645,0.24491374330615237,0.027549037168359398,52,0,0
continuous_threshold,P2,max_distance,0.75,0.006761985011874953,F3_Longitudinal,155,0.19746489673255266,0.287209769609269,0.016285538621927272,52,0,0
continuous_threshold,P2,max_distance,0.75,0.006761985011874953,F4_KelvinOp,155,0.19097498655050138,0.2644619842947854,0.02306323952241491,52,0,0
continuous_threshold,P2,max_distance,0.8,0.007239686795840717,F1_Frobenius,165,0.18050781695441825,0.24604542658640904,0.030621262561898583,42,0,0
continuous_threshold,P2,max_distance,0.8,0.007239686795840717,F3_Longitudinal,165,0.19421026235709377,0.28256850513536586,0.01697978476350275,42,0,0
continuous_threshold,P2,max_distance,0.8,0.007239686795840717,F4_KelvinOp,165,0.1944044056470598,0.26994417347835503,0.025316722660941343,42,0,0
continuous_threshold,P2,max_distance,0.8500000000000001,0.0076154839429317545,F1_Frobenius,176,0.19170698454759977,0.26157208051745184,0.045603335608525544,31,0,0
continuous_threshold,P2,max_distance,0.8500000000000001,0.0076154839429317545,F3_Longitudinal,176,0.2050600629209475,0.2984856635784762,0.027515047897532726,31,0,0
continuous_threshold,P2,max_distance,0.8500000000000001,0.0076154839429317545,F4_KelvinOp,176,0.20430561429090408,0.2844248587247713,0.03508628032699045,31,0,0
continuous_threshold,P2,max_distance,0.9,0.00864184203369633,F1_Frobenius,186,0.20333662733244204,0.27717370526918444,0.0503237665038771,21,0,0
continuous_threshold,P2,max_distance,0.9,0.00864184203369633,F3_Longitudinal,186,0.21751422861371478,0.3165623883056187,0.03237927583549859,21,0,0
continuous_threshold,P2,max_distance,0.9,0.00864184203369633,F4_KelvinOp,186,0.21659012962855317,0.3013698630136986,0.03979810476956987,21,0,0
continuous_threshold,P2,max_distance,0.95,0.011205012636869936,F1_Frobenius,196,0.19473518944944526,0.270809825259306,0.05201653813439992,11,0,0
continuous_threshold,P2,max_distance,0.95,0.011205012636869936,F3_Longitudinal,196,0.2126780857272527,0.3126600892807433,0.03344648833922398,11,0,0
continuous_threshold,P2,max_distance,0.95,0.011205012636869936,F4_KelvinOp,196,0.20645802805107805,0.2913797884751468,0.03723223477142417,11,0,0
continuous_threshold,P2,max_distance,1.0,0.018881218774078258,F1_Frobenius,207,0.191753834607627,0.2669622405892357,0.060232288789580576,0,1,0
continuous_threshold,P2,max_distance,1.0,0.018881218774078258,F3_Longitudinal,207,0.21515646248778617,0.3138496663955457,0.043279956848819176,0,1,0
continuous_threshold,P2,max_distance,1.0,0.018881218774078258,F4_KelvinOp,207,0.2051690979877105,0.28950708065055125,0.04593413088143092,0,1,0
continuous_threshold,P2,lattice_distance,0.5,0.0008110877009157266,F1_Frobenius,104,0.1572068707991038,0.2215512642697109,0.039190309463508086,103,1,0
continuous_threshold,P2,lattice_distance,0.5,0.0008110877009157266,F3_Longitudinal,104,0.16749136474826454,0.23860620560792656,0.03833580622169539,103,1,0
continuous_threshold,P2,lattice_distance,0.5,0.0008110877009157266,F4_KelvinOp,104,0.18147871545929797,0.25761229062199936,0.02921311991656195,103,1,0
continuous_threshold,P2,lattice_distance,0.55,0.0009584155148950425,F1_Frobenius,114,0.15385809656885577,0.2155930418582046,0.04248660275434715,93,0,0
continuous_threshold,P2,lattice_distance,0.55,0.0009584155148950425,F3_Longitudinal,114,0.17051013740020712,0.24303876421902,0.03596560222585234,93,0,0
continuous_threshold,P2,lattice_distance,0.55,0.0009584155148950425,F4_KelvinOp,114,0.17310976556435337,0.2428909904619186,0.026482294745231377,93,0,0
continuous_threshold,P2,lattice_distance,0.6,0.001128575991256116,F1_Frobenius,124,0.16129032258064516,0.21905271439811178,0.04447757953458622,83,0,0
continuous_threshold,P2,lattice_distance,0.6,0.001128575991256116,F3_Longitudinal,124,0.19465783534986866,0.2747185136314203,0.040703249314023825,83,0,0
continuous_threshold,P2,lattice_distance,0.6,0.001128575991256116,F4_KelvinOp,124,0.18332022029897715,0.24941620771046424,0.03368277910793398,83,0,0
continuous_threshold,P2,lattice_distance,0.65,0.0013159434968296722,F1_Frobenius,134,0.16866793850297385,0.23032955523136198,0.0499869762996459,73,0,0
continuous_threshold,P2,lattice_distance,0.65,0.0013159434968296722,F3_Longitudinal,134,0.20493244977741565,0.2934780176097156,0.03959677949047291,73,0,0
continuous_threshold,P2,lattice_distance,0.65,0.0013159434968296722,F4_KelvinOp,134,0.1908876669285153,0.2589433783463634,0.03662468561465863,73,0,0
continuous_threshold,P2,lattice_distance,0.7,0.001593334474409963,F1_Frobenius,145,0.16839080459770114,0.23210911667453946,0.04627456402569096,62,0,0
continuous_threshold,P2,lattice_distance,0.7,0.001593334474409963,F3_Longitudinal,145,0.21273757909498991,0.3045953265873913,0.0369472837829156,62,0,0
continuous_threshold,P2,lattice_distance,0.7,0.001593334474409963,F4_KelvinOp,145,0.19157088122605365,0.2643008974964573,0.03455835984183993,62,0,0
continuous_threshold,P2,lattice_distance,0.75,0.0019063636298329036,F1_Frobenius,155,0.17637201508169248,0.2420192710515291,0.0461128635365856,52,0,0
continuous_threshold,P2,lattice_distance,0.75,0.0019063636298329036,F3_Longitudinal,155,0.21977032705925142,0.312704655322665,0.04120519325156386,52,0,0
continuous_threshold,P2,lattice_distance,0.75,0.0019063636298329036,F4_KelvinOp,155,0.19748638458315879,0.27190873642486546,0.03640581282514583,52,0,0
continuous_threshold,P2,lattice_distance,0.8,0.0020337495755212687,F1_Frobenius,165,0.1685945527593523,0.2332342005945813,0.04755889270462367,42,0,0
continuous_threshold,P2,lattice_distance,0.8,0.0020337495755212687,F3_Longitudinal,165,0.20715704012870534,0.2975222408023459,0.04178888967753083,42,0,0
continuous_threshold,P2,lattice_distance,0.8,0.0020337495755212687,F4_KelvinOp,165,0.1872205182549055,0.2608983122501532,0.036924371060808425,42,0,0
continuous_threshold,P2,lattice_distance,0.8500000000000001,0.002365856305273569,F1_Frobenius,176,0.1742434082348357,0.23894725720285537,0.05061531244902598,31,0,0
continuous_threshold,P2,lattice_distance,0.8500000000000001,0.002365856305273569,F3_Longitudinal,176,0.20318609494098636,0.2919954922947669,0.035993421232078916,31,0,0
continuous_threshold,P2,lattice_distance,0.8500000000000001,0.002365856305273569,F4_KelvinOp,176,0.19359657098324456,0.2672248893349974,0.04083213900190563,31,0,0
continuous_threshold,P2,lattice_distance,0.9,0.0026913689705555196,F1_Frobenius,186,0.17264430622565832,0.24137972833987445,0.04865741538928815,21,0,0
continuous_threshold,P2,lattice_distance,0.9,0.0026913689705555196,F3_Longitudinal,186,0.2051790476687608,0.29888761804475106,0.03778540017611438,21,0,0
continuous_threshold,P2,lattice_distance,0.9,0.0026913689705555196,F4_KelvinOp,186,0.1907806777887578,0.26887489591521413,0.03722292062590722,21,0,0
continuous_threshold,P2,lattice_distance,0.95,0.0029337816612436812,F1_Frobenius,196,0.1924324890098388,0.26525235718247364,0.05740557467496336,11,0,0
continuous_threshold,P2,lattice_distance,0.95,0.0029337816612436812,F3_Longitudinal,196,0.2176522955466259,0.31613823884051373,0.042874409552085525,11,0,0
continuous_threshold,P2,lattice_distance,0.95,0.0029337816612436812,F4_KelvinOp,196,0.2074000418672807,0.29042512160447786,0.04480326415706817,11,0,0
continuous_threshold,P2,lattice_distance,1.0,0.003534775127518393,F1_Frobenius,207,0.191753834607627,0.2669622405892357,0.060232288789580576,0,1,0
continuous_threshold,P2,lattice_distance,1.0,0.003534775127518393,F3_Longitudinal,207,0.21515646248778617,0.3138496663955457,0.043279956848819176,0,1,0
continuous_threshold,P2,lattice_distance,1.0,0.003534775127518393,F4_KelvinOp,207,0.2051690979877105,0.28950708065055125,0.04593413088143092,0,1,0
