panel,metric,strategy,budget_factor,target_k,budget,holdout_n,disagreement_lambda,worst_source_recall,worst_source_ndcg,worst_source_normalized_utility,minimax_recall_regret,minimax_ndcg_regret,portfolio_size,portfolio_coverage,worst_source_recall_ci95_low,worst_source_recall_ci95_high,worst_source_ndcg_ci95_low,worst_source_ndcg_ci95_high,worst_source_normalized_utility_ci95_low,worst_source_normalized_utility_ci95_high,minimax_recall_regret_ci95_low,minimax_recall_regret_ci95_high,minimax_ndcg_regret_ci95_low,minimax_ndcg_regret_ci95_high,portfolio_coverage_ci95_low,portfolio_coverage_ci95_high,pareto_efficient
P0,F1_Frobenius,jarvis_only,1.0,11,11,113,,0.09090909090909091,0.5694387565375718,0.09090909090909091,0.9090909090909091,0.4305612434624282,11,0.09734513274336283,0.0,0.36363636363636365,0.38288097250418246,0.8171496109890719,0.0,0.36363636363636365,0.6363636363636364,1.0,0.18285038901092807,0.6171190274958175,0.09482758620689655,0.0990990990990991,False
P0,F1_Frobenius,mp_only,1.0,11,11,113,,0.09090909090909091,0.6702016481679445,0.09090909090909091,0.9090909090909091,0.3297983518320555,11,0.09734513274336283,0.0,0.36363636363636365,0.545461700953535,0.8311175180984287,0.0,0.36363636363636365,0.6363636363636364,1.0,0.16888248190157126,0.45453829904646503,0.09482758620689655,0.0990990990990991,False
P0,F1_Frobenius,average_percentile,1.0,11,11,113,,0.2727272727272727,0.8975437925220405,0.2727272727272727,0.7272727272727273,0.10245620747795947,11,0.09734513274336283,0.09090909090909091,0.5454545454545454,0.8331285304187749,0.9377749197207533,0.09090909090909091,0.5454545454545454,0.4545454545454546,0.9090909090909091,0.06222508027924668,0.16687146958122506,0.09482758620689655,0.0990990990990991,False
P0,F1_Frobenius,borda_count,1.0,11,11,113,,0.2727272727272727,0.8975437925220405,0.2727272727272727,0.7272727272727273,0.10245620747795947,11,0.09734513274336283,0.09090909090909091,0.5454545454545454,0.8331961477362767,0.9377749197207533,0.09090909090909091,0.5454545454545454,0.4545454545454546,0.9090909090909091,0.06222508027924668,0.16680385226372324,0.09482758620689655,0.0990990990990991,False
P0,F1_Frobenius,maximin_percentile,1.0,11,11,113,,0.2727272727272727,0.8922648500819483,0.2727272727272727,0.7272727272727273,0.10773514991805166,11,0.09734513274336283,0.0,0.5454545454545454,0.8282129654703236,0.9350658476314344,0.0,0.5454545454545454,0.4545454545454546,1.0,0.06493415236856562,0.17178703452967628,0.09482758620689655,0.0990990990990991,False
P0,F1_Frobenius,intersection_first,1.0,11,11,113,,0.2727272727272727,0.8975437925220405,0.2727272727272727,0.7272727272727273,0.10245620747795947,11,0.09734513274336283,0.09090909090909091,0.5454545454545454,0.8331285304187749,0.9377749197207533,0.09090909090909091,0.5454545454545454,0.4545454545454546,0.9090909090909091,0.06222508027924668,0.16687146958122506,0.09482758620689655,0.0990990990990991,False
P0,F1_Frobenius,balanced_union,1.0,11,11,113,,0.45454545454545453,0.8936588660907371,0.45454545454545453,0.5454545454545454,0.10634113390926292,11,0.09734513274336283,0.2727272727272727,0.6363636363636364,0.8069184585888064,0.9362093060898448,0.2727272727272727,0.6363636363636364,0.36363636363636365,0.7272727272727273,0.0637906939101552,0.19308154141119363,0.09482758620689655,0.0990990990990991,True
P0,F1_Frobenius,disagreement_abstention,1.0,11,11,113,0.0,0.2727272727272727,0.8975437925220405,0.2727272727272727,0.7272727272727273,0.10245620747795947,11,0.09734513274336283,0.09090909090909091,0.5454545454545454,0.8331285304187749,0.9377749197207533,0.09090909090909091,0.5454545454545454,0.4545454545454546,0.9090909090909091,0.06222508027924668,0.16687146958122506,0.09482758620689655,0.0990990990990991,False
P0,F1_Frobenius,minimax_oracle,1.0,11,11,113,,0.45454545454545453,0.8962806401805531,0.45454545454545453,0.5454545454545454,0.10371935981944691,11,0.09734513274336283,0.2727272727272727,0.6363636363636364,0.8287232965361769,0.9353939033103467,0.2727272727272727,0.6363636363636364,0.36363636363636365,0.7272727272727273,0.06460609668965335,0.17127670346382304,0.09482758620689655,0.0990990990990991,True
P0,F1_Frobenius,jarvis_only,1.5,11,16,113,,0.18181818181818182,0.700258588265844,0.18181818181818182,0.8181818181818181,0.299741411734156,16,0.1415929203539823,0.0,0.45454545454545453,0.4809442621239164,0.8336502119381413,0.0,0.45454545454545453,0.5454545454545454,1.0,0.16634978806185874,0.5190557378760835,0.13793103448275862,0.14414414414414414,False
P0,F1_Frobenius,mp_only,1.5,11,16,113,,0.18181818181818182,0.7439532759424727,0.18181818181818182,0.8181818181818181,0.25604672405752726,16,0.1415929203539823,0.0,0.45454545454545453,0.6058561415338801,0.8356665612886213,0.0,0.45454545454545453,0.5454545454545454,1.0,0.1643334387113787,0.3941438584661198,0.13793103448275862,0.14414414414414414,False
P0,F1_Frobenius,average_percentile,1.5,11,16,113,,0.45454545454545453,0.9110084090472644,0.45454545454545453,0.5454545454545454,0.08899159095273557,16,0.1415929203539823,0.18181818181818182,0.7272727272727273,0.8449361427950081,0.9384716599103,0.18181818181818182,0.7272727272727273,0.2727272727272727,0.8181818181818181,0.06152834008969996,0.15506385720499188,0.13793103448275862,0.14414414414414414,False
P0,F1_Frobenius,borda_count,1.5,11,16,113,,0.45454545454545453,0.9110084090472644,0.45454545454545453,0.5454545454545454,0.08899159095273557,16,0.1415929203539823,0.18181818181818182,0.7272727272727273,0.8449361427950081,0.9384716599103,0.18181818181818182,0.7272727272727273,0.2727272727272727,0.8181818181818181,0.06152834008969996,0.15506385720499188,0.13793103448275862,0.14414414414414414,False
P0,F1_Frobenius,maximin_percentile,1.5,11,16,113,,0.2727272727272727,0.8999332796976732,0.2727272727272727,0.7272727272727273,0.10006672030232677,16,0.1415929203539823,0.09090909090909091,0.6363636363636364,0.8301325235089829,0.9332103002695183,0.09090909090909091,0.6363636363636364,0.36363636363636365,0.9090909090909091,0.06678969973048161,0.16986747649101708,0.13793103448275862,0.14414414414414414,False
P0,F1_Frobenius,intersection_first,1.5,11,16,113,,0.45454545454545453,0.9110084090472644,0.45454545454545453,0.5454545454545454,0.08899159095273557,16,0.1415929203539823,0.18181818181818182,0.7272727272727273,0.8449361427950081,0.9384716599103,0.18181818181818182,0.7272727272727273,0.2727272727272727,0.8181818181818181,0.06152834008969996,0.15506385720499188,0.13793103448275862,0.14414414414414414,False
P0,F1_Frobenius,balanced_union,1.5,11,16,113,,0.7272727272727273,0.8524556599994412,0.7272727272727273,0.2727272727272727,0.14754434000055883,16,0.1415929203539823,0.5454545454545454,0.8181818181818182,0.7819166660615903,0.92256602609072,0.5454545454545454,0.8181818181818182,0.18181818181818177,0.4545454545454546,0.07743397390928002,0.21808333393840956,0.13793103448275862,0.14414414414414414,True
P0,F1_Frobenius,disagreement_abstention,1.5,11,16,113,0.0,0.45454545454545453,0.9110084090472644,0.45454545454545453,0.5454545454545454,0.08899159095273557,16,0.1415929203539823,0.18181818181818182,0.7272727272727273,0.8449361427950081,0.9384716599103,0.18181818181818182,0.7272727272727273,0.2727272727272727,0.8181818181818181,0.06152834008969996,0.15506385720499188,0.13793103448275862,0.14414414414414414,False
P0,F1_Frobenius,minimax_oracle,1.5,11,16,113,,0.5454545454545454,0.8944216038536723,0.5454545454545454,0.4545454545454546,0.10557839614632769,16,0.1415929203539823,0.45454545454545453,0.8181818181818182,0.8283383100528862,0.9352897979974978,0.45454545454545453,0.8181818181818182,0.18181818181818177,0.5454545454545454,0.06471020200250222,0.17166168994711378,0.13793103448275862,0.14414414414414414,False
P0,F1_Frobenius,jarvis_only,2.0,11,22,113,,0.2727272727272727,0.7367116070966356,0.2727272727272727,0.7272727272727273,0.26328839290336437,22,0.19469026548672566,0.09090909090909091,0.6363636363636364,0.6080090905753942,0.8486359110469259,0.09090909090909091,0.6363636363636364,0.36363636363636365,0.9090909090909091,0.15136408895307407,0.39199090942460574,0.1896551724137931,0.1981981981981982,False
P0,F1_Frobenius,mp_only,2.0,11,22,113,,0.18181818181818182,0.7317217744070462,0.18181818181818182,0.8181818181818181,0.2682782255929538,22,0.19469026548672566,0.0,0.6363636363636364,0.6339325269102303,0.8366609760768586,0.0,0.6363636363636364,0.36363636363636365,1.0,0.1633390239231413,0.3660674730897697,0.1896551724137931,0.1981981981981982,False
P0,F1_Frobenius,average_percentile,2.0,11,22,113,,0.45454545454545453,0.9125985334945766,0.45454545454545453,0.5454545454545454,0.08740146650542335,22,0.19469026548672566,0.18181818181818182,0.8181818181818182,0.8449777255273073,0.9372598317466323,0.18181818181818182,0.8181818181818182,0.18181818181818177,0.8181818181818181,0.06274016825336767,0.15502227447269265,0.1896551724137931,0.1981981981981982,False
P0,F1_Frobenius,borda_count,2.0,11,22,113,,0.45454545454545453,0.9125985334945766,0.45454545454545453,0.5454545454545454,0.08740146650542335,22,0.19469026548672566,0.18181818181818182,0.8181818181818182,0.845219754113796,0.9372598317466323,0.18181818181818182,0.8181818181818182,0.18181818181818177,0.8181818181818181,0.06274016825336767,0.1547802458862039,0.1896551724137931,0.1981981981981982,False
P0,F1_Frobenius,maximin_percentile,2.0,11,22,113,,0.36363636363636365,0.8981491048252945,0.36363636363636365,0.6363636363636364,0.10185089517470547,22,0.19469026548672566,0.18181818181818182,0.7272727272727273,0.8360517473890613,0.9320256436216053,0.18181818181818182,0.7272727272727273,0.2727272727272727,0.8181818181818181,0.06797435637839462,0.1639482526109387,0.1896551724137931,0.1981981981981982,False
P0,F1_Frobenius,intersection_first,2.0,11,22,113,,0.45454545454545453,0.9125985334945766,0.45454545454545453,0.5454545454545454,0.08740146650542335,22,0.19469026548672566,0.18181818181818182,0.8181818181818182,0.8449777255273073,0.9372598317466323,0.18181818181818182,0.8181818181818182,0.18181818181818177,0.8181818181818181,0.06274016825336767,0.15502227447269265,0.1896551724137931,0.1981981981981982,False
P0,F1_Frobenius,balanced_union,2.0,11,22,113,,1.0,0.8215612162308429,1.0,0.0,0.17843878376915712,22,0.19469026548672566,1.0,1.0,0.7674664843355614,0.9107220571208944,1.0,1.0,0.0,0.0,0.0892779428791056,0.23253351566443858,0.1896551724137931,0.1981981981981982,True
P0,F1_Frobenius,disagreement_abstention,2.0,11,22,113,0.0,0.45454545454545453,0.9125985334945766,0.45454545454545453,0.5454545454545454,0.08740146650542335,22,0.19469026548672566,0.18181818181818182,0.8181818181818182,0.8449777255273073,0.9372598317466323,0.18181818181818182,0.8181818181818182,0.18181818181818177,0.8181818181818181,0.06274016825336767,0.15502227447269265,0.1896551724137931,0.1981981981981982,False
P0,F1_Frobenius,minimax_oracle,2.0,11,22,113,,0.7272727272727273,0.8771652986731516,0.7272727272727273,0.2727272727272727,0.12283470132684837,22,0.19469026548672566,0.5454545454545454,0.9090909090909091,0.831323053285754,0.9322794694069607,0.5454545454545454,0.9090909090909091,0.09090909090909094,0.4545454545454546,0.06772053059303931,0.16867694671424607,0.1896551724137931,0.1981981981981982,False
P0,F3_Longitudinal,jarvis_only,1.0,11,11,113,,0.09090909090909091,0.6037624498519393,0.09090909090909091,0.9090909090909091,0.3962375501480607,11,0.09734513274336283,0.0,0.36363636363636365,0.421998861549688,0.8069380661426222,0.0,0.36363636363636365,0.6363636363636364,1.0,0.19306193385737783,0.5780011384503119,0.09482758620689655,0.0990990990990991,False
P0,F3_Longitudinal,mp_only,1.0,11,11,113,,0.09090909090909091,0.6883453649170518,0.09090909090909091,0.9090909090909091,0.3116546350829482,11,0.09734513274336283,0.0,0.36363636363636365,0.5351426237209721,0.8345441618673576,0.0,0.36363636363636365,0.6363636363636364,1.0,0.16545583813264245,0.46485737627902785,0.09482758620689655,0.0990990990990991,False
P0,F3_Longitudinal,average_percentile,1.0,11,11,113,,0.36363636363636365,0.9047005745945694,0.36363636363636365,0.6363636363636364,0.09529942540543057,11,0.09734513274336283,0.09090909090909091,0.5454545454545454,0.8263812415977255,0.9336488512852947,0.09090909090909091,0.5454545454545454,0.4545454545454546,0.9090909090909091,0.06635114871470521,0.17361875840227445,0.09482758620689655,0.0990990990990991,False
P0,F3_Longitudinal,borda_count,1.0,11,11,113,,0.36363636363636365,0.9047005745945694,0.36363636363636365,0.6363636363636364,0.09529942540543057,11,0.09734513274336283,0.09090909090909091,0.5454545454545454,0.8266716871359995,0.9336488512852947,0.09090909090909091,0.5454545454545454,0.4545454545454546,0.9090909090909091,0.06635114871470521,0.17332831286400047,0.09482758620689655,0.0990990990990991,False
P0,F3_Longitudinal,maximin_percentile,1.0,11,11,113,,0.2727272727272727,0.8987968130163511,0.2727272727272727,0.7272727272727273,0.10120318698364894,11,0.09734513274336283,0.0,0.45454545454545453,0.8255871264687468,0.9323410420799035,0.0,0.45454545454545453,0.5454545454545454,1.0,0.06765895792009644,0.17441287353125323,0.09482758620689655,0.0990990990990991,False
P0,F3_Longitudinal,intersection_first,1.0,11,11,113,,0.36363636363636365,0.9047005745945694,0.36363636363636365,0.6363636363636364,0.09529942540543057,11,0.09734513274336283,0.09090909090909091,0.5454545454545454,0.8263812415977255,0.9336488512852947,0.09090909090909091,0.5454545454545454,0.4545454545454546,0.9090909090909091,0.06635114871470521,0.17361875840227445,0.09482758620689655,0.0990990990990991,False
P0,F3_Longitudinal,balanced_union,1.0,11,11,113,,0.45454545454545453,0.8871365162466922,0.45454545454545453,0.5454545454545454,0.11286348375330779,11,0.09734513274336283,0.2727272727272727,0.6363636363636364,0.8013753076532941,0.9304889578236502,0.2727272727272727,0.6363636363636364,0.36363636363636365,0.7272727272727273,0.06951104217634985,0.1986246923467059,0.09482758620689655,0.0990990990990991,True
P0,F3_Longitudinal,disagreement_abstention,1.0,11,11,113,0.0,0.36363636363636365,0.9047005745945694,0.36363636363636365,0.6363636363636364,0.09529942540543057,11,0.09734513274336283,0.09090909090909091,0.5454545454545454,0.8263812415977255,0.9336488512852947,0.09090909090909091,0.5454545454545454,0.4545454545454546,0.9090909090909091,0.06635114871470521,0.17361875840227445,0.09482758620689655,0.0990990990990991,False
P0,F3_Longitudinal,minimax_oracle,1.0,11,11,113,,0.36363636363636365,0.9047005745945694,0.36363636363636365,0.6363636363636364,0.09529942540543057,11,0.09734513274336283,0.2727272727272727,0.6363636363636364,0.8397812674011002,0.9308187578267905,0.2727272727272727,0.6363636363636364,0.36363636363636365,0.7272727272727273,0.0691812421732095,0.16021873259889982,0.09482758620689655,0.0990990990990991,False
P0,F3_Longitudinal,jarvis_only,1.5,11,16,113,,0.2727272727272727,0.6960640963179244,0.2727272727272727,0.7272727272727273,0.30393590368207557,16,0.1415929203539823,0.0,0.45454545454545453,0.5057300766336225,0.8283926440604673,0.0,0.45454545454545453,0.5454545454545454,1.0,0.17160735593953258,0.494269923366377,0.13793103448275862,0.14414414414414414,False
P0,F3_Longitudinal,mp_only,1.5,11,16,113,,0.2727272727272727,0.7534275418324917,0.2727272727272727,0.7272727272727273,0.24657245816750828,16,0.1415929203539823,0.0,0.5454545454545454,0.6119470336882633,0.8520312420511179,0.0,0.5454545454545454,0.4545454545454546,1.0,0.14796875794888198,0.38805296631173664,0.13793103448275862,0.14414414414414414,False
P0,F3_Longitudinal,average_percentile,1.5,11,16,113,,0.45454545454545453,0.8932623341820531,0.45454545454545453,0.5454545454545454,0.10673766581794686,16,0.1415929203539823,0.18181818181818182,0.6386363636363512,0.8292443931253495,0.9318039049201123,0.18181818181818182,0.6386363636363512,0.3613636363636365,0.8181818181818181,0.0681960950798876,0.17075560687465052,0.13793103448275862,0.14414414414414414,False
P0,F3_Longitudinal,borda_count,1.5,11,16,113,,0.45454545454545453,0.8932623341820531,0.45454545454545453,0.5454545454545454,0.10673766581794686,16,0.1415929203539823,0.18181818181818182,0.6386363636363512,0.8292443931253495,0.9318039049201123,0.18181818181818182,0.6386363636363512,0.3613636363636365,0.8181818181818181,0.0681960950798876,0.17075560687465052,0.13793103448275862,0.14414414414414414,False
P0,F3_Longitudinal,maximin_percentile,1.5,11,16,113,,0.36363636363636365,0.8935382143219791,0.36363636363636365,0.6363636363636364,0.10646178567802089,16,0.1415929203539823,0.09090909090909091,0.5454545454545454,0.8283514666590324,0.9270850880796407,0.09090909090909091,0.5454545454545454,0.4545454545454546,0.9090909090909091,0.07291491192035929,0.17164853334096766,0.13793103448275862,0.14414414414414414,False
P0,F3_Longitudinal,intersection_first,1.5,11,16,113,,0.45454545454545453,0.8932623341820531,0.45454545454545453,0.5454545454545454,0.10673766581794686,16,0.1415929203539823,0.18181818181818182,0.6386363636363512,0.8292443931253495,0.9318039049201123,0.18181818181818182,0.6386363636363512,0.3613636363636365,0.8181818181818181,0.0681960950798876,0.17075560687465052,0.13793103448275862,0.14414414414414414,False
P0,F3_Longitudinal,balanced_union,1.5,11,16,113,,0.6363636363636364,0.8509921764553546,0.6363636363636364,0.36363636363636365,0.14900782354464537,16,0.1415929203539823,0.45454545454545453,0.9090909090909091,0.782045990823318,0.9153635497735402,0.45454545454545453,0.9090909090909091,0.09090909090909094,0.5454545454545454,0.0846364502264597,0.21795400917668198,0.13793103448275862,0.14414414414414414,True
P0,F3_Longitudinal,disagreement_abstention,1.5,11,16,113,0.0,0.45454545454545453,0.8932623341820531,0.45454545454545453,0.5454545454545454,0.10673766581794686,16,0.1415929203539823,0.18181818181818182,0.6386363636363512,0.8292443931253495,0.9318039049201123,0.18181818181818182,0.6386363636363512,0.3613636363636365,0.8181818181818181,0.0681960950798876,0.17075560687465052,0.13793103448275862,0.14414414414414414,False
P0,F3_Longitudinal,minimax_oracle,1.5,11,16,113,,0.5454545454545454,0.9059776981474905,0.5454545454545454,0.4545454545454546,0.09402230185250948,16,0.1415929203539823,0.36363636363636365,0.8181818181818182,0.8345308012308958,0.9274289949690705,0.36363636363636365,0.8181818181818182,0.18181818181818177,0.6363636363636364,0.07257100503092953,0.16546919876910413,0.13793103448275862,0.14414414414414414,False
P0,F3_Longitudinal,jarvis_only,2.0,11,22,113,,0.2727272727272727,0.7223370484484033,0.2727272727272727,0.7272727272727273,0.2776629515515967,22,0.19469026548672566,0.0,0.5477272727272603,0.5957903288801673,0.8270491899139821,0.0,0.5477272727272603,0.45227272727272744,1.0,0.17295081008601776,0.40420967111983264,0.1896551724137931,0.1981981981981982,False
P0,F3_Longitudinal,mp_only,2.0,11,22,113,,0.2727272727272727,0.7657901792794651,0.2727272727272727,0.7272727272727273,0.23420982072053487,22,0.19469026548672566,0.0,0.6363636363636364,0.6343976379015643,0.8485436174388787,0.0,0.6363636363636364,0.36363636363636365,1.0,0.15145638256112126,0.36560236209843566,0.1896551724137931,0.1981981981981982,False
P0,F3_Longitudinal,average_percentile,2.0,11,22,113,,0.5454545454545454,0.9046959001567226,0.5454545454545454,0.4545454545454546,0.09530409984327737,22,0.19469026548672566,0.2727272727272727,0.8181818181818182,0.8468164876686054,0.9315466904425298,0.2727272727272727,0.8181818181818182,0.18181818181818177,0.7272727272727273,0.0684533095574702,0.15318351233139446,0.1896551724137931,0.1981981981981982,False
P0,F3_Longitudinal,borda_count,2.0,11,22,113,,0.5454545454545454,0.9046959001567226,0.5454545454545454,0.4545454545454546,0.09530409984327737,22,0.19469026548672566,0.2727272727272727,0.8181818181818182,0.8458535989110288,0.9315466904425298,0.2727272727272727,0.8181818181818182,0.18181818181818177,0.7272727272727273,0.0684533095574702,0.1541464010889711,0.1896551724137931,0.1981981981981982,False
P0,F3_Longitudinal,maximin_percentile,2.0,11,22,113,,0.45454545454545453,0.9027632667985855,0.45454545454545453,0.5454545454545454,0.09723673320141446,22,0.19469026548672566,0.18181818181818182,0.7272727272727273,0.8342232048333662,0.9263164415241905,0.18181818181818182,0.7272727272727273,0.2727272727272727,0.8181818181818181,0.07368355847580957,0.16577679516663377,0.1896551724137931,0.1981981981981982,False
P0,F3_Longitudinal,intersection_first,2.0,11,22,113,,0.5454545454545454,0.9046959001567226,0.5454545454545454,0.4545454545454546,0.09530409984327737,22,0.19469026548672566,0.2727272727272727,0.8181818181818182,0.8468164876686054,0.9315466904425298,0.2727272727272727,0.8181818181818182,0.18181818181818177,0.7272727272727273,0.0684533095574702,0.15318351233139446,0.1896551724137931,0.1981981981981982,False
P0,F3_Longitudinal,balanced_union,2.0,11,22,113,,1.0,0.8370794154564318,1.0,0.0,0.16292058454356817,22,0.19469026548672566,1.0,1.0,0.7790016837760969,0.9086943600593073,1.0,1.0,0.0,0.0,0.09130563994069277,0.2209983162239031,0.1896551724137931,0.1981981981981982,True
P0,F3_Longitudinal,disagreement_abstention,2.0,11,22,113,0.0,0.5454545454545454,0.9046959001567226,0.5454545454545454,0.4545454545454546,0.09530409984327737,22,0.19469026548672566,0.2727272727272727,0.8181818181818182,0.8468164876686054,0.9315466904425298,0.2727272727272727,0.8181818181818182,0.18181818181818177,0.7272727272727273,0.0684533095574702,0.15318351233139446,0.1896551724137931,0.1981981981981982,False
P0,F3_Longitudinal,minimax_oracle,2.0,11,22,113,,0.6363636363636364,0.9015641154515408,0.6363636363636364,0.36363636363636365,0.0984358845484592,22,0.19469026548672566,0.5454545454545454,0.9090909090909091,0.8360874935549912,0.9285426524092905,0.5454545454545454,0.9090909090909091,0.09090909090909094,0.4545454545454546,0.07145734759070953,0.1639125064450087,0.1896551724137931,0.1981981981981982,False
P0,F4_KelvinOp,jarvis_only,1.0,11,11,113,,0.18181818181818182,0.6797810550625117,0.18181818181818182,0.8181818181818181,0.32021894493748826,11,0.09734513274336283,0.0,0.36363636363636365,0.44341817038293985,0.8247869094983244,0.0,0.36363636363636365,0.6363636363636364,1.0,0.17521309050167547,0.5565818296170599,0.09482758620689655,0.0990990990990991,False
P0,F4_KelvinOp,mp_only,1.0,11,11,113,,0.18181818181818182,0.6618764118028331,0.18181818181818182,0.8181818181818181,0.3381235881971669,11,0.09734513274336283,0.0,0.36363636363636365,0.5257951470754237,0.8179658865408358,0.0,0.36363636363636365,0.6363636363636364,1.0,0.18203411345916412,0.4742048529245762,0.09482758620689655,0.0990990990990991,False
P0,F4_KelvinOp,average_percentile,1.0,11,11,113,,0.45454545454545453,0.8995051451756069,0.45454545454545453,0.5454545454545454,0.10049485482439313,11,0.09734513274336283,0.18181818181818182,0.5454545454545454,0.8415441576076027,0.9406867413862554,0.18181818181818182,0.5454545454545454,0.4545454545454546,0.8181818181818181,0.05931325861374456,0.15845584239239724,0.09482758620689655,0.0990990990990991,False
P0,F4_KelvinOp,borda_count,1.0,11,11,113,,0.45454545454545453,0.8995051451756069,0.45454545454545453,0.5454545454545454,0.10049485482439313,11,0.09734513274336283,0.18181818181818182,0.5454545454545454,0.84161007963187,0.9406867413862554,0.18181818181818182,0.5454545454545454,0.4545454545454546,0.8181818181818181,0.05931325861374456,0.15838992036813,0.09482758620689655,0.0990990990990991,False
P0,F4_KelvinOp,maximin_percentile,1.0,11,11,113,,0.36363636363636365,0.9075112288678543,0.36363636363636365,0.6363636363636364,0.09248877113214571,11,0.09734513274336283,0.09090909090909091,0.5454545454545454,0.8350439332255174,0.9406850246503886,0.09090909090909091,0.5454545454545454,0.4545454545454546,0.9090909090909091,0.05931497534961134,0.16495606677448263,0.09482758620689655,0.0990990990990991,False
P0,F4_KelvinOp,intersection_first,1.0,11,11,113,,0.45454545454545453,0.8995051451756069,0.45454545454545453,0.5454545454545454,0.10049485482439313,11,0.09734513274336283,0.18181818181818182,0.5454545454545454,0.8415441576076027,0.9406867413862554,0.18181818181818182,0.5454545454545454,0.4545454545454546,0.8181818181818181,0.05931325861374456,0.15845584239239724,0.09482758620689655,0.0990990990990991,False
P0,F4_KelvinOp,balanced_union,1.0,11,11,113,,0.5454545454545454,0.9028067608876824,0.5454545454545454,0.4545454545454546,0.09719323911231759,11,0.09734513274336283,0.2727272727272727,0.6363636363636364,0.8113851019536656,0.9392302408695355,0.2727272727272727,0.6363636363636364,0.36363636363636365,0.7272727272727273,0.0607697591304644,0.18861489804633422,0.09482758620689655,0.0990990990990991,True
P0,F4_KelvinOp,disagreement_abstention,1.0,11,11,113,0.0,0.45454545454545453,0.8995051451756069,0.45454545454545453,0.5454545454545454,0.10049485482439313,11,0.09734513274336283,0.18181818181818182,0.5454545454545454,0.8415441576076027,0.9406867413862554,0.18181818181818182,0.5454545454545454,0.4545454545454546,0.8181818181818181,0.05931325861374456,0.15845584239239724,0.09482758620689655,0.0990990990990991,False
P0,F4_KelvinOp,minimax_oracle,1.0,11,11,113,,0.45454545454545453,0.8995051451756069,0.45454545454545453,0.5454545454545454,0.10049485482439313,11,0.09734513274336283,0.2727272727272727,0.6363636363636364,0.8485546423121451,0.9391454701234575,0.2727272727272727,0.6363636363636364,0.36363636363636365,0.7272727272727273,0.06085452987654254,0.15144535768785486,0.09482758620689655,0.0990990990990991,False
P0,F4_KelvinOp,jarvis_only,1.5,11,16,113,,0.2727272727272727,0.7068823972405534,0.2727272727272727,0.7272727272727273,0.29311760275944665,16,0.1415929203539823,0.0,0.45454545454545453,0.5300570427295583,0.8389205887418714,0.0,0.45454545454545453,0.5454545454545454,1.0,0.16107941125812852,0.4699429572704416,0.13793103448275862,0.14414414414414414,False
P0,F4_KelvinOp,mp_only,1.5,11,16,113,,0.2727272727272727,0.7105868502338788,0.2727272727272727,0.7272727272727273,0.2894131497661212,16,0.1415929203539823,0.0,0.5454545454545454,0.5941594154890266,0.8408438034230047,0.0,0.5454545454545454,0.4545454545454546,1.0,0.15915619657699528,0.4058405845109732,0.13793103448275862,0.14414414414414414,False
P0,F4_KelvinOp,average_percentile,1.5,11,16,113,,0.5454545454545454,0.9095688093674849,0.5454545454545454,0.4545454545454546,0.09043119063251515,16,0.1415929203539823,0.18181818181818182,0.7272727272727273,0.847569461955091,0.9397585066568704,0.18181818181818182,0.7272727272727273,0.2727272727272727,0.8181818181818181,0.060241493343129546,0.152430538044909,0.13793103448275862,0.14414414414414414,False
P0,F4_KelvinOp,borda_count,1.5,11,16,113,,0.5454545454545454,0.9095688093674849,0.5454545454545454,0.4545454545454546,0.09043119063251515,16,0.1415929203539823,0.18181818181818182,0.7272727272727273,0.8477714653368642,0.9395351272627782,0.18181818181818182,0.7272727272727273,0.2727272727272727,0.8181818181818181,0.06046487273722172,0.15222853466313577,0.13793103448275862,0.14414414414414414,False
P0,F4_KelvinOp,maximin_percentile,1.5,11,16,113,,0.45454545454545453,0.9021699100319825,0.45454545454545453,0.5454545454545454,0.09783008996801745,16,0.1415929203539823,0.09090909090909091,0.6363636363636364,0.8334727754541101,0.9353264434176488,0.09090909090909091,0.6363636363636364,0.36363636363636365,0.9090909090909091,0.06467355658235115,0.16652722454588983,0.13793103448275862,0.14414414414414414,False
P0,F4_KelvinOp,intersection_first,1.5,11,16,113,,0.5454545454545454,0.9095688093674849,0.5454545454545454,0.4545454545454546,0.09043119063251515,16,0.1415929203539823,0.18181818181818182,0.7272727272727273,0.847569461955091,0.9397585066568704,0.18181818181818182,0.7272727272727273,0.2727272727272727,0.8181818181818181,0.060241493343129546,0.152430538044909,0.13793103448275862,0.14414414414414414,False
P0,F4_KelvinOp,balanced_union,1.5,11,16,113,,0.8181818181818182,0.8733554213758126,0.8181818181818182,0.18181818181818177,0.12664457862418743,16,0.1415929203539823,0.5454545454545454,0.9090909090909091,0.7793154817962508,0.9194487043008082,0.5454545454545454,0.9090909090909091,0.09090909090909094,0.4545454545454546,0.08055129569919181,0.22068451820374912,0.13793103448275862,0.14414414414414414,True
P0,F4_KelvinOp,disagreement_abstention,1.5,11,16,113,0.0,0.5454545454545454,0.9095688093674849,0.5454545454545454,0.4545454545454546,0.09043119063251515,16,0.1415929203539823,0.18181818181818182,0.7272727272727273,0.847569461955091,0.9397585066568704,0.18181818181818182,0.7272727272727273,0.2727272727272727,0.8181818181818181,0.060241493343129546,0.152430538044909,0.13793103448275862,0.14414414414414414,False
P0,F4_KelvinOp,minimax_oracle,1.5,11,16,113,,0.5454545454545454,0.9095688093674849,0.5454545454545454,0.4545454545454546,0.09043119063251515,16,0.1415929203539823,0.36363636363636365,0.8181818181818182,0.8431659507030428,0.9364281868449887,0.36363636363636365,0.8181818181818182,0.18181818181818177,0.6363636363636364,0.0635718131550113,0.15683404929695718,0.13793103448275862,0.14414414414414414,False
P0,F4_KelvinOp,jarvis_only,2.0,11,22,113,,0.36363636363636365,0.7529295996882466,0.36363636363636365,0.6363636363636364,0.24707040031175342,22,0.19469026548672566,0.09090909090909091,0.6363636363636364,0.6151868896570106,0.843043304306403,0.09090909090909091,0.6363636363636364,0.36363636363636365,0.9090909090909091,0.15695669569359702,0.3848131103429893,0.1896551724137931,0.1981981981981982,False
P0,F4_KelvinOp,mp_only,2.0,11,22,113,,0.36363636363636365,0.7493891031776002,0.36363636363636365,0.6363636363636364,0.2506108968223998,22,0.19469026548672566,0.0,0.6363636363636364,0.6519093087464334,0.8443037042063376,0.0,0.6363636363636364,0.36363636363636365,1.0,0.15569629579366234,0.34809069125356656,0.1896551724137931,0.1981981981981982,False
P0,F4_KelvinOp,average_percentile,2.0,11,22,113,,0.6363636363636364,0.9024921140167801,0.6363636363636364,0.36363636363636365,0.09750788598321991,22,0.19469026548672566,0.2727272727272727,0.7272727272727273,0.8479896970491666,0.9362935630633759,0.2727272727272727,0.7272727272727273,0.2727272727272727,0.7272727272727273,0.06370643693662405,0.1520103029508334,0.1896551724137931,0.1981981981981982,False
P0,F4_KelvinOp,borda_count,2.0,11,22,113,,0.6363636363636364,0.9024921140167801,0.6363636363636364,0.36363636363636365,0.09750788598321991,22,0.19469026548672566,0.2727272727272727,0.7272727272727273,0.8479919148913863,0.9366846404650706,0.2727272727272727,0.7272727272727273,0.2727272727272727,0.7272727272727273,0.06331535953492938,0.15200808510861374,0.1896551724137931,0.1981981981981982,False
P0,F4_KelvinOp,maximin_percentile,2.0,11,22,113,,0.45454545454545453,0.8845562046061181,0.45454545454545453,0.5454545454545454,0.11544379539388194,22,0.19469026548672566,0.18181818181818182,0.6363636363636364,0.8328501276978753,0.9304017127760962,0.18181818181818182,0.6363636363636364,0.36363636363636365,0.8181818181818181,0.06959828722390385,0.16714987230212466,0.1896551724137931,0.1981981981981982,False
P0,F4_KelvinOp,intersection_first,2.0,11,22,113,,0.6363636363636364,0.9024921140167801,0.6363636363636364,0.36363636363636365,0.09750788598321991,22,0.19469026548672566,0.2727272727272727,0.7272727272727273,0.8479896970491666,0.9362935630633759,0.2727272727272727,0.7272727272727273,0.2727272727272727,0.7272727272727273,0.06370643693662405,0.1520103029508334,0.1896551724137931,0.1981981981981982,False
P0,F4_KelvinOp,balanced_union,2.0,11,22,113,,1.0,0.8617656078964198,1.0,0.0,0.13823439210358024,22,0.19469026548672566,1.0,1.0,0.7806524815740383,0.90943821003363,1.0,1.0,0.0,0.0,0.09056178996636995,0.21934751842596165,0.1896551724137931,0.1981981981981982,True
P0,F4_KelvinOp,disagreement_abstention,2.0,11,22,113,0.0,0.6363636363636364,0.9024921140167801,0.6363636363636364,0.36363636363636365,0.09750788598321991,22,0.19469026548672566,0.2727272727272727,0.7272727272727273,0.8479896970491666,0.9362935630633759,0.2727272727272727,0.7272727272727273,0.2727272727272727,0.7272727272727273,0.06370643693662405,0.1520103029508334,0.1896551724137931,0.1981981981981982,False
P0,F4_KelvinOp,minimax_oracle,2.0,11,22,113,,0.6363636363636364,0.9024921140167801,0.6363636363636364,0.36363636363636365,0.09750788598321991,22,0.19469026548672566,0.45454545454545453,0.9090909090909091,0.8479830621990139,0.9331996758402364,0.45454545454545453,0.9090909090909091,0.09090909090909094,0.5454545454545454,0.06680032415976356,0.15201693780098605,0.1896551724137931,0.1981981981981982,False
P2,F1_Frobenius,jarvis_only,1.0,3,3,38,,0.0,0.5337471158873435,0.0,1.0,0.46625288411265653,3,0.07894736842105263,0.0,0.0,0.10033981387158929,0.751354862449442,0.0,0.0,1.0,1.0,0.248645137550558,0.89966018612841,0.07692307692307693,0.1,False
P2,F1_Frobenius,mp_only,1.0,3,3,38,,0.0,0.5403167858193829,0.0,1.0,0.4596832141806171,3,0.07894736842105263,0.0,0.0,0.35802895325062056,0.8044068232207162,0.0,0.0,1.0,1.0,0.1955931767792833,0.6419710467493791,0.07692307692307693,0.1,False
P2,F1_Frobenius,average_percentile,1.0,3,3,38,,0.3333333333333333,0.8364535045369536,0.3333333333333333,0.6666666666666667,0.16354649546304645,3,0.07894736842105263,0.0,0.3333333333333333,0.6207687080056323,0.8948485470227703,0.0,0.3333333333333333,0.6666666666666667,1.0,0.10515145297722947,0.37923129199436767,0.07692307692307693,0.1,True
P2,F1_Frobenius,borda_count,1.0,3,3,38,,0.3333333333333333,0.8291599050058915,0.3333333333333333,0.6666666666666667,0.17084009499410846,3,0.07894736842105263,0.0,0.3333333333333333,0.6229339083120924,0.8948485470227703,0.0,0.3333333333333333,0.6666666666666667,1.0,0.10515145297722947,0.3770660916879076,0.07692307692307693,0.1,True
P2,F1_Frobenius,maximin_percentile,1.0,3,3,38,,0.0,0.7724848988549227,0.0,1.0,0.22751510114507734,3,0.07894736842105263,0.0,0.3333333333333333,0.6578382574144928,0.8885503902378287,0.0,0.3333333333333333,0.6666666666666667,1.0,0.11144960976217129,0.34216174258550713,0.07692307692307693,0.1,False
P2,F1_Frobenius,intersection_first,1.0,3,3,38,,0.3333333333333333,0.8364535045369536,0.3333333333333333,0.6666666666666667,0.16354649546304645,3,0.07894736842105263,0.0,0.3333333333333333,0.6207687080056323,0.8948485470227703,0.0,0.3333333333333333,0.6666666666666667,1.0,0.10515145297722947,0.37923129199436767,0.07692307692307693,0.1,True
P2,F1_Frobenius,balanced_union,1.0,3,3,38,,0.3333333333333333,0.818362489782193,0.3333333333333333,0.6666666666666667,0.18163751021780705,3,0.07894736842105263,0.0,0.5,0.5527318755382167,0.8853935123847079,0.0,0.5,0.5,1.0,0.11460648761529198,0.44726812446178327,0.07692307692307693,0.1,True
P2,F1_Frobenius,disagreement_abstention,1.0,3,3,38,0.0,0.3333333333333333,0.8364535045369536,0.3333333333333333,0.6666666666666667,0.16354649546304645,3,0.07894736842105263,0.0,0.3333333333333333,0.6207687080056323,0.8948485470227703,0.0,0.3333333333333333,0.6666666666666667,1.0,0.10515145297722947,0.37923129199436767,0.07692307692307693,0.1,True
P2,F1_Frobenius,minimax_oracle,1.0,3,3,38,,0.3333333333333333,0.8364535045369536,0.3333333333333333,0.6666666666666667,0.16354649546304645,3,0.07894736842105263,0.0,0.5,0.6810492539815789,0.8977234371767282,0.0,0.5,0.5,1.0,0.10227656282327179,0.31895074601842105,0.07692307692307693,0.1,True
P2,F1_Frobenius,jarvis_only,1.5,3,4,38,,0.0,0.45364300837299043,0.0,1.0,0.5463569916270096,4,0.10526315789473684,0.0,0.3333333333333333,0.13920388783235277,0.7498481414551874,0.0,0.3333333333333333,0.6666666666666667,1.0,0.25015185854481253,0.8607961121676472,0.10256410256410256,0.15,False
P2,F1_Frobenius,mp_only,1.5,3,4,38,,0.0,0.5948338703606465,0.0,1.0,0.4051661296393535,4,0.10526315789473684,0.0,0.0,0.3854226880688988,0.8103755296102229,0.0,0.0,1.0,1.0,0.18962447038977687,0.6145773119311012,0.10256410256410256,0.15,False
P2,F1_Frobenius,average_percentile,1.5,3,4,38,,0.3333333333333333,0.8267427595146173,0.3333333333333333,0.6666666666666667,0.1732572404853827,4,0.10526315789473684,0.0,0.6666666666666666,0.6415361417765848,0.8992401627935549,0.0,0.6666666666666666,0.33333333333333337,1.0,0.10075983720644507,0.35846385822341514,0.10256410256410256,0.15,False
P2,F1_Frobenius,borda_count,1.5,3,4,38,,0.3333333333333333,0.8105387910451383,0.3333333333333333,0.6666666666666667,0.18946120895486174,4,0.10526315789473684,0.0,0.6666666666666666,0.6420475021838828,0.8992401627935549,0.0,0.6666666666666666,0.33333333333333337,1.0,0.10075983720644507,0.35795249781611704,0.10256410256410256,0.15,False
P2,F1_Frobenius,maximin_percentile,1.5,3,4,38,,0.0,0.7783790539071963,0.0,1.0,0.2216209460928037,4,0.10526315789473684,0.0,0.5,0.6661810684097216,0.8914635301995187,0.0,0.5,0.5,1.0,0.10853646980048103,0.3338189315902784,0.10256410256410256,0.15,False
P2,F1_Frobenius,intersection_first,1.5,3,4,38,,0.3333333333333333,0.8267427595146173,0.3333333333333333,0.6666666666666667,0.1732572404853827,4,0.10526315789473684,0.0,0.6666666666666666,0.6415361417765848,0.8992401627935549,0.0,0.6666666666666666,0.33333333333333337,1.0,0.10075983720644507,0.35846385822341514,0.10256410256410256,0.15,False
P2,F1_Frobenius,balanced_union,1.5,3,4,38,,0.6666666666666666,0.8014481175718601,0.6666666666666666,0.33333333333333337,0.19855188242813993,4,0.10526315789473684,0.3333333333333333,0.75,0.6246201207574529,0.8914175944815994,0.3333333333333333,0.75,0.25,0.6666666666666667,0.10858240551840055,0.3753798792425471,0.10256410256410256,0.15,True
P2,F1_Frobenius,disagreement_abstention,1.5,3,4,38,0.0,0.3333333333333333,0.8267427595146173,0.3333333333333333,0.6666666666666667,0.1732572404853827,4,0.10526315789473684,0.0,0.6666666666666666,0.6415361417765848,0.8992401627935549,0.0,0.6666666666666666,0.33333333333333337,1.0,0.10075983720644507,0.35846385822341514,0.10256410256410256,0.15,False
P2,F1_Frobenius,minimax_oracle,1.5,3,4,38,,0.3333333333333333,0.8267427595146173,0.3333333333333333,0.6666666666666667,0.1732572404853827,4,0.10526315789473684,0.0,0.75,0.7057117736892811,0.8992354131357334,0.0,0.75,0.25,1.0,0.10076458686426658,0.29428822631071877,0.10256410256410256,0.15,False
P2,F1_Frobenius,jarvis_only,2.0,3,6,38,,0.0,0.38451821051286983,0.0,1.0,0.6154817894871302,6,0.15789473684210525,0.0,0.3333333333333333,0.22031013796215448,0.7855942087930351,0.0,0.3333333333333333,0.6666666666666667,1.0,0.21440579120696482,0.7796898620378456,0.15384615384615385,0.2,False
P2,F1_Frobenius,mp_only,2.0,3,6,38,,0.0,0.6636999708376428,0.0,1.0,0.33630002916235724,6,0.15789473684210525,0.0,0.3333333333333333,0.4210920725204214,0.8205488780365019,0.0,0.3333333333333333,0.6666666666666667,1.0,0.1794511219634978,0.5789079274795786,0.15384615384615385,0.2,False
P2,F1_Frobenius,average_percentile,2.0,3,6,38,,0.6666666666666666,0.8457804931556655,0.6666666666666666,0.33333333333333337,0.1542195068443345,6,0.15789473684210525,0.0,1.0,0.6770194754598037,0.909758783425713,0.0,1.0,0.0,1.0,0.09024121657428694,0.3229805245401963,0.15384615384615385,0.2,False
P2,F1_Frobenius,borda_count,2.0,3,6,38,,0.6666666666666666,0.8457804931556655,0.6666666666666666,0.33333333333333337,0.1542195068443345,6,0.15789473684210525,0.0,1.0,0.677162530521643,0.909758783425713,0.0,1.0,0.0,1.0,0.09024121657428694,0.32283746947835695,0.15384615384615385,0.2,False
P2,F1_Frobenius,maximin_percentile,2.0,3,6,38,,0.3333333333333333,0.8375757070404947,0.3333333333333333,0.6666666666666667,0.16242429295950533,6,0.15789473684210525,0.0,0.6666666666666666,0.6760106549777283,0.9064512789952812,0.0,0.6666666666666666,0.33333333333333337,1.0,0.09354872100471864,0.32398934502227167,0.15384615384615385,0.2,False
P2,F1_Frobenius,intersection_first,2.0,3,6,38,,0.6666666666666666,0.8457804931556655,0.6666666666666666,0.33333333333333337,0.1542195068443345,6,0.15789473684210525,0.0,1.0,0.6770194754598037,0.909758783425713,0.0,1.0,0.0,1.0,0.09024121657428694,0.3229805245401963,0.15384615384615385,0.2,False
P2,F1_Frobenius,balanced_union,2.0,3,6,38,,1.0,0.7809733407139321,1.0,0.0,0.2190266592860679,6,0.15789473684210525,1.0,1.0,0.6817314235068748,0.8839729934429703,1.0,1.0,0.0,0.0,0.11602700655702966,0.3182685764931252,0.15384615384615385,0.2,True
P2,F1_Frobenius,disagreement_abstention,2.0,3,6,38,0.0,0.6666666666666666,0.8457804931556655,0.6666666666666666,0.33333333333333337,0.1542195068443345,6,0.15789473684210525,0.0,1.0,0.6770194754598037,0.909758783425713,0.0,1.0,0.0,1.0,0.09024121657428694,0.3229805245401963,0.15384615384615385,0.2,False
P2,F1_Frobenius,minimax_oracle,2.0,3,6,38,,0.6666666666666666,0.8457804931556655,0.6666666666666666,0.33333333333333337,0.1542195068443345,6,0.15789473684210525,0.3333333333333333,1.0,0.7221646830262459,0.9033690493394683,0.3333333333333333,1.0,0.0,0.6666666666666667,0.09663095066053175,0.27783531697375397,0.15384615384615385,0.2,False
P2,F3_Longitudinal,jarvis_only,1.0,3,3,38,,0.0,0.4913612609293303,0.0,1.0,0.5086387390706697,3,0.07894736842105263,0.0,0.0,0.1034908973847358,0.6604401381736926,0.0,0.0,1.0,1.0,0.3395598618263073,0.8965091026152635,0.07692307692307693,0.1,False
P2,F3_Longitudinal,mp_only,1.0,3,3,38,,0.0,0.47390338139809624,0.0,1.0,0.5260966186019038,3,0.07894736842105263,0.0,0.0,0.2942057941272523,0.7542726906413019,0.0,0.0,1.0,1.0,0.24572730935869805,0.7057942058727474,0.07692307692307693,0.1,False
P2,F3_Longitudinal,average_percentile,1.0,3,3,38,,0.0,0.7211690531407522,0.0,1.0,0.2788309468592478,3,0.07894736842105263,0.0,0.3333333333333333,0.5791615852701509,0.8744263950856958,0.0,0.3333333333333333,0.6666666666666667,1.0,0.1255736049143042,0.420838414729849,0.07692307692307693,0.1,False
P2,F3_Longitudinal,borda_count,1.0,3,3,38,,0.0,0.793442272817773,0.0,1.0,0.20655772718222698,3,0.07894736842105263,0.0,0.3333333333333333,0.5821489316147452,0.8744263950856958,0.0,0.3333333333333333,0.6666666666666667,1.0,0.1255736049143042,0.41785106838525465,0.07692307692307693,0.1,False
P2,F3_Longitudinal,maximin_percentile,1.0,3,3,38,,0.0,0.7356208879381498,0.0,1.0,0.26437911206185016,3,0.07894736842105263,0.0,0.3333333333333333,0.6247021556763572,0.8769633073363879,0.0,0.3333333333333333,0.6666666666666667,1.0,0.12303669266361204,0.37529784432364266,0.07692307692307693,0.1,False
P2,F3_Longitudinal,intersection_first,1.0,3,3,38,,0.0,0.7211690531407522,0.0,1.0,0.2788309468592478,3,0.07894736842105263,0.0,0.3333333333333333,0.5791615852701509,0.8744263950856958,0.0,0.3333333333333333,0.6666666666666667,1.0,0.1255736049143042,0.420838414729849,0.07692307692307693,0.1,False
P2,F3_Longitudinal,balanced_union,1.0,3,3,38,,0.3333333333333333,0.701998085215578,0.3333333333333333,0.6666666666666667,0.29800191478442195,3,0.07894736842105263,0.0,0.5,0.48214954399842347,0.8562552566913689,0.0,0.5,0.5,1.0,0.14374474330863105,0.5178504560015764,0.07692307692307693,0.1,True
P2,F3_Longitudinal,disagreement_abstention,1.0,3,3,38,0.0,0.0,0.7211690531407522,0.0,1.0,0.2788309468592478,3,0.07894736842105263,0.0,0.3333333333333333,0.5791615852701509,0.8744263950856958,0.0,0.3333333333333333,0.6666666666666667,1.0,0.1255736049143042,0.420838414729849,0.07692307692307693,0.1,False
P2,F3_Longitudinal,minimax_oracle,1.0,3,3,38,,0.0,0.7211690531407522,0.0,1.0,0.2788309468592478,3,0.07894736842105263,0.0,0.5,0.6478788531295238,0.8730361413657147,0.0,0.5,0.5,1.0,0.12696385863428528,0.3521211468704761,0.07692307692307693,0.1,False
P2,F3_Longitudinal,jarvis_only,1.5,3,4,38,,0.0,0.4212629249201605,0.0,1.0,0.5787370750798395,4,0.10526315789473684,0.0,0.0,0.1674232448133461,0.6926860779781475,0.0,0.0,1.0,1.0,0.30731392202185237,0.8325767551866534,0.10256410256410256,0.15,False
P2,F3_Longitudinal,mp_only,1.5,3,4,38,,0.0,0.5287605763223642,0.0,1.0,0.4712394236776358,4,0.10526315789473684,0.0,0.0,0.3465787467294867,0.770721375779347,0.0,0.0,1.0,1.0,0.229278624220653,0.6534212532705131,0.10256410256410256,0.15,False
P2,F3_Longitudinal,average_percentile,1.5,3,4,38,,0.0,0.7185732661631462,0.0,1.0,0.2814267338368538,4,0.10526315789473684,0.0,0.6666666666666666,0.608801086420939,0.873091293627834,0.0,0.6666666666666666,0.33333333333333337,1.0,0.12690870637216595,0.391198913579061,0.10256410256410256,0.15,False
P2,F3_Longitudinal,borda_count,1.5,3,4,38,,0.3333333333333333,0.7839289789355645,0.3333333333333333,0.6666666666666667,0.21607102106443554,4,0.10526315789473684,0.0,0.6666666666666666,0.6115618707365426,0.8718635264140975,0.0,0.6666666666666666,0.33333333333333337,1.0,0.12813647358590233,0.38843812926345733,0.10256410256410256,0.15,False
P2,F3_Longitudinal,maximin_percentile,1.5,3,4,38,,0.0,0.7588105779313309,0.0,1.0,0.2411894220686691,4,0.10526315789473684,0.0,0.3333333333333333,0.631560937233746,0.871836572921172,0.0,0.3333333333333333,0.6666666666666667,1.0,0.12816342707882797,0.3684390627662538,0.10256410256410256,0.15,False
P2,F3_Longitudinal,intersection_first,1.5,3,4,38,,0.0,0.7185732661631462,0.0,1.0,0.2814267338368538,4,0.10526315789473684,0.0,0.6666666666666666,0.608801086420939,0.873091293627834,0.0,0.6666666666666666,0.33333333333333337,1.0,0.12690870637216595,0.391198913579061,0.10256410256410256,0.15,False
P2,F3_Longitudinal,balanced_union,1.5,3,4,38,,0.6666666666666666,0.754848405041797,0.6666666666666666,0.33333333333333337,0.24515159495820305,4,0.10526315789473684,0.3333333333333333,0.6666666666666666,0.5657526159179855,0.8588269414669485,0.3333333333333333,0.6666666666666666,0.33333333333333337,0.6666666666666667,0.1411730585330515,0.4342473840820144,0.10256410256410256,0.15,True
P2,F3_Longitudinal,disagreement_abstention,1.5,3,4,38,0.0,0.0,0.7185732661631462,0.0,1.0,0.2814267338368538,4,0.10526315789473684,0.0,0.6666666666666666,0.608801086420939,0.873091293627834,0.0,0.6666666666666666,0.33333333333333337,1.0,0.12690870637216595,0.391198913579061,0.10256410256410256,0.15,False
P2,F3_Longitudinal,minimax_oracle,1.5,3,4,38,,0.3333333333333333,0.7839289789355645,0.3333333333333333,0.6666666666666667,0.21607102106443554,4,0.10526315789473684,0.0,0.75,0.6694273512548097,0.8734781868737893,0.0,0.75,0.25,1.0,0.12652181312621064,0.3305726487451902,0.10256410256410256,0.15,False
P2,F3_Longitudinal,jarvis_only,2.0,3,6,38,,0.0,0.3560073775617714,0.0,1.0,0.6439926224382286,6,0.15789473684210525,0.0,0.3333333333333333,0.22442366622931756,0.7316055828433079,0.0,0.3333333333333333,0.6666666666666667,1.0,0.26839441715669204,0.7755763337706824,0.15384615384615385,0.2,False
P2,F3_Longitudinal,mp_only,2.0,3,6,38,,0.0,0.6583688100312897,0.0,1.0,0.34163118996871034,6,0.15789473684210525,0.0,0.25,0.3858475541341468,0.7925593574516343,0.0,0.25,0.75,1.0,0.2074406425483657,0.6141524458658532,0.15384615384615385,0.2,False
P2,F3_Longitudinal,average_percentile,2.0,3,6,38,,0.3333333333333333,0.7577256453728229,0.3333333333333333,0.6666666666666667,0.24227435462717706,6,0.15789473684210525,0.0,0.75,0.6399670500671549,0.8819648659663886,0.0,0.75,0.25,1.0,0.11803513403361145,0.360032949932845,0.15384615384615385,0.2,False
P2,F3_Longitudinal,borda_count,2.0,3,6,38,,0.3333333333333333,0.7577256453728229,0.3333333333333333,0.6666666666666667,0.24227435462717706,6,0.15789473684210525,0.0,0.75,0.6399670500671549,0.8819648659663886,0.0,0.75,0.25,1.0,0.11803513403361145,0.360032949932845,0.15384615384615385,0.2,False
P2,F3_Longitudinal,maximin_percentile,2.0,3,6,38,,0.3333333333333333,0.789820822598199,0.3333333333333333,0.6666666666666667,0.21017917740180103,6,0.15789473684210525,0.0,0.6666666666666666,0.6514647370471682,0.8733322000579354,0.0,0.6666666666666666,0.33333333333333337,1.0,0.12666779994206456,0.3485352629528317,0.15384615384615385,0.2,False
P2,F3_Longitudinal,intersection_first,2.0,3,6,38,,0.3333333333333333,0.7577256453728229,0.3333333333333333,0.6666666666666667,0.24227435462717706,6,0.15789473684210525,0.0,0.75,0.6399670500671549,0.8819648659663886,0.0,0.75,0.25,1.0,0.11803513403361145,0.360032949932845,0.15384615384615385,0.2,False
P2,F3_Longitudinal,balanced_union,2.0,3,6,38,,1.0,0.7442119001932412,1.0,0.0,0.25578809980675876,6,0.15789473684210525,1.0,1.0,0.6637286652030697,0.8534442124100244,1.0,1.0,0.0,0.0,0.1465557875899755,0.3362713347969303,0.15384615384615385,0.2,True
P2,F3_Longitudinal,disagreement_abstention,2.0,3,6,38,0.0,0.3333333333333333,0.7577256453728229,0.3333333333333333,0.6666666666666667,0.24227435462717706,6,0.15789473684210525,0.0,0.75,0.6399670500671549,0.8819648659663886,0.0,0.75,0.25,1.0,0.11803513403361145,0.360032949932845,0.15384615384615385,0.2,False
P2,F3_Longitudinal,minimax_oracle,2.0,3,6,38,,0.3333333333333333,0.7577256453728229,0.3333333333333333,0.6666666666666667,0.24227435462717706,6,0.15789473684210525,0.0,1.0,0.6928937499983924,0.8821763530471083,0.0,1.0,0.0,1.0,0.11782364695289164,0.30710625000160763,0.15384615384615385,0.2,False
P2,F4_KelvinOp,jarvis_only,1.0,3,3,38,,0.0,0.48531366932313214,0.0,1.0,0.5146863306768679,3,0.07894736842105263,0.0,0.0,0.13850873895964935,0.7237425389134727,0.0,0.0,1.0,1.0,0.27625746108652716,0.8614912610403507,0.07692307692307693,0.1,False
P2,F4_KelvinOp,mp_only,1.0,3,3,38,,0.0,0.5580371900359727,0.0,1.0,0.44196280996402726,3,0.07894736842105263,0.0,0.0,0.3713946352603475,0.830058274175491,0.0,0.0,1.0,1.0,0.16994172582450892,0.6286053647396523,0.07692307692307693,0.1,False
P2,F4_KelvinOp,average_percentile,1.0,3,3,38,,0.0,0.7472138354066565,0.0,1.0,0.25278616459334347,3,0.07894736842105263,0.0,0.3333333333333333,0.63464408175297,0.9056472697580968,0.0,0.3333333333333333,0.6666666666666667,1.0,0.09435273024190315,0.36535591824702973,0.07692307692307693,0.1,False
P2,F4_KelvinOp,borda_count,1.0,3,3,38,,0.0,0.7472138354066565,0.0,1.0,0.25278616459334347,3,0.07894736842105263,0.0,0.3333333333333333,0.6349943151278663,0.9056472697580968,0.0,0.3333333333333333,0.6666666666666667,1.0,0.09435273024190315,0.3650056848721337,0.07692307692307693,0.1,False
P2,F4_KelvinOp,maximin_percentile,1.0,3,3,38,,0.0,0.7822204547712217,0.0,1.0,0.2177795452287783,3,0.07894736842105263,0.0,0.3333333333333333,0.6393227619249784,0.9057989566886984,0.0,0.3333333333333333,0.6666666666666667,1.0,0.09420104331130137,0.36067723807502156,0.07692307692307693,0.1,False
P2,F4_KelvinOp,intersection_first,1.0,3,3,38,,0.0,0.7472138354066565,0.0,1.0,0.25278616459334347,3,0.07894736842105263,0.0,0.3333333333333333,0.63464408175297,0.9056472697580968,0.0,0.3333333333333333,0.6666666666666667,1.0,0.09435273024190315,0.36535591824702973,0.07692307692307693,0.1,False
P2,F4_KelvinOp,balanced_union,1.0,3,3,38,,0.3333333333333333,0.7678039104670852,0.3333333333333333,0.6666666666666667,0.23219608953291482,3,0.07894736842105263,0.0,0.5,0.5593643559597518,0.8945685604237618,0.0,0.5,0.5,1.0,0.10543143957623817,0.4406356440402482,0.07692307692307693,0.1,True
P2,F4_KelvinOp,disagreement_abstention,1.0,3,3,38,0.0,0.0,0.7472138354066565,0.0,1.0,0.25278616459334347,3,0.07894736842105263,0.0,0.3333333333333333,0.63464408175297,0.9056472697580968,0.0,0.3333333333333333,0.6666666666666667,1.0,0.09435273024190315,0.36535591824702973,0.07692307692307693,0.1,False
P2,F4_KelvinOp,minimax_oracle,1.0,3,3,38,,0.3333333333333333,0.8144265616992227,0.3333333333333333,0.6666666666666667,0.18557343830077733,3,0.07894736842105263,0.0,0.5,0.6988692401939933,0.9076810239612998,0.0,0.5,0.5,1.0,0.09231897603870012,0.3011307598060067,0.07692307692307693,0.1,True
P2,F4_KelvinOp,jarvis_only,1.5,3,4,38,,0.0,0.416160546120712,0.0,1.0,0.5838394538792879,4,0.10526315789473684,0.0,0.3333333333333333,0.1777471316097556,0.7543861998590375,0.0,0.3333333333333333,0.6666666666666667,1.0,0.24561380014096248,0.8222528683902444,0.10256410256410256,0.15,False
P2,F4_KelvinOp,mp_only,1.5,3,4,38,,0.0,0.6373726210288427,0.0,1.0,0.36262737897115727,4,0.10526315789473684,0.0,0.3333333333333333,0.41523291155628916,0.835304099080516,0.0,0.3333333333333333,0.6666666666666667,1.0,0.16469590091948408,0.5847670884437106,0.10256410256410256,0.15,False
P2,F4_KelvinOp,average_percentile,1.5,3,4,38,,0.0,0.7627706572106349,0.0,1.0,0.23722934278936514,4,0.10526315789473684,0.0,0.6666666666666666,0.6534871044815371,0.9044111366158143,0.0,0.6666666666666666,0.33333333333333337,1.0,0.09558886338418557,0.34651289551846287,0.10256410256410256,0.15,False
P2,F4_KelvinOp,borda_count,1.5,3,4,38,,0.3333333333333333,0.8059030726778738,0.3333333333333333,0.6666666666666667,0.19409692732212624,4,0.10526315789473684,0.0,0.6666666666666666,0.6524288029045946,0.9044111366158143,0.0,0.6666666666666666,0.33333333333333337,1.0,0.09558886338418557,0.34757119709540535,0.10256410256410256,0.15,False
P2,F4_KelvinOp,maximin_percentile,1.5,3,4,38,,0.0,0.7627706572106349,0.0,1.0,0.23722934278936514,4,0.10526315789473684,0.0,0.5,0.6518261790519944,0.9014293495318016,0.0,0.5,0.5,1.0,0.09857065046819834,0.3481738209480056,0.10256410256410256,0.15,False
P2,F4_KelvinOp,intersection_first,1.5,3,4,38,,0.0,0.7627706572106349,0.0,1.0,0.23722934278936514,4,0.10526315789473684,0.0,0.6666666666666666,0.6534871044815371,0.9044111366158143,0.0,0.6666666666666666,0.33333333333333337,1.0,0.09558886338418557,0.34651289551846287,0.10256410256410256,0.15,False
P2,F4_KelvinOp,balanced_union,1.5,3,4,38,,0.6666666666666666,0.8103690601236272,0.6666666666666666,0.33333333333333337,0.1896309398763728,4,0.10526315789473684,0.3333333333333333,0.75,0.6160343671389029,0.8910632798246803,0.3333333333333333,0.75,0.25,0.6666666666666667,0.10893672017531965,0.383965632861097,0.10256410256410256,0.15,True
P2,F4_KelvinOp,disagreement_abstention,1.5,3,4,38,0.0,0.0,0.7627706572106349,0.0,1.0,0.23722934278936514,4,0.10526315789473684,0.0,0.6666666666666666,0.6534871044815371,0.9044111366158143,0.0,0.6666666666666666,0.33333333333333337,1.0,0.09558886338418557,0.34651289551846287,0.10256410256410256,0.15,False
P2,F4_KelvinOp,minimax_oracle,1.5,3,4,38,,0.3333333333333333,0.8059030726778738,0.3333333333333333,0.6666666666666667,0.19409692732212624,4,0.10526315789473684,0.0,0.75,0.7084609630271782,0.9066087626936961,0.0,0.75,0.25,1.0,0.09339123730630389,0.29153903697282185,0.10256410256410256,0.15,False
P2,F4_KelvinOp,jarvis_only,2.0,3,6,38,,0.0,0.3628814209593717,0.0,1.0,0.6371185790406283,6,0.15789473684210525,0.0,0.6666666666666666,0.2350261155525604,0.8111152394677129,0.0,0.6666666666666666,0.33333333333333337,1.0,0.1888847605322871,0.7649738844474396,0.15384615384615385,0.2,False
P2,F4_KelvinOp,mp_only,2.0,3,6,38,,0.0,0.6786106254195283,0.0,1.0,0.3213893745804717,6,0.15789473684210525,0.0,0.3333333333333333,0.45935128948922904,0.8327089083908513,0.0,0.3333333333333333,0.6666666666666667,1.0,0.16729109160914848,0.5406487105107708,0.15384615384615385,0.2,False
P2,F4_KelvinOp,average_percentile,2.0,3,6,38,,0.3333333333333333,0.7962744483539582,0.3333333333333333,0.6666666666666667,0.20372555164604178,6,0.15789473684210525,0.0,0.75,0.6830553798818408,0.9080521748994845,0.0,0.75,0.25,1.0,0.09194782510051544,0.31694462011815905,0.15384615384615385,0.2,False
P2,F4_KelvinOp,borda_count,2.0,3,6,38,,0.3333333333333333,0.7962744483539582,0.3333333333333333,0.6666666666666667,0.20372555164604178,6,0.15789473684210525,0.0,0.75,0.6819825249235145,0.9080521748994845,0.0,0.75,0.25,1.0,0.09194782510051544,0.31801747507648537,0.15384615384615385,0.2,False
P2,F4_KelvinOp,maximin_percentile,2.0,3,6,38,,0.3333333333333333,0.7996417459340605,0.3333333333333333,0.6666666666666667,0.20035825406593955,6,0.15789473684210525,0.0,0.6666666666666666,0.6646135093007111,0.8950922088468393,0.0,0.6666666666666666,0.33333333333333337,1.0,0.1049077911531606,0.33538649069928894,0.15384615384615385,0.2,False
P2,F4_KelvinOp,intersection_first,2.0,3,6,38,,0.3333333333333333,0.7962744483539582,0.3333333333333333,0.6666666666666667,0.20372555164604178,6,0.15789473684210525,0.0,0.75,0.6830553798818408,0.9080521748994845,0.0,0.75,0.25,1.0,0.09194782510051544,0.31694462011815905,0.15384615384615385,0.2,False
P2,F4_KelvinOp,balanced_union,2.0,3,6,38,,1.0,0.7964046176932869,1.0,0.0,0.20359538230671315,6,0.15789473684210525,1.0,1.0,0.6876864641729978,0.8853637728470386,1.0,1.0,0.0,0.0,0.11463622715296119,0.31231353582700216,0.15384615384615385,0.2,True
P2,F4_KelvinOp,disagreement_abstention,2.0,3,6,38,0.0,0.3333333333333333,0.7962744483539582,0.3333333333333333,0.6666666666666667,0.20372555164604178,6,0.15789473684210525,0.0,0.75,0.6830553798818408,0.9080521748994845,0.0,0.75,0.25,1.0,0.09194782510051544,0.31694462011815905,0.15384615384615385,0.2,False
P2,F4_KelvinOp,minimax_oracle,2.0,3,6,38,,0.3333333333333333,0.7962744483539582,0.3333333333333333,0.6666666666666667,0.20372555164604178,6,0.15789473684210525,0.3333333333333333,1.0,0.724769865034516,0.9097270741041221,0.3333333333333333,1.0,0.0,0.6666666666666667,0.0902729258958778,0.275230134965484,0.15384615384615385,0.2,False
