key,metric,independent,primary,abs_diff,rel_diff,tolerance,status
P0_F1_Frobenius,kendall_tau,0.2453490536947952,0.2453490536947952,0.0,0.0,0.001,pass
P0_F1_Frobenius,kendall_tau_ci95_low,0.1865572446397607,0.1865572446397607,0.0,0.0,0.001,pass
P0_F1_Frobenius,kendall_tau_ci95_high,0.3053057382468965,0.3053057382468965,0.0,0.0,0.001,pass
P0_F1_Frobenius,spearman_rho,0.3503386827745531,0.3503386827745531,0.0,0.0,0.001,pass
P0_F1_Frobenius,permutation_tau_pvalue,0.0002,0.0002,0.0,0.0,0.001,pass
P0_F1_Frobenius,top_10pct_observed_jaccard,0.07547169811320754,0.0754716981132075,4.163336342344337e-17,5.51642065360625e-16,0.001,pass
P0_F1_Frobenius,top_10pct_expected_jaccard,0.05275760760908707,0.052757607609087,6.938893903907228e-17,1.3152404398853122e-15,0.001,pass
P0_F1_Frobenius,top_10pct_chance_adjusted_jaccard,0.023979174376674968,0.0239791743766749,6.938893903907228e-17,2.893716770606102e-15,0.001,pass
P0_F1_Frobenius,top_10pct_hypergeometric_pvalue,0.19253854262356407,0.192538542623564,5.551115123125783e-17,2.8831189056930174e-16,0.001,pass
P0_F1_Frobenius,median_normalized_rank_displacement,0.1888111888111888,0.1888111888111888,0.0,0.0,0.001,pass
P0_F3_Longitudinal,kendall_tau,0.26857345047318515,0.2685734504731851,5.551115123125783e-17,2.0668890068417306e-16,0.001,pass
P0_F3_Longitudinal,kendall_tau_ci95_low,0.21403764401199835,0.2140376440119983,5.551115123125783e-17,2.593522811723065e-16,0.001,pass
P0_F3_Longitudinal,kendall_tau_ci95_high,0.3243666961873743,0.3243666961873743,0.0,0.0,0.001,pass
P0_F3_Longitudinal,spearman_rho,0.38825674355866324,0.3882567435586632,5.551115123125783e-17,1.429753691396488e-16,0.001,pass
P0_F3_Longitudinal,permutation_tau_pvalue,0.0002,0.0002,0.0,0.0,0.001,pass
P0_F3_Longitudinal,top_10pct_observed_jaccard,0.06542056074766354,0.0654205607476635,4.163336342344337e-17,6.363956980440634e-16,0.001,pass
P0_F3_Longitudinal,top_10pct_expected_jaccard,0.05275760760908707,0.052757607609087,6.938893903907228e-17,1.3152404398853122e-15,0.001,pass
P0_F3_Longitudinal,top_10pct_chance_adjusted_jaccard,0.013368228914052508,0.0133682289140525,8.673617379884035e-18,6.488232237530319e-16,0.001,pass
P0_F3_Longitudinal,top_10pct_hypergeometric_pvalue,0.3339236538419765,0.3339236538419765,0.0,0.0,0.001,pass
P0_F3_Longitudinal,median_normalized_rank_displacement,0.1853146853146853,0.1853146853146853,0.0,0.0,0.001,pass
P0_F4_KelvinOp,kendall_tau,0.255259681075164,0.255259681075164,0.0,0.0,0.001,pass
P0_F4_KelvinOp,kendall_tau_ci95_low,0.19704022954450628,0.1970402295445062,8.326672684688674e-17,4.225874433833776e-16,0.001,pass
P0_F4_KelvinOp,kendall_tau_ci95_high,0.3153708205860884,0.3153708205860884,0.0,0.0,0.001,pass
P0_F4_KelvinOp,spearman_rho,0.3655405146817599,0.3655405146817599,0.0,0.0,0.001,pass
P0_F4_KelvinOp,permutation_tau_pvalue,0.0002,0.0002,0.0,0.0,0.001,pass
P0_F4_KelvinOp,top_10pct_observed_jaccard,0.08571428571428572,0.0857142857142857,1.3877787807814457e-17,1.61907524424502e-16,0.001,pass
P0_F4_KelvinOp,top_10pct_expected_jaccard,0.05275760760908707,0.052757607609087,6.938893903907228e-17,1.3152404398853122e-15,0.001,pass
P0_F4_KelvinOp,top_10pct_chance_adjusted_jaccard,0.03479223308620452,0.0347922330862045,2.0816681711721685e-17,5.983140449807956e-16,0.001,pass
P0_F4_KelvinOp,top_10pct_hypergeometric_pvalue,0.09792859132644674,0.0979285913264467,4.163336342344337e-17,4.2514002151483844e-16,0.001,pass
P0_F4_KelvinOp,median_normalized_rank_displacement,0.18356643356643357,0.1835664335664335,5.551115123125783e-17,3.024036048026618e-16,0.001,pass
P2_F1_Frobenius,kendall_tau,0.191753834607627,0.191753834607627,0.0,0.0,0.001,pass
P2_F1_Frobenius,kendall_tau_ci95_low,0.09450899897711948,0.0945089989771194,8.326672684688674e-17,8.810454850658782e-16,0.001,pass
P2_F1_Frobenius,kendall_tau_ci95_high,0.2835532085884057,0.2835532085884057,0.0,0.0,0.001,pass
P2_F1_Frobenius,spearman_rho,0.2669622405892357,0.2669622405892357,0.0,0.0,0.001,pass
P2_F1_Frobenius,permutation_tau_pvalue,0.0004,0.0004,0.0,0.0,0.001,pass
P2_F1_Frobenius,top_10pct_observed_jaccard,0.05263157894736842,0.0526315789473684,2.0816681711721685e-17,3.955169525227122e-16,0.001,pass
P2_F1_Frobenius,top_10pct_expected_jaccard,0.051934439199011924,0.0519344391990119,2.0816681711721685e-17,4.008261576090676e-16,0.001,pass
P2_F1_Frobenius,top_10pct_chance_adjusted_jaccard,0.0007353286282939176,0.0007353286282939,1.7564075194265172e-17,2.388602118622406e-14,0.001,pass
P2_F1_Frobenius,top_10pct_hypergeometric_pvalue,0.6011758696832252,0.6011758696832252,0.0,0.0,0.001,pass
P2_F1_Frobenius,median_normalized_rank_displacement,0.23300970873786409,0.233009708737864,8.326672684688674e-17,3.5735303605122236e-16,0.001,pass
P2_F3_Longitudinal,kendall_tau,0.21515646248778617,0.2151564624877861,5.551115123125783e-17,2.580036434388256e-16,0.001,pass
P2_F3_Longitudinal,kendall_tau_ci95_low,0.1202284083491248,0.1202284083491248,0.0,0.0,0.001,pass
P2_F3_Longitudinal,kendall_tau_ci95_high,0.3030252430973294,0.3030252430973294,0.0,0.0,0.001,pass
P2_F3_Longitudinal,spearman_rho,0.3138496663955456,0.3138496663955456,0.0,0.0,0.001,pass
P2_F3_Longitudinal,permutation_tau_pvalue,0.0002,0.0002,0.0,0.0,0.001,pass
P2_F3_Longitudinal,top_10pct_observed_jaccard,0.02564102564102564,0.0256410256410256,4.163336342344337e-17,1.6237011735142942e-15,0.001,pass
P2_F3_Longitudinal,top_10pct_expected_jaccard,0.051934439199011924,0.0519344391990119,2.0816681711721685e-17,4.008261576090676e-16,0.001,pass
P2_F3_Longitudinal,top_10pct_chance_adjusted_jaccard,-0.027733750328164945,-0.0277337503281649,4.5102810375396984e-17,1.6262788062093789e-15,0.001,pass
P2_F3_Longitudinal,top_10pct_hypergeometric_pvalue,0.8820379332865877,0.8820379332865877,0.0,0.0,0.001,pass
P2_F3_Longitudinal,median_normalized_rank_displacement,0.23786407766990292,0.2378640776699029,2.7755575615628914e-17,1.1668670564937872e-16,0.001,pass
P2_F4_KelvinOp,kendall_tau,0.2051690979877105,0.2051690979877105,0.0,0.0,0.001,pass
P2_F4_KelvinOp,kendall_tau_ci95_low,0.10794832975262614,0.1079483297526261,4.163336342344337e-17,3.8567862530944384e-16,0.001,pass
P2_F4_KelvinOp,kendall_tau_ci95_high,0.2971096702013457,0.2971096702013457,0.0,0.0,0.001,pass
P2_F4_KelvinOp,spearman_rho,0.28950708065055125,0.2895070806505512,5.551115123125783e-17,1.9174367378690273e-16,0.001,pass
P2_F4_KelvinOp,permutation_tau_pvalue,0.0004,0.0004,0.0,0.0,0.001,pass
P2_F4_KelvinOp,top_10pct_observed_jaccard,0.02564102564102564,0.0256410256410256,4.163336342344337e-17,1.6237011735142942e-15,0.001,pass
P2_F4_KelvinOp,top_10pct_expected_jaccard,0.051934439199011924,0.0519344391990119,2.0816681711721685e-17,4.008261576090676e-16,0.001,pass
P2_F4_KelvinOp,top_10pct_chance_adjusted_jaccard,-0.027733750328164945,-0.0277337503281649,4.5102810375396984e-17,1.6262788062093789e-15,0.001,pass
P2_F4_KelvinOp,top_10pct_hypergeometric_pvalue,0.8820379332865877,0.8820379332865877,0.0,0.0,0.001,pass
P2_F4_KelvinOp,median_normalized_rank_displacement,0.22815533980582525,0.2281553398058252,5.551115123125783e-17,2.4330419475827903e-16,0.001,pass
