q_percentile,k,n,observed_overlap,observed_jaccard,expected_jaccard,chance_adjusted_jaccard,adj_jaccard_ci95_low,adj_jaccard_ci95_high,hypergeometric_pvalue,overlap_enrichment,mean_rank_displacement_in_union,median_rank_displacement_in_union,panel,metric
1,5,573,0,0.0,0.0048647682070274215,-0.004888549869008643,-0.004888549869008643,-0.004888549869008643,1.0,0.0,340.2,368.5,P0,F1_Frobenius
2,11,573,0,0.0,0.010144239897062002,-0.010248200097362744,-0.010248200097362744,-0.010248200097362744,1.0,0.0,240.8181818181818,183.0,P0,F1_Frobenius
3,17,573,0,0.0,0.015500234329753358,-0.015744274270294834,-0.015744274270294834,0.015035855253047433,1.0,0.0,193.89705882352942,142.75,P0,F1_Frobenius
4,22,573,0,0.0,0.02001050598232266,-0.020419102556176693,-0.020419102556176693,0.02817228327983172,1.0,0.0,184.20454545454547,143.25,P0,F1_Frobenius
5,28,573,1,0.01818181818181818,0.025477572909264095,-0.007486492382967622,-0.026143649649318874,0.05279047724678258,0.7625610938212595,0.7136401197465302,194.43636363636364,146.5,P0,F1_Frobenius
6,34,573,1,0.014925373134328358,0.031004428935034415,-0.01659352868149286,-0.03199646093424275,0.0503571736979139,0.8828317987548299,0.4813948731519119,223.6417910447761,179.0,P0,F1_Frobenius
7,40,573,4,0.05263157894736842,0.03659167305736104,0.016649125237384824,-0.024842472853864758,0.09359363812960823,0.3021084629914409,1.4383485243996155,220.1315789473684,177.5,P0,F1_Frobenius
8,45,573,6,0.07142857142857142,0.041294420937402626,0.031432121757999316,-0.031353177177307553,0.07282391142646089,0.1301014547021626,1.7297390254448306,219.45238095238096,186.5,P0,F1_Frobenius
9,51,573,8,0.0851063829787234,0.046994555952628414,0.039991195500663414,-0.017514617312897968,0.10395833559664742,0.07065424925003903,1.810983873632354,215.4255319148936,188.0,P0,F1_Frobenius
10,57,573,8,0.07547169811320754,0.05275760760908707,0.023979174376674968,-0.01730704978698331,0.10425794358378829,0.19253854262356407,1.4305367800682485,226.14622641509433,196.5,P0,F1_Frobenius
11,63,573,11,0.09565217391304348,0.05858458404020633,0.039374317909427824,-0.00934924799377043,0.11509761414494404,0.0691668085593569,1.632719178263651,225.97826086956522,196.0,P0,F1_Frobenius
12,68,573,14,0.11475409836065574,0.06348998130614933,0.05473952870894474,-0.009851913199545405,0.1163082184098947,0.019621626725187958,1.8074363230209554,229.04508196721312,197.5,P0,F1_Frobenius
13,74,573,18,0.13846153846153847,0.06943688706444504,0.07417514238163624,0.011665069878206561,0.12311159914146404,0.0028712962228367458,1.9940631603060057,224.15769230769232,196.5,P0,F1_Frobenius
14,80,573,21,0.1510791366906475,0.07545075520425892,0.08180027393034862,0.014044269700603788,0.14782388032467383,0.0011835785807384862,2.002354201513938,222.14388489208633,196.0,P0,F1_Frobenius
15,85,573,22,0.14864864864864866,0.08051427689820931,0.07410052167052147,0.0254292442073145,0.1454850619498917,0.002673512516616943,1.8462396282410716,217.83445945945945,186.0,P0,F1_Frobenius
16,91,573,26,0.16666666666666666,0.08665385984471832,0.08760403455402464,0.02529406618210439,0.13869820861899929,0.0005519807005161501,1.9233611401191983,215.22756410256412,177.5,P0,F1_Frobenius
17,97,573,29,0.17575757575757575,0.09286367473140028,0.09137976147259994,0.03126596174468248,0.1574240950336024,0.0003351403668804773,1.8926407582506133,216.76969696969698,182.0,P0,F1_Frobenius
18,103,573,31,0.17714285714285713,0.09914492971776269,0.08658210404550172,0.029458823363465725,0.16577574317286986,0.0005896419299347943,1.7867061648753222,213.94285714285715,179.0,P0,F1_Frobenius
19,108,573,36,0.2,0.10443477276239174,0.10670939908238894,0.04290292758827383,0.16092645867565433,4.189235129144599e-05,1.915070954911126,211.45555555555555,175.5,P0,F1_Frobenius
20,114,573,38,0.2,0.11085023542627534,0.10026405913346305,0.04557191037532984,0.16737143593842574,9.903853386067267e-05,1.8042361320289366,206.79473684210527,172.5,P0,F1_Frobenius
21,120,573,38,0.18811881188118812,0.11734072027853504,0.08018733075008067,0.01669358920038536,0.1431407517994446,0.0012444872793296792,1.6031843969820971,205.0742574257426,172.5,P0,F1_Frobenius
22,126,573,40,0.18867924528301888,0.12390754979930439,0.07393248905281237,0.02459443138712708,0.14818503852480136,0.002564779035275853,1.5227421217563137,201.75943396226415,171.5,P0,F1_Frobenius
23,131,573,43,0.1963470319634703,0.12943920253995603,0.0768560100784749,0.022610258278361356,0.14260843650285493,0.001859573182548429,1.5169054514443627,198.66666666666666,168.0,P0,F1_Frobenius
24,137,573,49,0.21777777777777776,0.13614953768030674,0.0944934842985152,0.03450586696239168,0.1600613451077665,0.00021562509273936794,1.5995484192472442,199.33777777777777,170.0,P0,F1_Frobenius
25,143,573,52,0.2222222222222222,0.1429401392933665,0.09250472057282998,0.0509407325700743,0.1495472809939664,0.0002845818080401098,1.5546523413282767,197.81623931623932,169.0,P0,F1_Frobenius
26,148,573,56,0.23333333333333334,0.14866133274015444,0.09945748249131894,0.04150952919076033,0.16904563601819064,0.00011530295886892613,1.5695630399142009,197.3875,169.0,P0,F1_Frobenius
27,154,573,62,0.25203252032520324,0.15560287751019589,0.11419939770835932,0.056279351532700105,0.1640398408040527,1.450771037152465e-05,1.6197163211759293,197.3008130081301,169.0,P0,F1_Frobenius
28,160,573,66,0.25984251968503935,0.16262888566726297,0.11609384698592273,0.05364202726272823,0.17791567809358463,1.1297017257920164e-05,1.59776363601651,196.63779527559055,169.0,P0,F1_Frobenius
29,166,573,70,0.26717557251908397,0.16974090852766702,0.11735452823362887,0.06653193270810834,0.1779196523710369,9.714891687477384e-06,1.574019927409164,195.59541984732823,169.0,P0,F1_Frobenius
30,171,573,74,0.27611940298507465,0.17573444559908336,0.12178715566848107,0.055436170522373644,0.194358545672036,5.110149877273816e-06,1.5712309675190674,195.1492537313433,169.0,P0,F1_Frobenius
31,177,573,79,0.2872727272727273,0.1830083192418814,0.1276199139923859,0.07233481724217188,0.19342698124160834,2.14493430065993e-06,1.5697249636670343,194.12363636363636,167.0,P0,F1_Frobenius
32,183,573,83,0.29328621908127206,0.1903728151227539,0.12711209045447464,0.0830647270318785,0.18577655334690996,2.464729161936949e-06,1.5405887594410934,192.87632508833923,167.0,P0,F1_Frobenius
33,189,573,90,0.3125,0.19782963807008228,0.14295013549744684,0.07750269129907009,0.20792503497236967,1.9050216046030827e-07,1.5796419740165277,192.23611111111111,164.0,P0,F1_Frobenius
34,194,573,94,0.3197278911564626,0.20411544453627195,0.14526283469947246,0.08023577192758916,0.21582411557960107,1.3597725689859222e-07,1.5664071471066265,190.96938775510205,159.0,P0,F1_Frobenius
35,200,573,101,0.3377926421404682,0.2117461055962624,0.1599060118054371,0.0941601041546655,0.2127278506654804,1.0673299853027181e-08,1.595272041435036,190.1170568561873,158.0,P0,F1_Frobenius
36,206,573,106,0.3464052287581699,0.21947416273996465,0.16262250390555322,0.09752825326575847,0.23931247633087072,7.093224368522331e-09,1.5783417256663355,190.0718954248366,160.5,P0,F1_Frobenius
37,212,573,113,0.3633440514469453,0.22730149363603225,0.17606162907066927,0.10005699550677642,0.22864288573443153,5.996190821387547e-10,1.5985114995713665,188.88102893890675,160.0,P0,F1_Frobenius
38,217,573,116,0.36477987421383645,0.23390149173608848,0.17083753729574155,0.10605688764431975,0.2227249508514921,1.828681706804241e-09,1.5595448815068622,187.96226415094338,160.5,P0,F1_Frobenius
39,223,573,122,0.3765432098765432,0.24191586374086366,0.17758892410018695,0.1178343633491656,0.23556719152601907,5.576233371711573e-10,1.5565048279756064,186.98302469135803,159.0,P0,F1_Frobenius
40,229,573,127,0.38368580060422963,0.25003509898592313,0.17820927544420892,0.10333968002147892,0.23583456519368481,5.652004218471523e-10,1.5345277609437984,186.19486404833836,158.0,P0,F1_Frobenius
41,234,573,132,0.39285714285714285,0.256882726086866,0.18297840938921767,0.11821623430057247,0.24641773289546665,2.4808961084997284e-10,1.5293248745900356,185.48065476190476,159.0,P0,F1_Frobenius
42,240,573,136,0.3953488372093023,0.26519963409964514,0.1771218539748339,0.12347921081804343,0.2457585853393056,9.107808645975056e-10,1.4907593615334906,184.76889534883722,159.0,P0,F1_Frobenius
43,246,573,144,0.41379310344827586,0.2736274229346693,0.19296664678600597,0.12808749486095936,0.2446403076112643,4.5493193843259534e-11,1.5122501210234043,183.95833333333334,157.0,P0,F1_Frobenius
44,252,573,148,0.4157303370786517,0.28216832632827377,0.18606313380852232,0.1321770234995026,0.24894588166478696,2.175432770931879e-10,1.4733416131015085,183.31039325842696,157.0,P0,F1_Frobenius
45,257,573,153,0.42382271468144045,0.28937380606327734,0.1891977945160505,0.12995105560726417,0.2640455555826363,1.3500761486465633e-10,1.4646201757071378,182.59141274238226,156.0,P0,F1_Frobenius
46,263,573,159,0.4332425068119891,0.2981280897313316,0.19250580498219014,0.13295091393502947,0.2498529030709768,8.381022067113559e-11,1.4532092806230388,181.2493188010899,151.0,P0,F1_Frobenius
47,269,573,165,0.44235924932975873,0.3070021521112328,0.1953210931763991,0.12002739502748032,0.25265808881518603,5.7853766402989775e-11,1.4408995060382621,180.82171581769438,150.0,P0,F1_Frobenius
48,275,573,168,0.4397905759162304,0.3159984701785904,0.1809822059461792,0.1167428171711737,0.2493981655552735,1.1572402951212976e-09,1.3917490665941432,179.1740837696335,147.25,P0,F1_Frobenius
49,280,573,171,0.43958868894601544,0.32359062621322854,0.17149091545463066,0.10780173189809902,0.23938059507136764,7.766510164568468e-09,1.358471640820493,177.83676092544988,147.0,P0,F1_Frobenius
50,286,573,178,0.4517766497461929,0.33281774305900164,0.17830046505225228,0.11385601382965962,0.23511239984351126,2.6898967966153736e-09,1.3574295817098379,177.2043147208122,146.75,P0,F1_Frobenius
1,5,573,0,0.0,0.0048647682070274215,-0.004888549869008643,-0.004888549869008643,-0.004888549869008643,1.0,0.0,346.5,419.5,P0,F3_Longitudinal
2,11,573,0,0.0,0.010144239897062002,-0.010248200097362744,-0.010248200097362744,-0.010248200097362744,1.0,0.0,248.8181818181818,208.25,P0,F3_Longitudinal
3,17,573,0,0.0,0.015500234329753358,-0.015744274270294834,-0.015744274270294834,-0.015744274270294834,1.0,0.0,219.5,180.0,P0,F3_Longitudinal
4,22,573,0,0.0,0.02001050598232266,-0.020419102556176693,-0.020419102556176693,-0.019825835636085757,1.0,0.0,219.9090909090909,180.0,P0,F3_Longitudinal
5,28,573,1,0.01818181818181818,0.025477572909264095,-0.007486492382967622,-0.026143649649318874,0.03246121626316412,0.7625610938212595,0.7136401197465302,222.07272727272726,190.0,P0,F3_Longitudinal
6,34,573,2,0.030303030303030304,0.031004428935034415,-0.000723840905932362,-0.03199646093424275,0.06833804427081316,0.61515108602871,0.9773774697326696,218.84848484848484,190.0,P0,F3_Longitudinal
7,40,573,3,0.03896103896103896,0.03659167305736104,0.0024593579247929767,-0.03798147891609379,0.06194596178625474,0.5420758462727502,1.0647515050750402,213.5974025974026,190.0,P0,F3_Longitudinal
8,45,573,5,0.058823529411764705,0.041294420937402626,0.01828414151037035,-0.031353177177307553,0.05904347413439998,0.2726365746959756,1.4244909621310369,222.13529411764705,192.0,P0,F3_Longitudinal
9,51,573,7,0.07368421052631578,0.046994555952628414,0.028005773461626405,-0.028325710121847508,0.06506330402015284,0.15527433057773457,1.5679307748027485,225.05789473684212,198.0,P0,F3_Longitudinal
10,57,573,7,0.06542056074766354,0.05275760760908707,0.013368228914052508,-0.01730704978698331,0.08018566766878402,0.3339236538419765,1.2400213677694396,226.0607476635514,198.0,P0,F3_Longitudinal
11,63,573,10,0.08620689655172414,0.05858458404020633,0.02934125790085587,-0.027403097885329797,0.08131431650381872,0.13702765109078122,1.4714945572125382,221.81465517241378,197.5,P0,F3_Longitudinal
12,68,573,11,0.088,0.06348998130614933,0.026171656687703947,-0.010068400999348581,0.09508963043386111,0.16481429466783504,1.3860454545680696,215.556,192.0,P0,F3_Longitudinal
13,74,573,14,0.1044776119402985,0.06943688706444504,0.037655398531018465,-0.013211387546627698,0.09353553777636085,0.0757773434579549,1.5046413564498051,212.12313432835822,191.0,P0,F3_Longitudinal
14,80,573,18,0.1267605633802817,0.07545075520425892,0.05549710679538605,-0.009500941769232541,0.11868965401098745,0.017346258203565442,1.6800436660589781,213.20070422535213,194.5,P0,F3_Longitudinal
15,85,573,20,0.13333333333333333,0.08051427689820931,0.05744412893866841,0.010037472701855878,0.11777987324006618,0.014280011197226886,1.6560209998768398,213.97333333333333,194.5,P0,F3_Longitudinal
16,91,573,24,0.1518987341772152,0.08665385984471832,0.07143499212839978,0.0034669215727790273,0.12121862275466586,0.0034625791054481146,1.7529367352985101,213.5632911392405,192.0,P0,F3_Longitudinal
17,97,573,26,0.15476190476190477,0.09286367473140028,0.06823476064876649,0.024163486666280848,0.13188351291430847,0.004773378520811609,1.666549436144321,210.02380952380952,189.0,P0,F3_Longitudinal
18,103,573,31,0.17714285714285713,0.09914492971776269,0.08658210404550172,0.029289044591058182,0.14938449245122282,0.0005896419299347943,1.7867061648753222,207.12571428571428,181.0,P0,F3_Longitudinal
19,108,573,36,0.2,0.10443477276239174,0.10670939908238894,0.04290292758827383,0.16903199914640832,4.189235129144599e-05,1.915070954911126,204.73333333333332,181.0,P0,F3_Longitudinal
20,114,573,42,0.22580645161290322,0.11085023542627534,0.12928779916141583,0.039226696310858754,0.167568201395107,1.4228223889112773e-06,2.0370407942262183,202.96774193548387,179.0,P0,F3_Longitudinal
21,120,573,44,0.22448979591836735,0.11734072027853504,0.12139347322518905,0.06048878459124838,0.18042638655832305,4.6752829191135155e-06,1.9131448604158,201.5,176.0,P0,F3_Longitudinal
22,126,573,48,0.23529411764705882,0.12390754979930439,0.12714019830012,0.061252147129388555,0.18469139401659557,1.8817392142996204e-06,1.8989489988961088,199.48039215686273,174.5,P0,F3_Longitudinal
23,131,573,48,0.22429906542056074,0.12943920253995603,0.10896408746795021,0.05813341307441479,0.1851693667105571,2.9124628989422603e-05,1.7328526522042103,195.85046728971963,169.0,P0,F3_Longitudinal
24,137,573,55,0.2511415525114155,0.13614953768030674,0.1331156488847865,0.05787766592451774,0.18802867910223384,7.10751338316505e-07,1.8446008469093884,193.6255707762557,166.0,P0,F3_Longitudinal
25,143,573,57,0.24890829694323144,0.1429401392933665,0.1236414893616599,0.06853725821100798,0.18325424851554697,3.275461019585738e-06,1.7413463997847292,194.04366812227073,168.0,P0,F3_Longitudinal
26,148,573,60,0.2542372881355932,0.14866133274015444,0.12401169999155563,0.05840124027432399,0.18919988804528137,3.140463328393166e-06,1.7101776463956184,194.07627118644066,169.0,P0,F3_Longitudinal
27,154,573,66,0.2727272727272727,0.15560287751019589,0.13870771476781182,0.07317460610884101,0.17702792237348128,2.917514338618799e-07,1.75271355575929,193.46694214876032,169.0,P0,F3_Longitudinal
28,160,573,67,0.2648221343873518,0.16262888566726297,0.12204057074684502,0.07015427106185183,0.18436220239024506,4.542179758675091e-06,1.6283831331733722,191.02766798418972,166.0,P0,F3_Longitudinal
29,166,573,72,0.27692307692307694,0.16974090852766702,0.1290948446048803,0.06666755349427776,0.19736288590125028,1.5436610941655865e-06,1.6314457093761796,190.43076923076924,165.0,P0,F3_Longitudinal
30,171,573,75,0.2808988764044944,0.17573444559908336,0.12758561878986374,0.07135026265355247,0.188209744048194,2.0467267187912507e-06,1.5984281023956501,190.2621722846442,166.0,P0,F3_Longitudinal
31,177,573,80,0.291970802919708,0.1830083192418814,0.13337037113611247,0.07755429490630959,0.19342698124160834,8.423936761479223e-07,1.595396341156553,188.86861313868613,165.0,P0,F3_Longitudinal
32,183,573,85,0.302491103202847,0.1903728151227539,0.1384813778172385,0.07246263921206447,0.1917122140542961,3.813040227131897e-07,1.5889406426426922,187.18861209964413,164.0,P0,F3_Longitudinal
33,189,573,89,0.3079584775086505,0.19782963807008228,0.1372885918816703,0.0671004485125731,0.20195873288847224,4.986412275933432e-07,1.5566852394460453,186.560553633218,164.0,P0,F3_Longitudinal
34,194,573,92,0.3108108108108108,0.20411544453627195,0.13405884753269523,0.0750463157780415,0.21582411557960107,9.048702130504752e-07,1.5227206913075053,185.69932432432432,164.0,P0,F3_Longitudinal
35,200,573,98,0.32450331125827814,0.2117461055962624,0.1430468107579845,0.08386564076294624,0.2127278506654804,2.1624993398459543e-07,1.5325113552596363,184.63576158940398,162.5,P0,F3_Longitudinal
36,206,573,103,0.3333333333333333,0.21947416273996465,0.14587495398366426,0.0870253890797671,0.21504526701102125,1.4489954894510929e-07,1.518781660546851,183.0,159.0,P0,F3_Longitudinal
37,212,573,111,0.3546325878594249,0.22730149363603225,0.16478755060957154,0.10513779467177009,0.2346793459863437,5.25196761060614e-09,1.5601859107326512,182.17252396166134,158.0,P0,F3_Longitudinal
38,217,573,118,0.37341772151898733,0.23390149173608848,0.18211265036798271,0.11639324985094927,0.2346686334506442,1.991915544285599e-10,1.5964743052614443,182.08860759493672,158.5,P0,F3_Longitudinal
39,223,573,123,0.38080495356037153,0.24191586374086366,0.18321065324605515,0.10754251257644638,0.24140363226398798,1.8225158785578445e-10,1.5741214638502732,181.67801857585138,158.0,P0,F3_Longitudinal
40,229,573,128,0.3878787878787879,0.25003509898592313,0.18380018679071145,0.11886714624010274,0.24163117603109732,1.862599477965283e-10,1.551297355658956,180.27575757575758,156.5,P0,F3_Longitudinal
41,234,573,132,0.39285714285714285,0.256882726086866,0.18297840938921767,0.12841547321207686,0.2584163890722748,2.4808961084997284e-10,1.5293248745900356,178.19345238095238,156.0,P0,F3_Longitudinal
42,240,573,139,0.40762463343108507,0.26519963409964514,0.19382815515738866,0.13383247925160338,0.26385143770615704,3.213261673114365e-11,1.5370482497646496,177.33724340175954,156.0,P0,F3_Longitudinal
43,246,573,143,0.40974212034383956,0.2736274229346693,0.18738964232253494,0.1279571973951819,0.2624800238485559,1.4091512302371646e-10,1.497445380106031,175.69627507163324,154.0,P0,F3_Longitudinal
44,252,573,150,0.423728813559322,0.28216832632827377,0.19720568543174327,0.14271738353797025,0.2669482729597165,2.274465751521683e-11,1.5016880848148677,174.88983050847457,153.5,P0,F3_Longitudinal
45,257,573,156,0.43575418994413406,0.28937380606327734,0.20598788101229362,0.1403294345823742,0.2641953008816002,4.240283930886864e-12,1.5058522257845541,173.9217877094972,152.5,P0,F3_Longitudinal
46,263,573,163,0.4490358126721763,0.2981280897313316,0.21500749742653041,0.14362746108879926,0.26183113977044437,7.534444006211157e-13,1.5061841810238021,174.08126721763085,154.0,P0,F3_Longitudinal
47,269,573,167,0.4501347708894879,0.3070021521112328,0.20654121685126683,0.15148521144136953,0.270480338292909,5.741512093203811e-12,1.466226760281457,173.03369272237197,148.0,P0,F3_Longitudinal
48,275,573,174,0.4627659574468085,0.3159984701785904,0.21457186989996727,0.14310388738303845,0.27300197750628363,1.3094654316773093e-12,1.464456322162796,173.01329787234042,150.0,P0,F3_Longitudinal
49,280,573,179,0.46981627296587924,0.32359062621322854,0.21617921397811127,0.13903028816187027,0.27490057358485565,1.1336665816818519e-12,1.4518846805416916,172.84251968503938,148.0,P0,F3_Longitudinal
50,286,573,183,0.4704370179948586,0.33281774305900164,0.20626938666929684,0.14552710868910881,0.2704055275625622,1.15374027711972e-11,1.4134974105375744,171.5012853470437,147.0,P0,F3_Longitudinal
1,5,573,0,0.0,0.0048647682070274215,-0.004888549869008643,-0.004888549869008643,-0.004888549869008643,1.0,0.0,321.0,309.0,P0,F4_KelvinOp
2,11,573,0,0.0,0.010144239897062002,-0.010248200097362744,-0.010248200097362744,-0.010248200097362744,1.0,0.0,243.9090909090909,208.5,P0,F4_KelvinOp
3,17,573,0,0.0,0.015500234329753358,-0.015744274270294834,-0.015744274270294834,-0.015744274270294834,1.0,0.0,195.5,147.5,P0,F4_KelvinOp
4,22,573,0,0.0,0.02001050598232266,-0.020419102556176693,-0.020419102556176693,0.05424570982598258,1.0,0.0,200.5,157.5,P0,F4_KelvinOp
5,28,573,0,0.0,0.025477572909264095,-0.026143649649318874,-0.026143649649318874,0.03246121626316412,1.0,0.0,213.91071428571428,172.0,P0,F4_KelvinOp
6,34,573,2,0.030303030303030304,0.031004428935034415,-0.000723840905932362,-0.03199646093424275,0.049908020092284455,0.61515108602871,0.9773774697326696,221.5909090909091,184.0,P0,F4_KelvinOp
7,40,573,2,0.02564102564102564,0.03659167305736104,-0.011366569200296517,-0.03798147891609379,0.07734979651902774,0.7893552550834071,0.7007338965023768,216.62179487179486,181.0,P0,F4_KelvinOp
8,45,573,4,0.046511627906976744,0.041294420937402626,0.00544192824524438,-0.031353177177307553,0.07318608958606,0.4795287179350617,1.1263416909873316,219.5639534883721,184.0,P0,F4_KelvinOp
9,51,573,7,0.07368421052631578,0.046994555952628414,0.028005773461626405,-0.028325710121847508,0.10395833559664742,0.15527433057773457,1.5679307748027485,224.73157894736843,184.0,P0,F4_KelvinOp
10,57,573,9,0.08571428571428572,0.05275760760908707,0.03479223308620452,-0.01730704978698331,0.09210144424671114,0.09792859132644674,1.624681057363225,229.38571428571427,189.0,P0,F4_KelvinOp
11,63,573,12,0.10526315789473684,0.05858458404020633,0.04958339651464139,0.00025381501886153165,0.11480806538128364,0.031330145861704996,1.7967723014384673,230.01315789473685,189.5,P0,F4_KelvinOp
12,68,573,14,0.11475409836065574,0.06348998130614933,0.05473952870894474,-0.009851913199545405,0.1163082184098947,0.019621626725187958,1.8074363230209554,230.79508196721312,190.5,P0,F4_KelvinOp
13,74,573,16,0.12121212121212122,0.06943688706444504,0.055638605730186315,0.011454761663262316,0.12311159914146404,0.01754905291451037,1.745644517439601,226.54924242424244,189.5,P0,F4_KelvinOp
14,80,573,19,0.1347517730496454,0.07545075520425892,0.06414046431727682,0.014044269700603788,0.12849887435636262,0.007665405902021586,1.7859565843290477,218.41489361702128,184.0,P0,F4_KelvinOp
15,85,573,22,0.14864864864864866,0.08051427689820931,0.07410052167052147,0.017492551706838496,0.13611900524657006,0.002673512516616943,1.8462396282410716,215.80067567567568,184.0,P0,F4_KelvinOp
16,91,573,27,0.17419354838709677,0.08665385984471832,0.09584503037095604,0.02529406618210439,0.12990053626344072,0.00019941112673079318,2.0102226109632912,212.0225806451613,184.0,P0,F4_KelvinOp
17,97,573,28,0.1686746987951807,0.09286367473140028,0.08357180938745129,0.024339069431151304,0.14901833382978422,0.0008645647200110193,1.8163689869376471,213.3855421686747,184.0,P0,F4_KelvinOp
18,103,573,30,0.17045454545454544,0.09914492971776269,0.07915770037731096,0.02266767246716389,0.15742701615643045,0.0014199583253178543,1.719246218034355,208.82386363636363,178.5,P0,F4_KelvinOp
19,108,573,32,0.17391304347826086,0.10443477276239174,0.07758035774811899,0.035855880613224804,0.13735825760575537,0.0016877206663233847,1.665279091227066,206.46195652173913,178.5,P0,F4_KelvinOp
20,114,573,35,0.18134715025906736,0.11085023542627534,0.07928575999408782,0.03278386356847277,0.15958730798180612,0.0013811352523759206,1.6359654046894503,205.2642487046632,176.0,P0,F4_KelvinOp
21,120,573,40,0.2,0.11734072027853504,0.09364800395861608,0.03510373627173242,0.1577095324746301,0.0002357620418884925,1.70443814837044,201.73,171.0,P0,F4_KelvinOp
22,126,573,45,0.21739130434782608,0.12390754979930439,0.10670535344426994,0.04266989490980901,0.17005195799499234,4.01141689413262e-05,1.7544637489801005,199.6086956521739,170.0,P0,F4_KelvinOp
23,131,573,49,0.2300469483568075,0.12943920253995603,0.11556659352268737,0.04006202872916958,0.17070557091639493,1.1072680925754834e-05,1.7772586963041224,200.81690140845072,172.0,P0,F4_KelvinOp
24,137,573,52,0.23423423423423423,0.13614953768030674,0.11354360602012199,0.045946019513339244,0.16695516224892606,1.5055158643997259e-05,1.7204188734319505,200.31981981981983,175.5,P0,F4_KelvinOp
25,143,573,54,0.23275862068965517,0.1429401392933665,0.10479837583600593,0.06252530482848408,0.16301719962934777,5.4066288112744586e-05,1.628364305787807,199.08189655172413,177.0,P0,F4_KelvinOp
26,148,573,57,0.2384937238493724,0.14866133274015444,0.10551898388259077,0.05272526208764264,0.175872735075814,4.976779880082748e-05,1.6042754323091952,196.50627615062763,172.0,P0,F4_KelvinOp
27,154,573,63,0.2571428571428571,0.15560287751019589,0.12025145151283637,0.056279351532700105,0.17702792237348128,5.794400330633544e-06,1.6525584954301877,194.84489795918367,170.0,P0,F4_KelvinOp
28,160,573,69,0.2749003984063745,0.16262888566726297,0.13407617102791464,0.058967851351725865,0.19086200931839833,6.552731866692647e-07,1.6903540676581765,193.6414342629482,169.0,P0,F4_KelvinOp
29,166,573,72,0.27692307692307694,0.16974090852766702,0.1290948446048803,0.0721325688776975,0.19061410239023768,1.5436610941655865e-06,1.6314457093761796,191.69230769230768,167.5,P0,F4_KelvinOp
30,171,573,76,0.2857142857142857,0.17573444559908336,0.13342767937832442,0.0714849647634899,0.18179450657581334,7.907899650586801e-07,1.6258297270081468,190.25375939849624,165.0,P0,F4_KelvinOp
31,177,573,79,0.2872727272727273,0.1830083192418814,0.1276199139923859,0.0670189425546513,0.19327096638326496,2.14493430065993e-06,1.5697249636670343,189.98363636363635,165.0,P0,F4_KelvinOp
32,183,573,83,0.29328621908127206,0.1903728151227539,0.12711209045447464,0.07774553040071108,0.17973202220169407,2.464729161936949e-06,1.5405887594410934,188.51060070671377,165.0,P0,F4_KelvinOp
33,189,573,83,0.28135593220338984,0.19782963807008228,0.10412538046451147,0.06697170788402736,0.1957303324316217,7.966331504456383e-05,1.422213248470474,187.62542372881356,165.0,P0,F4_KelvinOp
34,194,573,90,0.30201342281879195,0.20411544453627195,0.12300524945540503,0.06476816961777229,0.20364981007563526,5.280067505325749e-06,1.4796206308882385,186.99161073825502,162.0,P0,F4_KelvinOp
35,200,573,95,0.3114754098360656,0.2117461055962624,0.12651926612458017,0.07370108115856835,0.2127278506654804,3.2733381914922212e-06,1.4709853055335889,186.0311475409836,161.0,P0,F4_KelvinOp
36,206,573,104,0.33766233766233766,0.21947416273996465,0.15142122051623788,0.0820151374590784,0.22089945126888294,5.473186450384396e-08,1.5385060976968101,186.32305194805195,162.0,P0,F4_KelvinOp
37,212,573,113,0.3633440514469453,0.22730149363603225,0.17606162907066927,0.10005699550677642,0.2166891058934739,5.996190821387547e-10,1.5985114995713665,185.9823151125402,163.0,P0,F4_KelvinOp
38,217,573,118,0.37341772151898733,0.23390149173608848,0.18211265036798271,0.1112747819171547,0.22867740305593967,1.991915544285599e-10,1.5964743052614443,185.15348101265823,160.5,P0,F4_KelvinOp
39,223,573,124,0.38509316770186336,0.24191586374086366,0.18886729996425794,0.11273826288177878,0.24140363226398798,5.772582477395915e-11,1.5918475198235404,184.5947204968944,162.0,P0,F4_KelvinOp
40,229,573,127,0.38368580060422963,0.25003509898592313,0.17820927544420892,0.1135317510881584,0.2598443698233316,5.652004218471523e-10,1.5345277609437984,183.91389728096678,161.0,P0,F4_KelvinOp
41,234,573,132,0.39285714285714285,0.256882726086866,0.18297840938921767,0.12880662762481693,0.2525489906524815,2.4808961084997284e-10,1.5293248745900356,183.70982142857142,164.0,P0,F4_KelvinOp
42,240,573,140,0.4117647058823529,0.26519963409964514,0.1994624371248384,0.13383247925160338,0.24590719457639892,9.914453338193974e-12,1.5526594042269226,182.9985294117647,162.0,P0,F4_KelvinOp
43,246,573,143,0.40974212034383956,0.2736274229346693,0.18738964232253494,0.13332842913902723,0.2507003545650049,1.4091512302371646e-10,1.497445380106031,181.35386819484242,160.0,P0,F4_KelvinOp
44,252,573,150,0.423728813559322,0.28216832632827377,0.19720568543174327,0.13743276466936866,0.25486191185422413,2.274465751521683e-11,1.5016880848148677,180.17090395480227,159.0,P0,F4_KelvinOp
45,257,573,155,0.43175487465181056,0.28937380606327734,0.20036000615143587,0.14562649934696925,0.2640455555826363,1.3849386365413909e-11,1.4920316407539622,179.0431754874652,158.0,P0,F4_KelvinOp
46,263,573,159,0.4332425068119891,0.2981280897313316,0.19250580498219014,0.13308169259445798,0.25000115130888667,8.381022067113559e-11,1.4532092806230388,177.8841961852861,157.0,P0,F4_KelvinOp
47,269,573,165,0.44235924932975873,0.3070021521112328,0.1953210931763991,0.13018785353371712,0.270480338292909,5.7853766402989775e-11,1.4408995060382621,177.46782841823057,156.0,P0,F4_KelvinOp
48,275,573,172,0.455026455026455,0.3159984701785904,0.20325683318890284,0.13239946468596214,0.25528845355376545,1.4147457474185763e-11,1.4399641073239728,176.99074074074073,154.0,P0,F4_KelvinOp
49,280,573,175,0.45454545454545453,0.32359062621322854,0.19360291771105417,0.12310395671044143,0.2510942861660073,1.1872184023239283e-10,1.404692898137086,176.312987012987,152.0,P0,F4_KelvinOp
50,286,573,179,0.455470737913486,0.33281774305900164,0.1838373151840743,0.12443952193824051,0.25254657351282694,9.58550371738216e-10,1.3685290144904942,174.5941475826972,143.0,P0,F4_KelvinOp
1,2,207,0,0.0,0.006456857870956645,-0.006498819826907944,-0.006498819826907944,-0.006498819826907944,1.0,0.0,64.5,48.5,P2,F1_Frobenius
2,4,207,0,0.0,0.011122815779594241,-0.011247924370267537,-0.011247924370267537,-0.011247924370267537,1.0,0.0,65.25,48.5,P2,F1_Frobenius
3,6,207,0,0.0,0.01600382210473546,-0.01626411002832055,-0.01626411002832055,-0.01626411002832055,1.0,0.0,61.333333333333336,49.5,P2,F1_Frobenius
4,8,207,0,0.0,0.020966898074285582,-0.02141592356075053,-0.02141592356075053,-0.02141592356075053,1.0,0.0,61.09375,52.0,P2,F1_Frobenius
5,10,207,0,0.0,0.025991658248233813,-0.026685252203782456,-0.026685252203782456,-0.026685252203782456,1.0,0.0,63.15,58.0,P2,F1_Frobenius
6,12,207,0,0.0,0.031072415432779176,-0.03206887276994794,-0.03206887276994794,0.01280368691570197,1.0,0.0,68.125,58.0,P2,F1_Frobenius
7,14,207,0,0.0,0.036207304103381195,-0.03756752282678118,-0.03756752282678118,0.08694057991243258,1.0,0.0,72.53571428571429,65.25,P2,F1_Frobenius
8,16,207,0,0.0,0.04139582470386405,-0.04318343876509392,-0.04318343876509392,0.06473208938301923,1.0,0.0,75.53125,68.0,P2,F1_Frobenius
9,18,207,1,0.02857142857142857,0.04663807212234519,-0.018950456298518267,-0.048919587366121745,0.08314700180931052,0.8195567412940211,0.6126202750507659,79.17142857142858,68.5,P2,F1_Frobenius
10,20,207,2,0.05263157894736842,0.051934439199011924,0.0007353286282939176,-0.05477937533680086,0.1313581614873405,0.6011758696832252,1.0134234577114631,80.60526315789474,70.75,P2,F1_Frobenius
11,22,207,4,0.1,0.05728548595055176,0.0453101266744767,-0.06076652591724811,0.13991903304006909,0.19080125357102973,1.745642868183382,78.725,68.0,P2,F1_Frobenius
12,24,207,4,0.09090909090909091,0.06269187579404333,0.030104524207503144,-0.06688502337174655,0.11604672575760434,0.29561366577394094,1.4500936486211926,81.04545454545455,70.75,P2,F1_Frobenius
13,26,207,5,0.10638297872340426,0.06815434199363612,0.041024644372498704,-0.052097145529704965,0.15147141844255424,0.21027566901230568,1.5609127109368572,79.95744680851064,68.5,P2,F1_Frobenius
14,28,207,6,0.12,0.07367366895097721,0.05001081098122333,-0.04005933021821531,0.12718594819358042,0.1538146686295908,1.628804452237183,79.94,70.75,P2,F1_Frobenius
15,31,207,6,0.10714285714285714,0.08206108652851644,0.027324008434816045,-0.03448103304504445,0.14623307624131196,0.3076989977311177,1.305647556904145,80.46428571428571,70.75,P2,F1_Frobenius
16,33,207,7,0.11864406779661017,0.08772624567645379,0.033890947726630635,-0.043963994214813056,0.12307024485955705,0.2527351772483207,1.3524352590464828,81.66101694915254,73.0,P2,F1_Frobenius
17,35,207,8,0.12903225806451613,0.09345129076599037,0.03924882020800622,-0.05369283621189368,0.14849603038578327,0.21275361656665498,1.380743454765364,81.95161290322581,74.0,P2,F1_Frobenius
18,37,207,8,0.12121212121212122,0.09923714989278395,0.024395956512551137,-0.04673182596830721,0.12642351334984792,0.32777484659942446,1.2214389605412799,82.62121212121212,75.5,P2,F1_Frobenius
19,39,207,8,0.11428571428571428,0.10508477630537333,0.010281351503168308,-0.057022968098185536,0.1270122808117664,0.4606296653379096,1.087557287590386,84.34285714285714,76.5,P2,F1_Frobenius
20,41,207,8,0.10810810810810811,0.11099514776220629,-0.0032474959465417386,-0.06716847082425459,0.12697956481178369,0.5970211502688674,0.9739894967275209,82.71621621621621,75.5,P2,F1_Frobenius
21,43,207,9,0.11688311688311688,0.1169692662424416,-9.75609976315607e-05,-0.062558265606053,0.12688946445585406,0.562921385973256,0.9992634872211119,82.81818181818181,76.0,P2,F1_Frobenius
22,45,207,11,0.13924050632911392,0.12300815790549867,0.018509121344672794,-0.05881421468384563,0.12576700411674321,0.37725863730829173,1.1319615601112065,83.10126582278481,76.0,P2,F1_Frobenius
23,47,207,12,0.14634146341463414,0.12911287323072992,0.019782804974758456,-0.055866141110933416,0.12417397089718735,0.3649143106910911,1.133438206065758,82.7560975609756,76.5,P2,F1_Frobenius
24,49,207,14,0.16666666666666666,0.1352844872914943,0.03629191209589325,-0.053654176108490034,0.17831205136597217,0.2298751165702461,1.231971750815405,83.04761904761905,77.5,P2,F1_Frobenius
25,51,207,16,0.18604651162790697,0.1415241001326649,0.05186215652893968,-0.05246693804156868,0.17427995404039304,0.136501727763057,1.314592436577987,81.24418604651163,76.5,P2,F1_Frobenius
26,53,207,18,0.20454545454545456,0.14783283723031132,0.06655104748558668,-0.0376022040581268,0.15215906514228203,0.07755923258125255,1.383626658174663,81.64772727272727,76.5,P2,F1_Frobenius
27,55,207,20,0.2222222222222222,0.1542118500188111,0.08041064680904281,-0.02387268190333377,0.18362985992231354,0.04271817960442867,1.4410191058282165,80.94444444444444,76.5,P2,F1_Frobenius
28,57,207,22,0.2391304347826087,0.16066231647509882,0.09348813933621261,-0.010898074922041704,0.1783340770338085,0.02305947894601595,1.4884040018162674,80.07608695652173,75.5,P2,F1_Frobenius
29,60,207,24,0.25,0.17047463565771853,0.09586851440683307,-0.006541200789803941,0.2143876230051883,0.02075563413731592,1.4664938220014951,79.20833333333333,75.0,P2,F1_Frobenius
30,62,207,26,0.2653061224489796,0.1771090699615144,0.10717951707565952,-0.008868428293961297,0.1726108054223606,0.011653009255386412,1.4979815686832432,78.85714285714286,75.0,P2,F1_Frobenius
31,64,207,27,0.26732673267326734,0.18381929942755854,0.10231488344081098,-0.025049619574361064,0.1831874164641613,0.015279409233061812,1.4542908905961656,77.07920792079207,73.0,P2,F1_Frobenius
32,66,207,28,0.2692307692307692,0.19060662994319472,0.09713958897644104,-0.0020791926789954034,0.19314730185649728,0.020200685873308335,1.4124942522251527,75.74038461538461,72.5,P2,F1_Frobenius
33,68,207,30,0.2830188679245283,0.19747239794244414,0.10659629620558386,-0.005594750623631843,0.18616043710301464,0.012574950700948849,1.4332072273058525,75.5,72.5,P2,F1_Frobenius
34,70,207,31,0.28440366972477066,0.2044179712589868,0.10053733691340293,-0.00985036664313762,0.19458122999191196,0.017538256416979883,1.3912850615489485,75.12844036697248,72.0,P2,F1_Frobenius
35,72,207,33,0.2972972972972973,0.2114447500158511,0.10887321754965422,0.011279150110502883,0.20288219679716324,0.011552166332481855,1.4060282758262392,74.62162162162163,72.0,P2,F1_Frobenius
36,74,207,35,0.30973451327433627,0.21855416755207283,0.11668159447038752,0.005548285743464499,0.2273634846649544,0.007705032151893097,1.4171979273766937,74.04424778761062,72.0,P2,F1_Frobenius
37,76,207,36,0.3103448275862069,0.2257476913868653,0.10926300801204543,7.58928651348584e-05,0.2015757508180698,0.011793906408569055,1.3747419771144722,73.77586206896552,70.25,P2,F1_Frobenius
38,78,207,37,0.31092436974789917,0.2330268242220785,0.10156488908078326,0.019522424317818674,0.19272160765527702,0.01794688082462166,1.3342857449388874,73.50420168067227,68.5,P2,F1_Frobenius
39,80,207,38,0.3114754098360656,0.24039310498392288,0.09357775096372478,0.012647193014057338,0.19907185471447977,0.02708070970725185,1.2956919453113955,72.63934426229508,66.75,P2,F1_Frobenius
40,82,207,40,0.3225806451612903,0.24784810990510914,0.09935830281135499,0.01820157844930131,0.20456146402142467,0.020892087243907904,1.301525540319001,72.26612903225806,66.75,P2,F1_Frobenius
41,84,207,43,0.344,0.25539345364871047,0.11899780734601119,0.023279165572074507,0.2260728981439743,0.00770142092099507,1.3469413373185608,72.424,67.5,P2,F1_Frobenius
42,86,207,45,0.3543307086614173,0.2630307904751997,0.12388566171589178,0.0019597916902360604,0.23108501774171156,0.006047070674547488,1.3471073406321452,71.48818897637796,66.0,P2,F1_Frobenius
43,89,207,48,0.36923076923076925,0.27466300217769113,0.13037769662515558,0.020944844026553725,0.221718827624795,0.004392223685163109,1.3443047163370705,70.1923076923077,65.0,P2,F1_Frobenius
44,91,207,49,0.3684210526315789,0.2825378300197272,0.11970418261106805,0.024338802393933767,0.2256657161856617,0.008229347176249348,1.3039707022803113,70.15037593984962,64.0,P2,F1_Frobenius
45,93,207,52,0.3880597014925373,0.2905107706055924,0.13749177132711218,0.02727086405596331,0.24573557988117312,0.003126188022578636,1.3357842144151715,69.88059701492537,64.0,P2,F1_Frobenius
46,95,207,54,0.39705882352941174,0.29858367206809533,0.14039472356120664,0.02974092781366548,0.23232249233608704,0.002742314098247372,1.3298075570550894,69.59558823529412,63.5,P2,F1_Frobenius
47,97,207,55,0.39568345323741005,0.30675842940529724,0.12827422301843175,0.04496643940541494,0.23544320441226332,0.005710604344457377,1.2898861622303548,68.31654676258992,62.0,P2,F1_Frobenius
48,99,207,57,0.40425531914893614,0.31503698597261987,0.13025277474726532,0.03328771247246722,0.2539798060087992,0.005316074101740318,1.2831995516363603,68.09929078014184,59.0,P2,F1_Frobenius
49,101,207,60,0.4225352112676056,0.3234213350331762,0.1464927603640731,0.04771560887895272,0.23925197614946977,0.002179198320720279,1.3064543538052689,68.08450704225352,60.5,P2,F1_Frobenius
50,103,207,63,0.4405594405594406,0.3319135213688942,0.16262253864673243,0.04838428895218064,0.290400136453231,0.0008486299355640634,1.327332007272447,67.6923076923077,59.0,P2,F1_Frobenius
1,2,207,0,0.0,0.006456857870956645,-0.006498819826907944,-0.006498819826907944,-0.006498819826907944,1.0,0.0,80.0,73.0,P2,F3_Longitudinal
2,4,207,0,0.0,0.011122815779594241,-0.011247924370267537,-0.011247924370267537,-0.011247924370267537,1.0,0.0,81.5,87.0,P2,F3_Longitudinal
3,6,207,0,0.0,0.01600382210473546,-0.01626411002832055,-0.01626411002832055,-0.01626411002832055,1.0,0.0,71.25,68.0,P2,F3_Longitudinal
4,8,207,0,0.0,0.020966898074285582,-0.02141592356075053,-0.02141592356075053,-0.02141592356075053,1.0,0.0,71.9375,62.0,P2,F3_Longitudinal
5,10,207,0,0.0,0.025991658248233813,-0.026685252203782456,-0.026685252203782456,-0.026685252203782456,1.0,0.0,82.55,70.0,P2,F3_Longitudinal
6,12,207,0,0.0,0.031072415432779176,-0.03206887276994794,-0.03206887276994794,0.01280368691570197,1.0,0.0,84.95833333333333,79.0,P2,F3_Longitudinal
7,14,207,0,0.0,0.036207304103381195,-0.03756752282678118,-0.03756752282678118,0.04224536354450969,1.0,0.0,86.10714285714286,84.25,P2,F3_Longitudinal
8,16,207,1,0.03225806451612903,0.04139582470386405,-0.009532360095252185,-0.04318343876509392,0.02636212381924567,0.7377275030093844,0.7792588925790368,87.80645161290323,86.5,P2,F3_Longitudinal
9,18,207,1,0.02857142857142857,0.04663807212234519,-0.018950456298518267,-0.048919587366121745,0.046436738758071146,0.8195567412940211,0.6126202750507659,85.48571428571428,82.0,P2,F3_Longitudinal
10,20,207,1,0.02564102564102564,0.051934439199011924,-0.027733750328164945,-0.05477937533680086,0.03074327671753435,0.8820379332865877,0.4937191204235334,83.53846153846153,77.0,P2,F3_Longitudinal
11,22,207,1,0.023255813953488372,0.05728548595055176,-0.03609753694242839,-0.06076652591724811,0.016850536954745643,0.9268548351905516,0.40596345771706555,79.88372093023256,76.0,P2,F3_Longitudinal
12,24,207,1,0.02127659574468085,0.06269187579404333,-0.04418534202341151,-0.06688502337174655,0.004887241836898369,0.9570606963073394,0.3393836198900663,79.02127659574468,76.0,P2,F3_Longitudinal
13,26,207,1,0.0196078431372549,0.06815434199363612,-0.052097145529704965,-0.07313908844029907,0.01628916892972585,0.9761829206155198,0.28769763691777367,78.41176470588235,77.0,P2,F3_Longitudinal
14,28,207,2,0.037037037037037035,0.07367366895097721,-0.0395504593639812,-0.07953316933951894,0.02630341588984566,0.9232981139986163,0.5027174235299947,80.31481481481481,77.0,P2,F3_Longitudinal
15,31,207,3,0.05084745762711865,0.08206108652851644,-0.03400403713505656,-0.08939711055300602,0.049253430790103817,0.8835753416223358,0.6196293490392553,82.45762711864407,79.0,P2,F3_Longitudinal
16,33,207,3,0.047619047619047616,0.08772624567645379,-0.043963994214813056,-0.09616219392555371,0.033890947726630635,0.9322114195649773,0.5428141515900848,83.6984126984127,79.0,P2,F3_Longitudinal
17,35,207,4,0.06060606060606061,0.09345129076599037,-0.03623107046027611,-0.08709795330194466,0.08076276007556149,0.888268048275854,0.6485310166322166,86.66666666666667,82.5,P2,F3_Longitudinal
18,37,207,4,0.05714285714285714,0.09923714989278395,-0.04673182596830721,-0.07933205960536728,0.06329396255677054,0.9366099232032595,0.5758212242551748,84.64285714285714,80.5,P2,F3_Longitudinal
19,39,207,6,0.08333333333333333,0.10508477630537333,-0.02430559051419409,-0.08801837844091429,0.066526195475772,0.7968181141714343,0.7930105222013231,84.68055555555556,80.5,P2,F3_Longitudinal
20,41,207,8,0.10810810810810811,0.11099514776220629,-0.0032474959465417386,-0.09673192170519677,0.08756708474568975,0.5970211502688674,0.9739894967275209,83.87837837837837,80.5,P2,F3_Longitudinal
21,43,207,10,0.13157894736842105,0.1169692662424416,0.01654492937500704,-0.09153100208104367,0.10678941942382203,0.39657574954071323,1.1249018788892635,83.38157894736842,80.5,P2,F3_Longitudinal
22,45,207,10,0.125,0.12300815790549867,0.002271220778683934,-0.07353822799232401,0.10675648987786457,0.5371723963223378,1.0161927641907422,81.6625,78.0,P2,F3_Longitudinal
23,47,207,11,0.13253012048192772,0.12911287323072992,0.003923869289324276,-0.0837457527020648,0.08728494148199122,0.5190850739963161,1.0264671303928854,80.92771084337349,77.0,P2,F3_Longitudinal
24,49,207,13,0.15294117647058825,0.1352844872914943,0.0204190730010021,-0.08102907251851975,0.12168376798613058,0.3587133145126887,1.1305152536894307,79.90588235294118,76.0,P2,F3_Longitudinal
25,51,207,14,0.1590909090909091,0.1415241001326649,0.020462786388014957,-0.07902363900586233,0.11925592658750982,0.3580438038372861,1.1241259187783357,78.07954545454545,75.0,P2,F3_Longitudinal
26,53,207,14,0.15217391304347827,0.14783283723031132,0.0050941599287371185,-0.06459921771305106,0.11643957973761751,0.5043263905895388,1.0293647601879135,77.57608695652173,73.5,P2,F3_Longitudinal
27,55,207,14,0.14583333333333334,0.1542118500188111,-0.009906164665069031,-0.07697310387851845,0.13024061176027696,0.6498825084482152,0.9456687881997672,76.8125,71.5,P2,F3_Longitudinal
28,57,207,15,0.15151515151515152,0.16066231647509882,-0.010898074922041704,-0.03839466657117393,0.12629523524594968,0.6576841930306416,0.9430658964676074,75.82828282828282,70.0,P2,F3_Longitudinal
29,60,207,19,0.18811881188118812,0.17047463565771853,0.021270207014657587,-0.059044980009441625,0.14490042292894978,0.3509917435723541,1.1035003017040952,76.41584158415841,71.0,P2,F3_Longitudinal
30,62,207,23,0.22772277227722773,0.1771090699615144,0.06150718214058598,-0.047994685104360946,0.1557364205329482,0.09733113192610236,1.2857770204920145,76.41584158415841,71.0,P2,F3_Longitudinal
31,64,207,24,0.23076923076923078,0.18381929942755854,0.05752394207403232,-0.050187607403221146,0.1836173178239171,0.11406534949258319,1.2554135038479721,75.39423076923077,70.5,P2,F3_Longitudinal
32,66,207,26,0.24528301886792453,0.19060662994319472,0.06755230639076336,-0.027755400345401977,0.210303319278363,0.07773715142456075,1.2868546017576863,74.83962264150944,69.0,P2,F3_Longitudinal
33,68,207,28,0.25925925925925924,0.19747239794244414,0.07699032551454082,-0.03122460183892678,0.18616043710301464,0.0527638321854017,1.3128885958777068,74.4074074074074,69.0,P2,F3_Longitudinal
34,70,207,31,0.28440366972477066,0.2044179712589868,0.10053733691340293,-0.022596404447865277,0.2113308776153719,0.017538256416979883,1.3912850615489485,74.5045871559633,70.0,P2,F3_Longitudinal
35,72,207,34,0.3090909090909091,0.2114447500158511,0.1238291915208488,0.024506184891633302,0.23665241264335576,0.005016817802742871,1.4618046041234785,74.42727272727272,69.0,P2,F3_Longitudinal
36,74,207,37,0.3333333333333333,0.21855416755207283,0.14688051431755375,0.018586502405576844,0.24437988410983333,0.0012523926247180984,1.52517491231968,74.54954954954955,70.0,P2,F3_Longitudinal
37,76,207,40,0.35714285714285715,0.2257476913868653,0.16970587532551376,0.026030207121367697,0.25161443383441945,0.0002763122188970402,1.5820443387428451,73.99107142857143,69.0,P2,F3_Longitudinal
38,78,207,41,0.3565217391304348,0.2330268242220785,0.16101595050322134,0.0323167482077689,0.24140999947220013,0.0005234989028404639,1.5299600821520167,72.96521739130435,66.0,P2,F3_Longitudinal
39,80,207,42,0.3559322033898305,0.24039310498392288,0.15210380417026392,0.025604578932508004,0.23108807951537205,0.000983539547238014,1.480625675239873,72.20338983050847,64.0,P2,F3_Longitudinal
40,82,207,43,0.35537190082644626,0.24784810990510914,0.14295489027857392,0.01820157844930131,0.2373876704102444,0.001827869697907705,1.433829376235726,71.65289256198348,64.0,P2,F3_Longitudinal
41,84,207,43,0.344,0.25539345364871047,0.11899780734601119,0.049244282410969606,0.22648145694585917,0.00770142092099507,1.3469413373185608,70.8,64.0,P2,F3_Longitudinal
42,86,207,43,0.3333333333333333,0.2630307904751997,0.09539413851966062,0.027563700664215287,0.24742873708778496,0.026398579932302622,1.2672787574835738,69.63565891472868,61.0,P2,F3_Longitudinal
43,89,207,46,0.3484848484848485,0.27466300217769113,0.1017759283323392,0.03360051379559826,0.25416239874488555,0.020105159629733454,1.2687724437651013,68.89393939393939,61.0,P2,F3_Longitudinal
44,91,207,49,0.3684210526315789,0.2825378300197272,0.11970418261106805,0.037374357963182385,0.22606837001324526,0.008229347176249348,1.3039707022803113,68.56390977443608,61.0,P2,F3_Longitudinal
45,93,207,53,0.39849624060150374,0.2905107706055924,0.15220170444036699,0.02727086405596331,0.2617089842834862,0.0012752106201505179,1.3717090067635263,68.56390977443608,61.0,P2,F3_Longitudinal
46,95,207,56,0.417910447761194,0.29858367206809533,0.1701226089859192,0.042895574860575963,0.29847157462912255,0.00041537998874197724,1.3996426692276893,68.77611940298507,61.0,P2,F3_Longitudinal
47,97,207,58,0.4264705882352941,0.30675842940529724,0.17268462237095913,0.04496643940541494,0.2676545532940562,0.0003692179185551334,1.3902489625536256,68.1470588235294,60.5,P2,F3_Longitudinal
48,99,207,59,0.4244604316546763,0.31503698597261987,0.15975088207855034,0.060043238462186455,0.2867503670773648,0.0009143585759033867,1.3473352353985717,67.53237410071942,60.0,P2,F3_Longitudinal
49,101,207,62,0.44285714285714284,0.3234213350331762,0.17652907785648725,0.07463463979945106,0.28877005374919285,0.0003203268420132504,1.3692885870120937,67.47142857142858,60.0,P2,F3_Longitudinal
50,103,207,64,0.4507042253521127,0.3319135213688942,0.17780737641423006,0.08908189053755051,0.3078776277268197,0.00031281017948845606,1.357896549358086,67.02816901408451,60.0,P2,F3_Longitudinal
1,2,207,0,0.0,0.006456857870956645,-0.006498819826907944,-0.006498819826907944,-0.006498819826907944,1.0,0.0,69.5,49.0,P2,F4_KelvinOp
2,4,207,0,0.0,0.011122815779594241,-0.011247924370267537,-0.011247924370267537,-0.011247924370267537,1.0,0.0,81.25,79.0,P2,F4_KelvinOp
3,6,207,0,0.0,0.01600382210473546,-0.01626411002832055,-0.01626411002832055,-0.01626411002832055,1.0,0.0,71.58333333333333,60.0,P2,F4_KelvinOp
4,8,207,0,0.0,0.020966898074285582,-0.02141592356075053,-0.02141592356075053,-0.02141592356075053,1.0,0.0,71.0,60.0,P2,F4_KelvinOp
5,10,207,0,0.0,0.025991658248233813,-0.026685252203782456,-0.026685252203782456,0.027350813701679775,1.0,0.0,72.1,60.0,P2,F4_KelvinOp
6,12,207,0,0.0,0.031072415432779176,-0.03206887276994794,-0.03206887276994794,0.06175557020913824,1.0,0.0,73.75,60.0,P2,F4_KelvinOp
7,14,207,0,0.0,0.036207304103381195,-0.03756752282678118,-0.03756752282678118,0.04224536354450969,1.0,0.0,80.14285714285714,61.25,P2,F4_KelvinOp
8,16,207,1,0.03225806451612903,0.04139582470386405,-0.009532360095252185,-0.04318343876509392,0.027321372958340227,0.7377275030093844,0.7792588925790368,84.03225806451613,69.0,P2,F4_KelvinOp
9,18,207,1,0.02857142857142857,0.04663807212234519,-0.018950456298518267,-0.048919587366121745,0.046436738758071146,0.8195567412940211,0.6126202750507659,80.4,62.0,P2,F4_KelvinOp
10,20,207,1,0.02564102564102564,0.051934439199011924,-0.027733750328164945,-0.05477937533680086,0.03153515312544504,0.8820379332865877,0.4937191204235334,82.71794871794872,69.0,P2,F4_KelvinOp
11,22,207,1,0.023255813953488372,0.05728548595055176,-0.03609753694242839,-0.06076652591724811,0.016850536954745643,0.9268548351905516,0.40596345771706555,83.44186046511628,69.0,P2,F4_KelvinOp
12,24,207,1,0.02127659574468085,0.06269187579404333,-0.04418534202341151,-0.06688502337174655,0.030104524207503144,0.9570606963073394,0.3393836198900663,81.82978723404256,69.0,P2,F4_KelvinOp
13,26,207,1,0.0196078431372549,0.06815434199363612,-0.052097145529704965,-0.07313908844029907,0.041024644372498704,0.9761829206155198,0.28769763691777367,79.23529411764706,62.0,P2,F4_KelvinOp
14,28,207,1,0.01818181818181818,0.07367366895097721,-0.059905293533345866,-0.07953316933951894,0.050627687077988905,0.9875441381707155,0.24678855336927016,81.30909090909091,69.0,P2,F4_KelvinOp
15,31,207,2,0.03333333333333333,0.08206108652851644,-0.05308387353457249,-0.08939711055300602,0.049253430790103817,0.9681681170989922,0.4062014621479562,83.21666666666667,79.0,P2,F4_KelvinOp
16,33,207,4,0.06451612903225806,0.08772624567645379,-0.025442052381969598,-0.09616219392555371,0.05503259144348818,0.8175983599271651,0.7354256247349538,83.91935483870968,79.5,P2,F4_KelvinOp
17,35,207,6,0.09375,0.09345129076599037,0.00032950158217314146,-0.07105244393497713,0.10313928318652182,0.5675976121731474,1.0031964163529599,83.703125,79.5,P2,F4_KelvinOp
18,37,207,7,0.1044776119402985,0.09923714989278395,0.005817804372028428,-0.07933205960536728,0.10470151737803636,0.5080863198783669,1.0528074622575956,83.02985074626865,79.0,P2,F4_KelvinOp
19,39,207,9,0.13043478260869565,0.10508477630537333,0.02832671255570521,-0.05741557662919342,0.1060605755512488,0.2930362062141703,1.2412338608368536,83.43478260869566,79.0,P2,F4_KelvinOp
20,41,207,9,0.1232876712328767,0.11099514776220629,0.013827285013943183,-0.06716847082425459,0.12697956481178369,0.42393454460704616,1.110748295925563,83.46575342465754,79.0,P2,F4_KelvinOp
21,43,207,11,0.14666666666666667,0.1169692662424416,0.03363121949091602,-0.062558265606053,0.12688946445585406,0.24978524899413349,1.2538906276685657,81.44,79.0,P2,F4_KelvinOp
22,45,207,12,0.15384615384615385,0.12300815790549867,0.03516337833543063,-0.05917354077480168,0.14480390352458622,0.23812912396155417,1.2506987866962982,81.41025641025641,79.0,P2,F4_KelvinOp
23,47,207,14,0.175,0.12911287323072992,0.05269009652203442,-0.055866141110933416,0.1426366934179221,0.13209273952123207,1.3554031880869688,81.8875,79.0,P2,F4_KelvinOp
24,49,207,15,0.18072289156626506,0.1352844872914943,0.05254722924126373,-0.06749203583224131,0.1589456687382341,0.13290978292715322,1.3358729828118852,81.92771084337349,79.0,P2,F4_KelvinOp
25,51,207,15,0.1724137931034483,0.1415241001326649,0.03598201530824214,-0.06605109295906192,0.1554800779939913,0.2322073453539752,1.2182645425183933,81.0919540229885,79.0,P2,F4_KelvinOp
26,53,207,15,0.16483516483516483,0.14783283723031132,0.019951869008415023,-0.0376022040581268,0.1338609719526124,0.3624765889261332,1.1150104937671277,79.35164835164835,77.0,P2,F4_KelvinOp
27,55,207,17,0.1827956989247312,0.1542118500188111,0.03379551830627541,-0.03755416817755227,0.16541470466703048,0.2486123932866026,1.1853544257619202,79.33333333333333,77.0,P2,F4_KelvinOp
28,57,207,18,0.1875,0.16066231647509882,0.0319748345054556,-0.025283197002891365,0.16059356278794754,0.2626325892852321,1.167044046878664,78.73958333333333,76.0,P2,F4_KelvinOp
29,60,207,21,0.21212121212121213,0.17047463565771853,0.05020530806374384,-0.03329312639219078,0.16138528872517852,0.14708846890920682,1.244297788364905,78.11111111111111,75.0,P2,F4_KelvinOp
30,62,207,23,0.22772277227722773,0.1771090699615144,0.06150718214058598,-0.0224802869085831,0.1726108054223606,0.09733113192610236,1.2857770204920145,77.64356435643565,75.0,P2,F4_KelvinOp
31,64,207,23,0.21904761904761905,0.18381929942755854,0.04316240214373185,-0.024728513890415776,0.16676695731060587,0.1882492361924187,1.1916464687318844,75.46666666666667,69.0,P2,F4_KelvinOp
32,66,207,27,0.2571428571428571,0.19060662994319472,0.08220505586176562,-0.01486940938362453,0.19314730185649728,0.041344081574273814,1.3490761429415743,75.46666666666667,69.0,P2,F4_KelvinOp
33,68,207,29,0.27102803738317754,0.19747239794244414,0.09165496520262754,-0.018521110366997984,0.18574097033015433,0.02686433078430985,1.372485674996321,75.25233644859813,69.0,P2,F4_KelvinOp
34,70,207,32,0.2962962962962963,0.2044179712589868,0.11548567177001776,-0.010169017588255806,0.19458122999191196,0.007893925079861013,1.4494630509805053,74.81481481481481,68.5,P2,F4_KelvinOp
35,72,207,34,0.3090909090909091,0.2114447500158511,0.1238291915208488,0.011279150110502883,0.1868851499747393,0.005016817802742871,1.4618046041234785,74.67272727272727,68.5,P2,F4_KelvinOp
36,74,207,35,0.30973451327433627,0.21855416755207283,0.11668159447038752,0.018586502405576844,0.2110826071586976,0.007705032151893097,1.4171979273766937,74.27433628318585,68.0,P2,F4_KelvinOp
37,76,207,36,0.3103448275862069,0.2257476913868653,0.10926300801204543,0.01294754465074628,0.2015757508180698,0.011793906408569055,1.3747419771144722,73.5,65.0,P2,F4_KelvinOp
38,78,207,38,0.3220338983050847,0.2330268242220785,0.11604978752057217,0.019522424317818674,0.20839101507422672,0.008364593255072042,1.3819606364208998,72.78813559322033,62.0,P2,F4_KelvinOp
39,80,207,40,0.3333333333333333,0.24039310498392288,0.12235306045693983,0.025280644284546745,0.18288043559784053,0.006040046795358426,1.3866176958595635,72.29166666666667,61.25,P2,F4_KelvinOp
40,82,207,41,0.3333333333333333,0.24784810990510914,0.1136542027667303,0.0178814946763721,0.20456146402142467,0.010019196621567557,1.344909724996301,71.59349593495935,60.5,P2,F4_KelvinOp
41,84,207,43,0.344,0.25539345364871047,0.11899780734601119,0.0360007680433925,0.21040689971540086,0.00770142092099507,1.3469413373185608,71.336,60.5,P2,F4_KelvinOp
42,86,207,44,0.34375,0.2630307904751997,0.10952860510529094,0.014666934067456847,0.21541328189767722,0.01311372618958773,1.3068812186549355,70.1171875,60.0,P2,F4_KelvinOp
43,89,207,47,0.35877862595419846,0.27466300217769113,0.1159676454241946,0.020944844026553725,0.206282176485856,0.00975160729732149,1.3062502889343988,69.38167938931298,60.0,P2,F4_KelvinOp
44,91,207,49,0.3684210526315789,0.2825378300197272,0.11970418261106805,0.037374357963182385,0.22606837001324526,0.008229347176249348,1.3039707022803113,69.84962406015038,60.0,P2,F4_KelvinOp
45,93,207,51,0.37777777777777777,0.2905107706055924,0.12299976314886853,0.014360373169307763,0.24532600540931884,0.007109357081318509,1.300391641212718,69.55555555555556,60.0,P2,F4_KelvinOp
46,95,207,53,0.38686131386861317,0.29858367206809533,0.12585626864547136,0.02974092781366548,0.23272630940822484,0.006292709314549319,1.2956546189852778,69.27007299270073,60.0,P2,F4_KelvinOp
47,97,207,56,0.4057971014492754,0.30675842940529724,0.14286314647723308,0.04496643940541494,0.2512220970529096,0.002471154107667036,1.3228555845587724,68.79710144927536,59.75,P2,F4_KelvinOp
48,99,207,58,0.4142857142857143,0.31503698597261987,0.14489647802958183,0.046242301331775176,0.2871747163181061,0.0022886286975983164,1.3150383375040295,68.11428571428571,58.25,P2,F4_KelvinOp
49,101,207,60,0.4225352112676056,0.3234213350331762,0.1464927603640731,0.04771560887895272,0.2555134682995023,0.002179198320720279,1.3064543538052689,67.48591549295774,57.0,P2,F4_KelvinOp
50,103,207,64,0.4507042253521127,0.3319135213688942,0.17780737641423006,0.048048432255915825,0.3078776277268197,0.00031281017948845606,1.357896549358086,67.48591549295774,57.0,P2,F4_KelvinOp
