panel,metric,covariate,group,n,kendall_tau,delta_tau_vs_full
P0,F1_Frobenius,crystal_system,orthorhombic,117,0.33190862556506995,0.08655957187027474
P0,F1_Frobenius,crystal_system,tetragonal,85,0.3241350360977324,0.07878598240293722
P0,F1_Frobenius,crystal_system,cubic,50,0.24989793835051285,0.00454888465571765
P0,F1_Frobenius,crystal_system,hexagonal,161,0.17921341784675723,-0.06613563584803797
P0,F1_Frobenius,crystal_system,monoclinic,59,0.22111729521396487,-0.02423175848083034
P0,F1_Frobenius,crystal_system,trigonal,83,0.1999118230539844,-0.045437230640810816
P0,F1_Frobenius,crystal_system,triclinic,18,0.032679738562091505,-0.2126693151327037
P0,F1_Frobenius,anion_group,oxide,268,0.3036927292719291,0.05834367557713388
P0,F1_Frobenius,anion_group,sulfide,164,0.10671655820277313,-0.13863249549202206
P0,F1_Frobenius,anion_group,nitride,40,0.3912765397624133,0.14592748606761807
P0,F1_Frobenius,anion_group,other,12,0.303030303030303,0.05768124933550778
P0,F1_Frobenius,anion_group,halide,61,0.2262295081967213,-0.019119545498073903
P0,F1_Frobenius,anion_group,telluride,28,0.14814814814814814,-0.09720090554664707
P0,F1_Frobenius,response_magnitude_quartile,Q1_low,167,0.21089493676475837,-0.03445411693003683
P0,F1_Frobenius,response_magnitude_quartile,Q2,160,-0.038602146340607726,-0.2839512000354029
P0,F1_Frobenius,response_magnitude_quartile,Q3,146,0.06236711726122729,-0.18298193643356792
P0,F1_Frobenius,response_magnitude_quartile,Q4_high,100,0.01575757575757576,-0.22959147793721946
P0,F1_Frobenius,rms_match_quality,best_match,191,0.19803235325953358,-0.04731670043526162
P0,F1_Frobenius,rms_match_quality,mid_match,191,0.24608686067019403,0.0007378069753988248
P0,F1_Frobenius,rms_match_quality,loose_match,191,0.2857064148032599,0.04035736110846472
P0,F3_Longitudinal,crystal_system,orthorhombic,117,0.34841562648127233,0.07984217600808718
P0,F3_Longitudinal,crystal_system,tetragonal,85,0.38900210026626264,0.12042864979307749
P0,F3_Longitudinal,crystal_system,cubic,50,0.24989793835051285,-0.018675512122672294
P0,F3_Longitudinal,crystal_system,hexagonal,161,0.20294055850456238,-0.06563289196862276
P0,F3_Longitudinal,crystal_system,monoclinic,59,0.23866628689761285,-0.0299071635755723
P0,F3_Longitudinal,crystal_system,trigonal,83,0.20343967875493701,-0.06513377171824813
P0,F3_Longitudinal,crystal_system,triclinic,18,-0.006535947712418302,-0.2751093981856034
P0,F3_Longitudinal,anion_group,oxide,268,0.3288245235890016,0.060251073115816456
P0,F3_Longitudinal,anion_group,sulfide,164,0.14211944478911703,-0.12645400568406812
P0,F3_Longitudinal,anion_group,nitride,40,0.37893455053794395,0.1103611000647588
P0,F3_Longitudinal,anion_group,other,12,0.3636363636363636,0.09506291316317844
P0,F3_Longitudinal,anion_group,halide,61,0.23387978142076501,-0.034693669052420134
P0,F3_Longitudinal,anion_group,telluride,28,0.10052910052910052,-0.16804434994408463
P0,F3_Longitudinal,response_magnitude_quartile,Q1_low,149,0.06845789808230936,-0.2001155523908758
P0,F3_Longitudinal,response_magnitude_quartile,Q2,176,0.0682556177566164,-0.20031783271656875
P0,F3_Longitudinal,response_magnitude_quartile,Q3,146,0.03184352319926895,-0.2367299272739162
P0,F3_Longitudinal,response_magnitude_quartile,Q4_high,102,-0.06445976149197269,-0.33303321196515784
P0,F3_Longitudinal,rms_match_quality,best_match,191,0.21837076204358571,-0.050202688429599435
P0,F3_Longitudinal,rms_match_quality,mid_match,191,0.2577496631683194,-0.010823787304865773
P0,F3_Longitudinal,rms_match_quality,loose_match,191,0.31010413489399075,0.0415306844208056
P0,F4_KelvinOp,crystal_system,orthorhombic,117,0.3251289644744868,0.0698692833993228
P0,F4_KelvinOp,crystal_system,tetragonal,85,0.3325395746309493,0.0772798935557853
P0,F4_KelvinOp,crystal_system,cubic,50,0.24989793835051285,-0.005361742724651147
P0,F4_KelvinOp,crystal_system,hexagonal,161,0.19489847434807653,-0.060361206727087474
P0,F4_KelvinOp,crystal_system,monoclinic,59,0.21058790020377605,-0.044671780871387956
P0,F4_KelvinOp,crystal_system,trigonal,83,0.17580480909747448,-0.07945487197768952
P0,F4_KelvinOp,crystal_system,triclinic,18,0.08496732026143793,-0.17029236081372606
P0,F4_KelvinOp,anion_group,oxide,268,0.321918765675215,0.06665908460005099
P0,F4_KelvinOp,anion_group,sulfide,164,0.11360149744166172,-0.1416581836335023
P0,F4_KelvinOp,anion_group,nitride,40,0.3681848095469266,0.11292512847176261
P0,F4_KelvinOp,anion_group,other,12,0.3333333333333333,0.07807365225816931
P0,F4_KelvinOp,anion_group,halide,61,0.21420765027322403,-0.041052030801939976
P0,F4_KelvinOp,anion_group,telluride,28,0.1746031746031746,-0.08065650647198941
P0,F4_KelvinOp,response_magnitude_quartile,Q1_low,167,0.18481754913664888,-0.07044213193851512
P0,F4_KelvinOp,response_magnitude_quartile,Q2,160,-0.010693084884624273,-0.2659527659597883
P0,F4_KelvinOp,response_magnitude_quartile,Q3,147,0.11054667774619589,-0.1447130033289681
P0,F4_KelvinOp,response_magnitude_quartile,Q4_high,99,0.04720676149247578,-0.20805291958268823
P0,F4_KelvinOp,rms_match_quality,best_match,191,0.20982721092653614,-0.04543247014862786
P0,F4_KelvinOp,rms_match_quality,mid_match,191,0.26262125220458554,0.00736157112942154
P0,F4_KelvinOp,rms_match_quality,loose_match,191,0.2912209180806824,0.0359612370055184
P2,F1_Frobenius,crystal_system,cubic,31,0.21290322580645166,0.02114939119882467
P2,F1_Frobenius,crystal_system,orthorhombic,27,0.08831908831908834,-0.10343474628853865
P2,F1_Frobenius,crystal_system,hexagonal,91,0.07988274152664386,-0.11187109308098313
P2,F1_Frobenius,crystal_system,trigonal,26,-0.1076923076923077,-0.2994461422999347
P2,F1_Frobenius,crystal_system,tetragonal,29,0.4808881584200148,0.2891343238123878
P2,F1_Frobenius,anion_group,oxide,85,0.38296680583025083,0.19121297122262385
P2,F1_Frobenius,anion_group,nitride,23,0.3438735177865613,0.1521196831789343
P2,F1_Frobenius,anion_group,sulfide,71,-0.06080128973636491,-0.2525551243439919
P2,F1_Frobenius,anion_group,halide,15,0.12380952380952381,-0.06794431079810317
P2,F1_Frobenius,response_magnitude_quartile,Q1_low,59,0.29072829555910196,0.09897446095147497
P2,F1_Frobenius,response_magnitude_quartile,Q2,50,-0.05795918367346938,-0.24971301828109638
P2,F1_Frobenius,response_magnitude_quartile,Q3,55,0.1549343301084562,-0.03681950449917079
P2,F1_Frobenius,response_magnitude_quartile,Q4_high,43,0.25138427464008856,0.05963044003246157
P2,F1_Frobenius,rms_match_quality,best_match,69,0.20375106564364873,0.011997231036021738
P2,F1_Frobenius,rms_match_quality,mid_match,69,0.35487311534250876,0.16311928073488177
P2,F1_Frobenius,rms_match_quality,loose_match,69,0.3253037805741166,0.13354994596648959
P2,F3_Longitudinal,crystal_system,cubic,31,0.21290322580645166,-0.0022532366813345084
P2,F3_Longitudinal,crystal_system,orthorhombic,27,-0.10541310541310543,-0.3205695679008916
P2,F3_Longitudinal,crystal_system,hexagonal,91,0.14880100152324702,-0.06635546096453915
P2,F3_Longitudinal,crystal_system,trigonal,26,0.021538461538461538,-0.19361800094932463
P2,F3_Longitudinal,crystal_system,tetragonal,29,0.5318853626814073,0.3167289001936211
P2,F3_Longitudinal,anion_group,oxide,85,0.393360257284666,0.17820379479687984
P2,F3_Longitudinal,anion_group,nitride,23,0.2964426877470356,0.08128622525924942
P2,F3_Longitudinal,anion_group,sulfide,71,-0.022951480231607944,-0.23810794271939412
P2,F3_Longitudinal,anion_group,halide,15,0.20000000000000004,-0.015156462487786126
P2,F3_Longitudinal,response_magnitude_quartile,Q1_low,55,0.20250560432270678,-0.012650858165079382
P2,F3_Longitudinal,response_magnitude_quartile,Q2,55,0.16037735849056603,-0.054779103997220135
P2,F3_Longitudinal,response_magnitude_quartile,Q3,50,0.05879951490600303,-0.15635694758178315
P2,F3_Longitudinal,response_magnitude_quartile,Q4_high,47,0.028677150786308978,-0.1864793117014772
P2,F3_Longitudinal,rms_match_quality,best_match,69,0.21710390453254355,0.001947442044757386
P2,F3_Longitudinal,rms_match_quality,mid_match,69,0.35387455949363233,0.13871809700584617
P2,F3_Longitudinal,rms_match_quality,loose_match,69,0.37356076759061835,0.15840430510283218
P2,F4_KelvinOp,crystal_system,cubic,31,0.21290322580645166,0.0077341278187411655
P2,F4_KelvinOp,crystal_system,orthorhombic,27,0.08262108262108263,-0.12254801536662786
P2,F4_KelvinOp,crystal_system,hexagonal,91,0.11212898581262855,-0.09304011217508194
P2,F4_KelvinOp,crystal_system,trigonal,26,-0.14461538461538462,-0.34978448260309514
P2,F4_KelvinOp,crystal_system,tetragonal,29,0.4808881584200148,0.2757190604323043
P2,F4_KelvinOp,anion_group,oxide,85,0.436195549873958,0.23102645188624749
P2,F4_KelvinOp,anion_group,nitride,23,0.3122529644268775,0.10708386643916701
P2,F4_KelvinOp,anion_group,sulfide,71,-0.031004631190066873,-0.23617372917777738
P2,F4_KelvinOp,anion_group,halide,15,0.1619047619047619,-0.04326433608294858
P2,F4_KelvinOp,response_magnitude_quartile,Q1_low,57,0.22124726877699422,0.016078170789283724
P2,F4_KelvinOp,response_magnitude_quartile,Q2,53,0.06027596223674655,-0.14489313575096394
P2,F4_KelvinOp,response_magnitude_quartile,Q3,51,0.054923503638108974,-0.15024559434960152
P2,F4_KelvinOp,response_magnitude_quartile,Q4_high,46,0.014492753623188408,-0.19067634436452208
P2,F4_KelvinOp,rms_match_quality,best_match,69,0.1764705882352941,-0.02869850975241639
P2,F4_KelvinOp,rms_match_quality,mid_match,69,0.3710812624374791,0.16591216444976858
P2,F4_KelvinOp,rms_match_quality,loose_match,69,0.3363888373171402,0.1312197393294297
